Datetime,TMA_Pasar_Ikan
11/1/2021 0:00,160
11/1/2021 1:00,160
11/1/2021 2:00,150
11/1/2021 3:00,155
11/1/2021 4:00,150
11/1/2021 5:00,166
11/1/2021 6:00,190
11/1/2021 7:00,190
11/1/2021 8:00,198
11/1/2021 9:00,200
11/1/2021 10:00,203
11/1/2021 11:00,205
11/1/2021 12:00,203
11/1/2021 13:00,195
11/1/2021 14:00,200
11/1/2021 15:00,194
11/1/2021 16:00,195
11/1/2021 17:00,193
11/1/2021 18:00,197
11/1/2021 19:00,194
11/1/2021 20:00,190
11/1/2021 21:00,186
11/1/2021 22:00,180
11/1/2021 23:00,176
11/2/2021 0:00,176
11/2/2021 1:00,167
11/2/2021 2:00,165
11/2/2021 3:00,164
11/2/2021 4:00,165
11/2/2021 5:00,168
11/2/2021 6:00,175
11/2/2021 7:00,187
11/2/2021 8:00,200
11/2/2021 9:00,203
11/2/2021 10:00,199
11/2/2021 11:00,200
11/2/2021 12:00,190
11/2/2021 13:00,185
11/2/2021 14:00,195
11/2/2021 15:00,186
11/2/2021 16:00,175
11/2/2021 17:00,178
11/2/2021 18:00,185
11/2/2021 19:00,183
11/2/2021 20:00,180
11/2/2021 21:00,190
11/2/2021 22:00,195
11/2/2021 23:00,188
11/3/2021 0:00,190
11/3/2021 1:00,175
11/3/2021 2:00,174
11/3/2021 3:00,165
11/3/2021 4:00,171
11/3/2021 5:00,188
11/3/2021 6:00,190
11/3/2021 7:00,214
11/3/2021 8:00,215
11/3/2021 9:00,225
11/3/2021 10:00,220
11/3/2021 11:00,215
11/3/2021 12:00,210
11/3/2021 13:00,196
11/3/2021 14:00,187
11/3/2021 15:00,187
11/3/2021 16:00,178
11/3/2021 17:00,180
11/3/2021 18:00,168
11/3/2021 19:00,176
11/3/2021 20:00,179
11/3/2021 21:00,181
11/3/2021 22:00,178
11/3/2021 23:00,170
11/4/2021 0:00,172
11/4/2021 1:00,160
11/4/2021 2:00,158
11/4/2021 3:00,167
11/4/2021 4:00,175
11/4/2021 5:00,182
11/4/2021 6:00,190
11/4/2021 7:00,202
11/4/2021 8:00,225
11/4/2021 9:00,223
11/4/2021 10:00,216
11/4/2021 11:00,212
11/4/2021 12:00,195
11/4/2021 13:00,195
11/4/2021 14:00,194
11/4/2021 15:00,180
11/4/2021 16:00,175
11/4/2021 17:00,168
11/4/2021 18:00,158
11/4/2021 19:00,155
11/4/2021 20:00,170
11/4/2021 21:00,176
11/4/2021 22:00,180
11/4/2021 23:00,180
11/5/2021 0:00,178
11/5/2021 1:00,178
11/5/2021 2:00,180
11/5/2021 3:00,180
11/5/2021 4:00,182
11/5/2021 5:00,195
11/5/2021 6:00,215
11/5/2021 7:00,220
11/5/2021 8:00,235
11/5/2021 9:00,237
11/5/2021 10:00,230
11/5/2021 11:00,228
11/5/2021 12:00,225
11/5/2021 13:00,217
11/5/2021 14:00,205
11/5/2021 15:00,190
11/5/2021 16:00,175
11/5/2021 17:00,173
11/5/2021 18:00,155
11/5/2021 19:00,156
11/5/2021 20:00,160
11/5/2021 21:00,159
11/5/2021 22:00,165
11/5/2021 23:00,166
11/6/2021 0:00,167
11/6/2021 1:00,160
11/6/2021 2:00,165
11/6/2021 3:00,160
11/6/2021 4:00,165
11/6/2021 5:00,190
11/6/2021 6:00,200
11/6/2021 7:00,220
11/6/2021 8:00,227
11/6/2021 9:00,245
11/6/2021 10:00,250
11/6/2021 11:00,241
11/6/2021 12:00,240
11/6/2021 13:00,230
11/6/2021 14:00,215
11/6/2021 15:00,205
11/6/2021 16:00,190
11/6/2021 17:00,177
11/6/2021 18:00,160
11/6/2021 19:00,154
11/6/2021 20:00,145
11/6/2021 21:00,150
11/6/2021 22:00,157
11/6/2021 23:00,152
11/7/2021 0:00,152
11/7/2021 1:00,150
11/7/2021 2:00,150
11/7/2021 3:00,170
11/7/2021 4:00,183
11/7/2021 5:00,190
11/7/2021 6:00,205
11/7/2021 7:00,217
11/7/2021 8:00,230
11/7/2021 9:00,241
11/7/2021 10:00,253
11/7/2021 11:00,255
11/7/2021 12:00,255
11/7/2021 13:00,245
11/7/2021 14:00,230
11/7/2021 15:00,220
11/7/2021 16:00,200
11/7/2021 17:00,180
11/7/2021 18:00,164
11/7/2021 19:00,162
11/7/2021 20:00,160
11/7/2021 21:00,150
11/7/2021 22:00,150
11/7/2021 23:00,155
11/8/2021 0:00,158
11/8/2021 1:00,158
11/8/2021 2:00,160
11/8/2021 3:00,167
11/8/2021 4:00,166
11/8/2021 5:00,180
11/8/2021 6:00,188
11/8/2021 7:00,210
11/8/2021 8:00,212
11/8/2021 9:00,229
11/8/2021 10:00,245
11/8/2021 11:00,250
11/8/2021 12:00,250
11/8/2021 13:00,248
11/8/2021 14:00,230
11/8/2021 15:00,224
11/8/2021 16:00,205
11/8/2021 17:00,172
11/8/2021 18:00,172
11/8/2021 19:00,166
11/8/2021 20:00,145
11/8/2021 21:00,135
11/8/2021 22:00,143
11/8/2021 23:00,143
11/9/2021 0:00,140
11/9/2021 1:00,141
11/9/2021 2:00,145
11/9/2021 3:00,145
11/9/2021 4:00,159
11/9/2021 5:00,165
11/9/2021 6:00,182
11/9/2021 7:00,210
11/9/2021 8:00,210
11/9/2021 9:00,220
11/9/2021 10:00,228
11/9/2021 11:00,240
11/9/2021 12:00,248
11/9/2021 13:00,252
11/9/2021 14:00,245
11/9/2021 15:00,236
11/9/2021 16:00,230
11/9/2021 17:00,208
11/9/2021 18:00,200
11/9/2021 19:00,188
11/9/2021 20:00,170
11/9/2021 21:00,150
11/9/2021 22:00,160
11/9/2021 23:00,158
11/10/2021 0:00,150
11/10/2021 1:00,145
11/10/2021 2:00,140
11/10/2021 3:00,150
11/10/2021 4:00,160
11/10/2021 5:00,165
11/10/2021 6:00,182
11/10/2021 7:00,193
11/10/2021 8:00,204
11/10/2021 9:00,215
11/10/2021 10:00,215
11/10/2021 11:00,222
11/10/2021 12:00,228
11/10/2021 13:00,235
11/10/2021 14:00,233
11/10/2021 15:00,235
11/10/2021 16:00,230
11/10/2021 17:00,220
11/10/2021 18:00,205
11/10/2021 19:00,195
11/10/2021 20:00,185
11/10/2021 21:00,175
11/10/2021 22:00,162
11/10/2021 23:00,156
11/11/2021 0:00,150
11/11/2021 1:00,144
11/11/2021 2:00,140
11/11/2021 3:00,140
11/11/2021 4:00,140
11/11/2021 5:00,155
11/11/2021 6:00,175
11/11/2021 7:00,188
11/11/2021 8:00,196
11/11/2021 9:00,193
11/11/2021 10:00,210
11/11/2021 11:00,205
11/11/2021 12:00,210
11/11/2021 13:00,210
11/11/2021 14:00,217
11/11/2021 15:00,215
11/11/2021 16:00,215
11/11/2021 17:00,216
11/11/2021 18:00,214
11/11/2021 19:00,203
11/11/2021 20:00,190
11/11/2021 21:00,171
11/11/2021 22:00,167
11/11/2021 23:00,155
11/12/2021 0:00,147
11/12/2021 1:00,140
11/12/2021 2:00,143
11/12/2021 3:00,135
11/12/2021 4:00,140
11/12/2021 5:00,145
11/12/2021 6:00,166
11/12/2021 7:00,180
11/12/2021 8:00,194
11/12/2021 9:00,205
11/12/2021 10:00,212
11/12/2021 11:00,217
11/12/2021 12:00,210
11/12/2021 13:00,212
11/12/2021 14:00,215
11/12/2021 15:00,205
11/12/2021 16:00,209
11/12/2021 17:00,203
11/12/2021 18:00,200
11/12/2021 19:00,205
11/12/2021 20:00,200
11/12/2021 21:00,187
11/12/2021 22:00,180
11/12/2021 23:00,168
11/13/2021 0:00,185
11/13/2021 1:00,180
11/13/2021 2:00,157
11/13/2021 3:00,160
11/13/2021 4:00,165
11/13/2021 5:00,170
11/13/2021 6:00,183
11/13/2021 7:00,195
11/13/2021 8:00,204
11/13/2021 9:00,208
11/13/2021 10:00,210
11/13/2021 11:00,207
11/13/2021 12:00,205
11/13/2021 13:00,204
11/13/2021 14:00,212
11/13/2021 15:00,202
11/13/2021 16:00,204
11/13/2021 17:00,208
11/13/2021 18:00,210
11/13/2021 19:00,208
11/13/2021 20:00,206
11/13/2021 21:00,198
11/13/2021 22:00,205
11/13/2021 23:00,190
11/14/2021 0:00,172
11/14/2021 1:00,165
11/14/2021 2:00,165
11/14/2021 3:00,160
11/14/2021 4:00,160
11/14/2021 5:00,164
11/14/2021 6:00,187
11/14/2021 7:00,200
11/14/2021 8:00,210
11/14/2021 9:00,209
11/14/2021 10:00,210
11/14/2021 11:00,210
11/14/2021 12:00,210
11/14/2021 13:00,219
11/14/2021 14:00,208
11/14/2021 15:00,200
11/14/2021 16:00,195
11/14/2021 17:00,194
11/14/2021 18:00,205
11/14/2021 19:00,200
11/14/2021 20:00,196
11/14/2021 21:00,190
11/14/2021 22:00,185
11/14/2021 23:00,189
11/15/2021 0:00,176
11/15/2021 1:00,165
11/15/2021 2:00,167
11/15/2021 3:00,155
11/15/2021 4:00,165
11/15/2021 5:00,181
11/15/2021 6:00,200
11/15/2021 7:00,211
11/15/2021 8:00,216
11/15/2021 9:00,213
11/15/2021 10:00,212
11/15/2021 11:00,204
11/15/2021 12:00,200
11/15/2021 13:00,190
11/15/2021 14:00,178
11/15/2021 15:00,182
11/15/2021 16:00,180
11/15/2021 17:00,176
11/15/2021 18:00,178
11/15/2021 19:00,178
11/15/2021 20:00,178
11/15/2021 21:00,156
11/15/2021 22:00,167
11/15/2021 23:00,175
11/16/2021 0:00,175
11/16/2021 1:00,160
11/16/2021 2:00,158
11/16/2021 3:00,165
11/16/2021 4:00,170
11/16/2021 5:00,177
11/16/2021 6:00,193
11/16/2021 7:00,202
11/16/2021 8:00,210
11/16/2021 9:00,215
11/16/2021 10:00,218
11/16/2021 11:00,208
11/16/2021 12:00,205
11/16/2021 13:00,200
11/16/2021 14:00,194
11/16/2021 15:00,193
11/16/2021 16:00,187
11/16/2021 17:00,180
11/16/2021 18:00,180
11/16/2021 19:00,180
11/16/2021 20:00,175
11/16/2021 21:00,182
11/16/2021 22:00,176
11/16/2021 23:00,180
11/17/2021 0:00,180
11/17/2021 1:00,178
11/17/2021 2:00,190
11/17/2021 3:00,190
11/17/2021 4:00,195
11/17/2021 5:00,205
11/17/2021 6:00,218
11/17/2021 7:00,228
11/17/2021 8:00,236
11/17/2021 9:00,230
11/17/2021 10:00,229
11/17/2021 11:00,223
11/17/2021 12:00,210
11/17/2021 13:00,208
11/17/2021 14:00,196
11/17/2021 15:00,200
11/17/2021 16:00,187
11/17/2021 17:00,180
11/17/2021 18:00,172
11/17/2021 19:00,169
11/17/2021 20:00,169
11/17/2021 21:00,170
11/17/2021 22:00,168
11/17/2021 23:00,168
11/18/2021 0:00,187
11/18/2021 1:00,193
11/18/2021 2:00,203
11/18/2021 3:00,210
11/18/2021 4:00,233
11/18/2021 5:00,230
11/18/2021 6:00,230
11/18/2021 7:00,230
11/18/2021 8:00,216
11/18/2021 9:00,220
11/18/2021 10:00,210
11/18/2021 11:00,210
11/18/2021 12:00,190
11/18/2021 13:00,178
11/18/2021 14:00,178
11/18/2021 15:00,167
11/18/2021 16:00,165
11/18/2021 17:00,165
11/18/2021 18:00,160
11/18/2021 19:00,158
11/18/2021 20:00,160
11/18/2021 21:00,170
11/18/2021 22:00,170
11/18/2021 23:00,170
11/19/2021 0:00,175
11/19/2021 1:00,175
11/19/2021 2:00,186
11/19/2021 3:00,190
11/19/2021 4:00,190
11/19/2021 5:00,205
11/19/2021 6:00,213
11/19/2021 7:00,228
11/19/2021 8:00,228
11/19/2021 9:00,245
11/19/2021 10:00,247
11/19/2021 11:00,232
11/19/2021 12:00,228
11/19/2021 13:00,218
11/19/2021 14:00,204
11/19/2021 15:00,195
11/19/2021 16:00,185
11/19/2021 17:00,173
11/19/2021 18:00,165
11/19/2021 19:00,165
11/19/2021 20:00,152
11/19/2021 21:00,156
11/19/2021 22:00,162
11/19/2021 23:00,163
11/20/2021 0:00,165
11/20/2021 1:00,170
11/20/2021 2:00,186
11/20/2021 3:00,195
11/20/2021 4:00,207
11/20/2021 5:00,213
11/20/2021 6:00,214
11/20/2021 7:00,227
11/20/2021 8:00,232
11/20/2021 9:00,230
11/20/2021 10:00,224
11/20/2021 11:00,218
11/20/2021 12:00,210
11/20/2021 13:00,198
11/20/2021 14:00,187
11/20/2021 15:00,178
11/20/2021 16:00,158
11/20/2021 17:00,164
11/20/2021 18:00,164
11/20/2021 19:00,146
11/20/2021 20:00,145
11/20/2021 21:00,150
11/20/2021 22:00,152
11/20/2021 23:00,154
11/21/2021 0:00,160
11/21/2021 1:00,159
11/21/2021 2:00,174
11/21/2021 3:00,178
11/21/2021 4:00,200
11/21/2021 5:00,210
11/21/2021 6:00,219
11/21/2021 7:00,219
11/21/2021 8:00,220
11/21/2021 9:00,235
11/21/2021 10:00,240
11/21/2021 11:00,240
11/21/2021 12:00,240
11/21/2021 13:00,225
11/21/2021 14:00,218
11/21/2021 15:00,203
11/21/2021 16:00,190
11/21/2021 17:00,180
11/21/2021 18:00,170
11/21/2021 19:00,160
11/21/2021 20:00,154
11/21/2021 21:00,150
11/21/2021 22:00,150
11/21/2021 23:00,160
11/22/2021 0:00,150
11/22/2021 1:00,150
11/22/2021 2:00,167
11/22/2021 3:00,168
11/22/2021 4:00,183
11/22/2021 5:00,197
11/22/2021 6:00,212
11/22/2021 7:00,215
11/22/2021 8:00,230
11/22/2021 9:00,235
11/22/2021 10:00,242
11/22/2021 11:00,235
11/22/2021 12:00,233
11/22/2021 13:00,227
11/22/2021 14:00,215
11/22/2021 15:00,208
11/22/2021 16:00,195
11/22/2021 17:00,180
11/22/2021 18:00,168
11/22/2021 19:00,160
11/22/2021 20:00,150
11/22/2021 21:00,145
11/22/2021 22:00,148
11/22/2021 23:00,150
11/23/2021 0:00,150
11/23/2021 1:00,150
11/23/2021 2:00,158
11/23/2021 3:00,168
11/23/2021 4:00,172
11/23/2021 5:00,184
11/23/2021 6:00,195
11/23/2021 7:00,200
11/23/2021 8:00,210
11/23/2021 9:00,213
11/23/2021 10:00,210
11/23/2021 11:00,219
11/23/2021 12:00,218
11/23/2021 13:00,219
11/23/2021 14:00,210
11/23/2021 15:00,190
11/23/2021 16:00,175
11/23/2021 17:00,160
11/23/2021 18:00,160
11/23/2021 19:00,152
11/23/2021 20:00,145
11/23/2021 21:00,130
11/23/2021 22:00,135
11/23/2021 23:00,138
11/24/2021 0:00,145
11/24/2021 1:00,142
11/24/2021 2:00,145
11/24/2021 3:00,140
11/24/2021 4:00,160
11/24/2021 5:00,169
11/24/2021 6:00,190
11/24/2021 7:00,200
11/24/2021 8:00,210
11/24/2021 9:00,220
11/24/2021 10:00,220
11/24/2021 11:00,223
11/24/2021 12:00,230
11/24/2021 13:00,220
11/24/2021 14:00,224
11/24/2021 15:00,218
11/24/2021 16:00,209
11/24/2021 17:00,190
11/24/2021 18:00,180
11/24/2021 19:00,162
11/24/2021 20:00,155
11/24/2021 21:00,145
11/24/2021 22:00,143
11/24/2021 23:00,140
11/25/2021 0:00,140
11/25/2021 1:00,140
11/25/2021 2:00,140
11/25/2021 3:00,156
11/25/2021 4:00,165
11/25/2021 5:00,175
11/25/2021 6:00,180
11/25/2021 7:00,195
11/25/2021 8:00,212
11/25/2021 9:00,220
11/25/2021 10:00,225
11/25/2021 11:00,225
11/25/2021 12:00,228
11/25/2021 13:00,230
11/25/2021 14:00,225
11/25/2021 15:00,220
11/25/2021 16:00,210
11/25/2021 17:00,215
11/25/2021 18:00,198
11/25/2021 19:00,180
11/25/2021 20:00,172
11/25/2021 21:00,162
11/25/2021 22:00,158
11/25/2021 23:00,155
11/26/2021 0:00,150
11/26/2021 1:00,150
11/26/2021 2:00,160
11/26/2021 3:00,162
11/26/2021 4:00,178
11/26/2021 5:00,192
11/26/2021 6:00,197
11/26/2021 7:00,203
11/26/2021 8:00,210
11/26/2021 9:00,214
11/26/2021 10:00,218
11/26/2021 11:00,220
11/26/2021 12:00,220
11/26/2021 13:00,224
11/26/2021 14:00,222
11/26/2021 15:00,217
11/26/2021 16:00,220
11/26/2021 17:00,206
11/26/2021 18:00,205
11/26/2021 19:00,195
11/26/2021 20:00,180
11/26/2021 21:00,171
11/26/2021 22:00,164
11/26/2021 23:00,159
11/27/2021 0:00,150
11/27/2021 1:00,150
11/27/2021 2:00,158
11/27/2021 3:00,160
11/27/2021 4:00,165
11/27/2021 5:00,176
11/27/2021 6:00,190
11/27/2021 7:00,200
11/27/2021 8:00,200
11/27/2021 9:00,205
11/27/2021 10:00,200
11/27/2021 11:00,203
11/27/2021 12:00,205
11/27/2021 13:00,210
11/27/2021 14:00,217
11/27/2021 15:00,207
11/27/2021 16:00,210
11/27/2021 17:00,212
11/27/2021 18:00,207
11/27/2021 19:00,195
11/27/2021 20:00,198
11/27/2021 21:00,179
11/27/2021 22:00,160
11/27/2021 23:00,155
11/28/2021 0:00,150
11/28/2021 1:00,148
11/28/2021 2:00,146
11/28/2021 3:00,145
11/28/2021 4:00,150
11/28/2021 5:00,158
11/28/2021 6:00,172
11/28/2021 7:00,180
11/28/2021 8:00,190
11/28/2021 9:00,200
11/28/2021 10:00,205
11/28/2021 11:00,215
11/28/2021 12:00,215
11/28/2021 13:00,206
11/28/2021 14:00,210
11/28/2021 15:00,213
11/28/2021 16:00,210
11/28/2021 17:00,205
11/28/2021 18:00,208
11/28/2021 19:00,200
11/28/2021 20:00,190
11/28/2021 21:00,178
11/28/2021 22:00,170
11/28/2021 23:00,160
11/29/2021 0:00,152
11/29/2021 1:00,150
11/29/2021 2:00,158
11/29/2021 3:00,160
11/29/2021 4:00,165
11/29/2021 5:00,175
11/29/2021 6:00,180
11/29/2021 7:00,195
11/29/2021 8:00,195
11/29/2021 9:00,205
11/29/2021 10:00,201
11/29/2021 11:00,215
11/29/2021 12:00,200
11/29/2021 13:00,205
11/29/2021 14:00,205
11/29/2021 15:00,200
11/29/2021 16:00,200
11/29/2021 17:00,200
11/29/2021 18:00,200
11/29/2021 19:00,200
11/29/2021 20:00,195
11/29/2021 21:00,198
11/29/2021 22:00,188
11/29/2021 23:00,189
11/30/2021 0:00,174
11/30/2021 1:00,168
11/30/2021 2:00,173
11/30/2021 3:00,180
11/30/2021 4:00,190
11/30/2021 5:00,200
11/30/2021 6:00,209
11/30/2021 7:00,215
11/30/2021 8:00,215
11/30/2021 9:00,215
11/30/2021 10:00,215
11/30/2021 11:00,210
11/30/2021 12:00,205
11/30/2021 13:00,205
11/30/2021 14:00,200
11/30/2021 15:00,197
11/30/2021 16:00,190
11/30/2021 17:00,189
11/30/2021 18:00,183
11/30/2021 19:00,190
11/30/2021 20:00,190
11/30/2021 21:00,181
11/30/2021 22:00,175
11/30/2021 23:00,168
12/1/2021 0:00,167
12/1/2021 1:00,165
12/1/2021 2:00,175
12/1/2021 3:00,178
12/1/2021 4:00,195
12/1/2021 5:00,197
12/1/2021 6:00,205
12/1/2021 7:00,217
12/1/2021 8:00,218
12/1/2021 9:00,220
12/1/2021 10:00,219
12/1/2021 11:00,212
12/1/2021 12:00,203
12/1/2021 13:00,198
12/1/2021 14:00,188
12/1/2021 15:00,185
12/1/2021 16:00,171
12/1/2021 17:00,175
12/1/2021 18:00,180
12/1/2021 19:00,182
12/1/2021 20:00,175
12/1/2021 21:00,172
12/1/2021 22:00,175
12/1/2021 23:00,173
12/2/2021 0:00,178
12/2/2021 1:00,180
12/2/2021 2:00,183
12/2/2021 3:00,190
12/2/2021 4:00,203
12/2/2021 5:00,218
12/2/2021 6:00,234
12/2/2021 7:00,240
12/2/2021 8:00,240
12/2/2021 9:00,246
12/2/2021 10:00,240
12/2/2021 11:00,225
12/2/2021 12:00,225
12/2/2021 13:00,209
12/2/2021 14:00,205
12/2/2021 15:00,195
12/2/2021 16:00,187
12/2/2021 17:00,175
12/2/2021 18:00,175
12/2/2021 19:00,185
12/2/2021 20:00,172
12/2/2021 21:00,169
12/2/2021 22:00,175
12/2/2021 23:00,178
12/3/2021 0:00,180
12/3/2021 1:00,190
12/3/2021 2:00,196
12/3/2021 3:00,205
12/3/2021 4:00,200
12/3/2021 5:00,219
12/3/2021 6:00,237
12/3/2021 7:00,249
12/3/2021 8:00,250
12/3/2021 9:00,258
12/3/2021 10:00,250
12/3/2021 11:00,240
12/3/2021 12:00,228
12/3/2021 13:00,210
12/3/2021 14:00,195
12/3/2021 15:00,170
12/3/2021 16:00,160
12/3/2021 17:00,150
12/3/2021 18:00,144
12/3/2021 19:00,155
12/3/2021 20:00,167
12/3/2021 21:00,167
12/3/2021 22:00,160
12/3/2021 23:00,160
12/4/2021 0:00,160
12/4/2021 1:00,158
12/4/2021 2:00,170
12/4/2021 3:00,180
12/4/2021 4:00,194
12/4/2021 5:00,210
12/4/2021 6:00,220
12/4/2021 7:00,250
12/4/2021 8:00,262
12/4/2021 9:00,265
12/4/2021 10:00,255
12/4/2021 11:00,240
12/4/2021 12:00,230
12/4/2021 13:00,214
12/4/2021 14:00,190
12/4/2021 15:00,167
12/4/2021 16:00,157
12/4/2021 17:00,145
12/4/2021 18:00,136
12/4/2021 19:00,140
12/4/2021 20:00,145
12/4/2021 21:00,148
12/4/2021 22:00,150
12/4/2021 23:00,155
12/5/2021 0:00,156
12/5/2021 1:00,154
12/5/2021 2:00,157
12/5/2021 3:00,163
12/5/2021 4:00,165
12/5/2021 5:00,190
12/5/2021 6:00,198
12/5/2021 7:00,222
12/5/2021 8:00,230
12/5/2021 9:00,237
12/5/2021 10:00,253
12/5/2021 11:00,230
12/5/2021 12:00,210
12/5/2021 13:00,206
12/5/2021 14:00,180
12/5/2021 15:00,167
12/5/2021 16:00,145
12/5/2021 17:00,135
12/5/2021 18:00,135
12/5/2021 19:00,130
12/5/2021 20:00,135
12/5/2021 21:00,143
12/5/2021 22:00,140
12/5/2021 23:00,123
12/6/2021 0:00,123
12/6/2021 1:00,130
12/6/2021 2:00,131
12/6/2021 3:00,138
12/6/2021 4:00,149
12/6/2021 5:00,160
12/6/2021 6:00,201
12/6/2021 7:00,219
12/6/2021 8:00,230
12/6/2021 9:00,242
12/6/2021 10:00,250
12/6/2021 11:00,254
12/6/2021 12:00,240
12/6/2021 13:00,235
12/6/2021 14:00,220
12/6/2021 15:00,210
12/6/2021 16:00,182
12/6/2021 17:00,168
12/6/2021 18:00,160
12/6/2021 19:00,148
12/6/2021 20:00,146
12/6/2021 21:00,152
12/6/2021 22:00,158
12/6/2021 23:00,158
12/7/2021 0:00,155
12/7/2021 1:00,156
12/7/2021 2:00,155
12/7/2021 3:00,155
12/7/2021 4:00,156
12/7/2021 5:00,157
12/7/2021 6:00,190
12/7/2021 7:00,206
12/7/2021 8:00,220
12/7/2021 9:00,238
12/7/2021 10:00,256
12/7/2021 11:00,265
12/7/2021 12:00,265
12/7/2021 13:00,250
12/7/2021 14:00,255
12/7/2021 15:00,237
12/7/2021 16:00,222
12/7/2021 17:00,205
12/7/2021 18:00,185
12/7/2021 19:00,175
12/7/2021 20:00,152
12/7/2021 21:00,144
12/7/2021 22:00,142
12/7/2021 23:00,147
12/8/2021 0:00,145
12/8/2021 1:00,150
12/8/2021 2:00,155
12/8/2021 3:00,158
12/8/2021 4:00,161
12/8/2021 5:00,164
12/8/2021 6:00,180
12/8/2021 7:00,198
12/8/2021 8:00,207
12/8/2021 9:00,226
12/8/2021 10:00,245
12/8/2021 11:00,252
12/8/2021 12:00,260
12/8/2021 13:00,254
12/8/2021 14:00,245
12/8/2021 15:00,230
12/8/2021 16:00,220
12/8/2021 17:00,201
12/8/2021 18:00,190
12/8/2021 19:00,172
12/8/2021 20:00,161
12/8/2021 21:00,152
12/8/2021 22:00,152
12/8/2021 23:00,150
12/9/2021 0:00,156
12/9/2021 1:00,148
12/9/2021 2:00,148
12/9/2021 3:00,167
12/9/2021 4:00,173
12/9/2021 5:00,172
12/9/2021 6:00,189
12/9/2021 7:00,198
12/9/2021 8:00,203
12/9/2021 9:00,216
12/9/2021 10:00,220
12/9/2021 11:00,230
12/9/2021 12:00,233
12/9/2021 13:00,230
12/9/2021 14:00,236
12/9/2021 15:00,225
12/9/2021 16:00,218
12/9/2021 17:00,213
12/9/2021 18:00,196
12/9/2021 19:00,178
12/9/2021 20:00,165
12/9/2021 21:00,155
12/9/2021 22:00,150
12/9/2021 23:00,147
12/10/2021 0:00,146
12/10/2021 1:00,155
12/10/2021 2:00,155
12/10/2021 3:00,165
12/10/2021 4:00,170
12/10/2021 5:00,177
12/10/2021 6:00,190
12/10/2021 7:00,193
12/10/2021 8:00,206
12/10/2021 9:00,208
12/10/2021 10:00,216
12/10/2021 11:00,217
12/10/2021 12:00,218
12/10/2021 13:00,225
12/10/2021 14:00,223
12/10/2021 15:00,220
12/10/2021 16:00,215
12/10/2021 17:00,210
12/10/2021 18:00,202
12/10/2021 19:00,190
12/10/2021 20:00,183
12/10/2021 21:00,174
12/10/2021 22:00,160
12/10/2021 23:00,150
12/11/2021 0:00,142
12/11/2021 1:00,157
12/11/2021 2:00,160
12/11/2021 3:00,170
12/11/2021 4:00,169
12/11/2021 5:00,187
12/11/2021 6:00,195
12/11/2021 7:00,200
12/11/2021 8:00,200
12/11/2021 9:00,208
12/11/2021 10:00,215
12/11/2021 11:00,210
12/11/2021 12:00,205
12/11/2021 13:00,215
12/11/2021 14:00,214
12/11/2021 15:00,209
12/11/2021 16:00,212
12/11/2021 17:00,204
12/11/2021 18:00,194
12/11/2021 19:00,192
12/11/2021 20:00,180
12/11/2021 21:00,172
12/11/2021 22:00,178
12/11/2021 23:00,173
12/12/2021 0:00,164
12/12/2021 1:00,160
12/12/2021 2:00,175
12/12/2021 3:00,170
12/12/2021 4:00,175
12/12/2021 5:00,185
12/12/2021 6:00,195
12/12/2021 7:00,204
12/12/2021 8:00,202
12/12/2021 9:00,203
12/12/2021 10:00,203
12/12/2021 11:00,202
12/12/2021 12:00,195
12/12/2021 13:00,193
12/12/2021 14:00,195
12/12/2021 15:00,199
12/12/2021 16:00,188
12/12/2021 17:00,188
12/12/2021 18:00,187
12/12/2021 19:00,177
12/12/2021 20:00,171
12/12/2021 21:00,177
12/12/2021 22:00,180
12/12/2021 23:00,170
12/13/2021 0:00,174
12/13/2021 1:00,172
12/13/2021 2:00,177
12/13/2021 3:00,182
12/13/2021 4:00,188
12/13/2021 5:00,192
12/13/2021 6:00,203
12/13/2021 7:00,208
12/13/2021 8:00,215
12/13/2021 9:00,208
12/13/2021 10:00,210
12/13/2021 11:00,205
12/13/2021 12:00,202
12/13/2021 13:00,199
12/13/2021 14:00,193
12/13/2021 15:00,185
12/13/2021 16:00,183
12/13/2021 17:00,180
12/13/2021 18:00,175
12/13/2021 19:00,183
12/13/2021 20:00,167
12/13/2021 21:00,174
12/13/2021 22:00,177
12/13/2021 23:00,178
12/14/2021 0:00,178
12/14/2021 1:00,176
12/14/2021 2:00,180
12/14/2021 3:00,182
12/14/2021 4:00,190
12/14/2021 5:00,200
12/14/2021 6:00,215
12/14/2021 7:00,224
12/14/2021 8:00,204
12/14/2021 9:00,222
12/14/2021 10:00,215
12/14/2021 11:00,217
12/14/2021 12:00,205
12/14/2021 13:00,206
12/14/2021 14:00,190
12/14/2021 15:00,185
12/14/2021 16:00,175
12/14/2021 17:00,174
12/14/2021 18:00,170
12/14/2021 19:00,170
12/14/2021 20:00,168
12/14/2021 21:00,165
12/14/2021 22:00,173
12/14/2021 23:00,170
12/15/2021 0:00,170
12/15/2021 1:00,180
12/15/2021 2:00,180
12/15/2021 3:00,186
12/15/2021 4:00,190
12/15/2021 5:00,205
12/15/2021 6:00,216
12/15/2021 7:00,219
12/15/2021 8:00,220
12/15/2021 9:00,217
12/15/2021 10:00,220
12/15/2021 11:00,220
12/15/2021 12:00,205
12/15/2021 13:00,195
12/15/2021 14:00,187
12/15/2021 15:00,178
12/15/2021 16:00,170
12/15/2021 17:00,169
12/15/2021 18:00,162
12/15/2021 19:00,162
12/15/2021 20:00,166
12/15/2021 21:00,167
12/15/2021 22:00,173
12/15/2021 23:00,170
12/16/2021 0:00,175
12/16/2021 1:00,176
12/16/2021 2:00,185
12/16/2021 3:00,190
12/16/2021 4:00,188
12/16/2021 5:00,200
12/16/2021 6:00,210
12/16/2021 7:00,219
12/16/2021 8:00,225
12/16/2021 9:00,230
12/16/2021 10:00,225
12/16/2021 11:00,220
12/16/2021 12:00,205
12/16/2021 13:00,200
12/16/2021 14:00,195
12/16/2021 15:00,180
12/16/2021 16:00,165
12/16/2021 17:00,160
12/16/2021 18:00,145
12/16/2021 19:00,156
12/16/2021 20:00,147
12/16/2021 21:00,150
12/16/2021 22:00,150
12/16/2021 23:00,160
12/17/2021 0:00,168
12/17/2021 1:00,170
12/17/2021 2:00,180
12/17/2021 3:00,187
12/17/2021 4:00,192
12/17/2021 5:00,210
12/17/2021 6:00,215
12/17/2021 7:00,228
12/17/2021 8:00,230
12/17/2021 9:00,230
12/17/2021 10:00,234
12/17/2021 11:00,230
12/17/2021 12:00,225
12/17/2021 13:00,212
12/17/2021 14:00,198
12/17/2021 15:00,180
12/17/2021 16:00,174
12/17/2021 17:00,152
12/17/2021 18:00,148
12/17/2021 19:00,135
12/17/2021 20:00,150
12/17/2021 21:00,147
12/17/2021 22:00,150
12/17/2021 23:00,163
12/18/2021 0:00,164
12/18/2021 1:00,168
12/18/2021 2:00,180
12/18/2021 3:00,180
12/18/2021 4:00,194
12/18/2021 5:00,203
12/18/2021 6:00,218
12/18/2021 7:00,228
12/18/2021 8:00,228
12/18/2021 9:00,234
12/18/2021 10:00,238
12/18/2021 11:00,235
12/18/2021 12:00,230
12/18/2021 13:00,213
12/18/2021 14:00,202
12/18/2021 15:00,185
12/18/2021 16:00,178
12/18/2021 17:00,164
12/18/2021 18:00,152
12/18/2021 19:00,145
12/18/2021 20:00,147
12/18/2021 21:00,152
12/18/2021 22:00,155
12/18/2021 23:00,158
12/19/2021 0:00,165
12/19/2021 1:00,170
12/19/2021 2:00,177
12/19/2021 3:00,190
12/19/2021 4:00,197
12/19/2021 5:00,210
12/19/2021 6:00,214
12/19/2021 7:00,225
12/19/2021 8:00,232
12/19/2021 9:00,240
12/19/2021 10:00,245
12/19/2021 11:00,240
12/19/2021 12:00,238
12/19/2021 13:00,225
12/19/2021 14:00,210
12/19/2021 15:00,194
12/19/2021 16:00,180
12/19/2021 17:00,165
12/19/2021 18:00,165
12/19/2021 19:00,157
12/19/2021 20:00,148
12/19/2021 21:00,144
12/19/2021 22:00,150
12/19/2021 23:00,167
12/20/2021 0:00,173
12/20/2021 1:00,175
12/20/2021 2:00,170
12/20/2021 3:00,178
12/20/2021 4:00,180
12/20/2021 5:00,192
12/20/2021 6:00,206
12/20/2021 7:00,212
12/20/2021 8:00,228
12/20/2021 9:00,236
12/20/2021 10:00,237
12/20/2021 11:00,241
12/20/2021 12:00,236
12/20/2021 13:00,222
12/20/2021 14:00,210
12/20/2021 15:00,198
12/20/2021 16:00,177
12/20/2021 17:00,165
12/20/2021 18:00,152
12/20/2021 19:00,145
12/20/2021 20:00,143
12/20/2021 21:00,146
12/20/2021 22:00,150
12/20/2021 23:00,148
12/21/2021 0:00,155
12/21/2021 1:00,160
12/21/2021 2:00,167
12/21/2021 3:00,183
12/21/2021 4:00,190
12/21/2021 5:00,200
12/21/2021 6:00,210
12/21/2021 7:00,220
12/21/2021 8:00,220
12/21/2021 9:00,230
12/21/2021 10:00,240
12/21/2021 11:00,235
12/21/2021 12:00,225
12/21/2021 13:00,216
12/21/2021 14:00,200
12/21/2021 15:00,185
12/21/2021 16:00,177
12/21/2021 17:00,162
12/21/2021 18:00,150
12/21/2021 19:00,140
12/21/2021 20:00,148
12/21/2021 21:00,139
12/21/2021 22:00,138
12/21/2021 23:00,148
12/22/2021 0:00,150
12/22/2021 1:00,152
12/22/2021 2:00,160
12/22/2021 3:00,168
12/22/2021 4:00,180
12/22/2021 5:00,178
12/22/2021 6:00,190
12/22/2021 7:00,200
12/22/2021 8:00,208
12/22/2021 9:00,230
12/22/2021 10:00,230
12/22/2021 11:00,240
12/22/2021 12:00,235
12/22/2021 13:00,235
12/22/2021 14:00,223
12/22/2021 15:00,210
12/22/2021 16:00,205
12/22/2021 17:00,184
12/22/2021 18:00,170
12/22/2021 19:00,160
12/22/2021 20:00,165
12/22/2021 21:00,149
12/22/2021 22:00,144
12/22/2021 23:00,152
12/23/2021 0:00,155
12/23/2021 1:00,160
12/23/2021 2:00,170
12/23/2021 3:00,174
12/23/2021 4:00,182
12/23/2021 5:00,192
12/23/2021 6:00,202
12/23/2021 7:00,210
12/23/2021 8:00,220
12/23/2021 9:00,220
12/23/2021 10:00,230
12/23/2021 11:00,235
12/23/2021 12:00,242
12/23/2021 13:00,235
12/23/2021 14:00,230
12/23/2021 15:00,222
12/23/2021 16:00,190
12/23/2021 17:00,180
12/23/2021 18:00,178
12/23/2021 19:00,165
12/23/2021 20:00,152
12/23/2021 21:00,150
12/23/2021 22:00,145
12/23/2021 23:00,145
12/24/2021 0:00,144
12/24/2021 1:00,153
12/24/2021 2:00,157
12/24/2021 3:00,165
12/24/2021 4:00,180
12/24/2021 5:00,190
12/24/2021 6:00,195
12/24/2021 7:00,205
12/24/2021 8:00,200
12/24/2021 9:00,205
12/24/2021 10:00,220
12/24/2021 11:00,220
12/24/2021 12:00,220
12/24/2021 13:00,227
12/24/2021 14:00,219
12/24/2021 15:00,207
12/24/2021 16:00,206
12/24/2021 17:00,190
12/24/2021 18:00,172
12/24/2021 19:00,154
12/24/2021 20:00,145
12/24/2021 21:00,140
12/24/2021 22:00,138
12/24/2021 23:00,149
12/25/2021 0:00,150
12/25/2021 1:00,146
12/25/2021 2:00,148
12/25/2021 3:00,166
12/25/2021 4:00,169
12/25/2021 5:00,182
12/25/2021 6:00,191
12/25/2021 7:00,193
12/25/2021 8:00,202
12/25/2021 9:00,210
12/25/2021 10:00,214
12/25/2021 11:00,225
12/25/2021 12:00,215
12/25/2021 13:00,220
12/25/2021 14:00,220
12/25/2021 15:00,210
12/25/2021 16:00,200
12/25/2021 17:00,200
12/25/2021 18:00,190
12/25/2021 19:00,175
12/25/2021 20:00,165
12/25/2021 21:00,160
12/25/2021 22:00,163
12/25/2021 23:00,154
12/26/2021 0:00,154
12/26/2021 1:00,158
12/26/2021 2:00,165
12/26/2021 3:00,172
12/26/2021 4:00,182
12/26/2021 5:00,187
12/26/2021 6:00,190
12/26/2021 7:00,195
12/26/2021 8:00,200
12/26/2021 9:00,200
12/26/2021 10:00,195
12/26/2021 11:00,205
12/26/2021 12:00,202
12/26/2021 13:00,200
12/26/2021 14:00,198
12/26/2021 15:00,195
12/26/2021 16:00,190
12/26/2021 17:00,180
12/26/2021 18:00,175
12/26/2021 19:00,170
12/26/2021 20:00,160
12/26/2021 21:00,150
12/26/2021 22:00,155
12/26/2021 23:00,157
12/27/2021 0:00,160
12/27/2021 1:00,160
12/27/2021 2:00,170
12/27/2021 3:00,173
12/27/2021 4:00,170
12/27/2021 5:00,185
12/27/2021 6:00,200
12/27/2021 7:00,200
12/27/2021 8:00,195
12/27/2021 9:00,200
12/27/2021 10:00,195
12/27/2021 11:00,190
12/27/2021 12:00,195
12/27/2021 13:00,198
12/27/2021 14:00,200
12/27/2021 15:00,192
12/27/2021 16:00,190
12/27/2021 17:00,190
12/27/2021 18:00,183
12/27/2021 19:00,175
12/27/2021 20:00,167
12/27/2021 21:00,165
12/27/2021 22:00,160
12/27/2021 23:00,158
12/28/2021 0:00,155
12/28/2021 1:00,170
12/28/2021 2:00,175
12/28/2021 3:00,180
12/28/2021 4:00,183
12/28/2021 5:00,200
12/28/2021 6:00,202
12/28/2021 7:00,204
12/28/2021 8:00,210
12/28/2021 9:00,206
12/28/2021 10:00,205
12/28/2021 11:00,204
12/28/2021 12:00,197
12/28/2021 13:00,185
12/28/2021 14:00,180
12/28/2021 15:00,178
12/28/2021 16:00,178
12/28/2021 17:00,175
12/28/2021 18:00,176
12/28/2021 19:00,170
12/28/2021 20:00,174
12/28/2021 21:00,162
12/28/2021 22:00,160
12/28/2021 23:00,160
12/29/2021 0:00,166
12/29/2021 1:00,168
12/29/2021 2:00,170
12/29/2021 3:00,180
12/29/2021 4:00,188
12/29/2021 5:00,202
12/29/2021 6:00,205
12/29/2021 7:00,213
12/29/2021 8:00,208
12/29/2021 9:00,208
12/29/2021 10:00,210
12/29/2021 11:00,203
12/29/2021 12:00,200
12/29/2021 13:00,187
12/29/2021 14:00,170
12/29/2021 15:00,170
12/29/2021 16:00,169
12/29/2021 17:00,168
12/29/2021 18:00,172
12/29/2021 19:00,170
12/29/2021 20:00,165
12/29/2021 21:00,160
12/29/2021 22:00,167
12/29/2021 23:00,165
12/30/2021 0:00,175
12/30/2021 1:00,170
12/30/2021 2:00,186
12/30/2021 3:00,194
12/30/2021 4:00,205
12/30/2021 5:00,218
12/30/2021 6:00,228
12/30/2021 7:00,228
12/30/2021 8:00,234
12/30/2021 9:00,230
12/30/2021 10:00,220
12/30/2021 11:00,210
12/30/2021 12:00,203
12/30/2021 13:00,198
12/30/2021 14:00,177
12/30/2021 15:00,170
12/30/2021 16:00,157
12/30/2021 17:00,157
12/30/2021 18:00,155
12/30/2021 19:00,160
12/30/2021 20:00,160
12/30/2021 21:00,160
12/30/2021 22:00,167
12/30/2021 23:00,170
12/31/2021 0:00,175
12/31/2021 1:00,180
12/31/2021 2:00,183
12/31/2021 3:00,195
12/31/2021 4:00,210
12/31/2021 5:00,218
12/31/2021 6:00,230
12/31/2021 7:00,235
12/31/2021 8:00,235
12/31/2021 9:00,233
12/31/2021 10:00,230
12/31/2021 11:00,225
12/31/2021 12:00,215
12/31/2021 13:00,195
12/31/2021 14:00,184
12/31/2021 15:00,160
12/31/2021 16:00,150
12/31/2021 17:00,153
12/31/2021 18:00,148
12/31/2021 19:00,150
12/31/2021 20:00,150
12/31/2021 21:00,152
12/31/2021 22:00,155
12/31/2021 23:00,160
1/1/2022 0:00,168
1/1/2022 1:00,170
1/1/2022 2:00,175
1/1/2022 3:00,188
1/1/2022 4:00,200
1/1/2022 5:00,217
1/1/2022 6:00,230
1/1/2022 7:00,242
1/1/2022 8:00,245
1/1/2022 9:00,250
1/1/2022 10:00,238
1/1/2022 11:00,237
1/1/2022 12:00,210
1/1/2022 13:00,205
1/1/2022 14:00,183
1/1/2022 15:00,170
1/1/2022 16:00,150
1/1/2022 17:00,135
1/1/2022 18:00,131
1/1/2022 19:00,135
1/1/2022 20:00,130
1/1/2022 21:00,140
1/1/2022 22:00,150
1/1/2022 23:00,150
1/2/2022 0:00,158
1/2/2022 1:00,155
1/2/2022 2:00,163
1/2/2022 3:00,180
1/2/2022 4:00,190
1/2/2022 5:00,200
1/2/2022 6:00,225
1/2/2022 7:00,236
1/2/2022 8:00,244
1/2/2022 9:00,242
1/2/2022 10:00,243
1/2/2022 11:00,242
1/2/2022 12:00,230
1/2/2022 13:00,210
1/2/2022 14:00,188
1/2/2022 15:00,172
1/2/2022 16:00,155
1/2/2022 17:00,139
1/2/2022 18:00,134
1/2/2022 19:00,130
1/2/2022 20:00,126
1/2/2022 21:00,128
1/2/2022 22:00,128
1/2/2022 23:00,135
1/3/2022 0:00,140
1/3/2022 1:00,143
1/3/2022 2:00,148
1/3/2022 3:00,154
1/3/2022 4:00,165
1/3/2022 5:00,177
1/3/2022 6:00,197
1/3/2022 7:00,218
1/3/2022 8:00,240
1/3/2022 9:00,248
1/3/2022 10:00,248
1/3/2022 11:00,250
1/3/2022 12:00,245
1/3/2022 13:00,225
1/3/2022 14:00,210
1/3/2022 15:00,193
1/3/2022 16:00,168
1/3/2022 17:00,148
1/3/2022 18:00,168
1/3/2022 19:00,145
1/3/2022 20:00,133
1/3/2022 21:00,132
1/3/2022 22:00,132
1/3/2022 23:00,130
1/4/2022 0:00,142
1/4/2022 1:00,145
1/4/2022 2:00,150
1/4/2022 3:00,152
1/4/2022 4:00,165
1/4/2022 5:00,172
1/4/2022 6:00,190
1/4/2022 7:00,208
1/4/2022 8:00,225
1/4/2022 9:00,245
1/4/2022 10:00,251
1/4/2022 11:00,260
1/4/2022 12:00,250
1/4/2022 13:00,244
1/4/2022 14:00,235
1/4/2022 15:00,213
1/4/2022 16:00,194
1/4/2022 17:00,172
1/4/2022 18:00,158
1/4/2022 19:00,140
1/4/2022 20:00,130
1/4/2022 21:00,126
1/4/2022 22:00,135
1/4/2022 23:00,138
1/5/2022 0:00,143
1/5/2022 1:00,150
1/5/2022 2:00,152
1/5/2022 3:00,172
1/5/2022 4:00,175
1/5/2022 5:00,180
1/5/2022 6:00,190
1/5/2022 7:00,200
1/5/2022 8:00,215
1/5/2022 9:00,230
1/5/2022 10:00,250
1/5/2022 11:00,255
1/5/2022 12:00,257
1/5/2022 13:00,250
1/5/2022 14:00,235
1/5/2022 15:00,222
1/5/2022 16:00,207
1/5/2022 17:00,195
1/5/2022 18:00,170
1/5/2022 19:00,162
1/5/2022 20:00,150
1/5/2022 21:00,145
1/5/2022 22:00,145
1/5/2022 23:00,165
1/6/2022 0:00,160
1/6/2022 1:00,157
1/6/2022 2:00,165
1/6/2022 3:00,168
1/6/2022 4:00,172
1/6/2022 5:00,180
1/6/2022 6:00,183
1/6/2022 7:00,190
1/6/2022 8:00,210
1/6/2022 9:00,215
1/6/2022 10:00,234
1/6/2022 11:00,243
1/6/2022 12:00,252
1/6/2022 13:00,255
1/6/2022 14:00,245
1/6/2022 15:00,225
1/6/2022 16:00,210
1/6/2022 17:00,193
1/6/2022 18:00,172
1/6/2022 19:00,172
1/6/2022 20:00,150
1/6/2022 21:00,143
1/6/2022 22:00,139
1/6/2022 23:00,140
1/7/2022 0:00,148
1/7/2022 1:00,150
1/7/2022 2:00,159
1/7/2022 3:00,155
1/7/2022 4:00,162
1/7/2022 5:00,172
1/7/2022 6:00,182
1/7/2022 7:00,190
1/7/2022 8:00,190
1/7/2022 9:00,200
1/7/2022 10:00,205
1/7/2022 11:00,213
1/7/2022 12:00,218
1/7/2022 13:00,215
1/7/2022 14:00,220
1/7/2022 15:00,201
1/7/2022 16:00,195
1/7/2022 17:00,190
1/7/2022 18:00,171
1/7/2022 19:00,160
1/7/2022 20:00,148
1/7/2022 21:00,143
1/7/2022 22:00,148
1/7/2022 23:00,145
1/8/2022 0:00,150
1/8/2022 1:00,159
1/8/2022 2:00,156
1/8/2022 3:00,168
1/8/2022 4:00,173
1/8/2022 5:00,190
1/8/2022 6:00,194
1/8/2022 7:00,175
1/8/2022 8:00,198
1/8/2022 9:00,200
1/8/2022 10:00,205
1/8/2022 11:00,204
1/8/2022 12:00,206
1/8/2022 13:00,205
1/8/2022 14:00,203
1/8/2022 15:00,202
1/8/2022 16:00,190
1/8/2022 17:00,185
1/8/2022 18:00,177
1/8/2022 19:00,166
1/8/2022 20:00,160
1/8/2022 21:00,155
1/8/2022 22:00,158
1/8/2022 23:00,155
1/9/2022 0:00,158
1/9/2022 1:00,160
1/9/2022 2:00,175
1/9/2022 3:00,178
1/9/2022 4:00,182
1/9/2022 5:00,190
1/9/2022 6:00,195
1/9/2022 7:00,205
1/9/2022 8:00,200
1/9/2022 9:00,205
1/9/2022 10:00,204
1/9/2022 11:00,202
1/9/2022 12:00,195
1/9/2022 13:00,195
1/9/2022 14:00,192
1/9/2022 15:00,190
1/9/2022 16:00,180
1/9/2022 17:00,176
1/9/2022 18:00,172
1/9/2022 19:00,160
1/9/2022 20:00,150
1/9/2022 21:00,155
1/9/2022 22:00,155
1/9/2022 23:00,162
1/10/2022 0:00,153
1/10/2022 1:00,167
1/10/2022 2:00,172
1/10/2022 3:00,176
1/10/2022 4:00,187
1/10/2022 5:00,190
1/10/2022 6:00,192
1/10/2022 7:00,208
1/10/2022 8:00,205
1/10/2022 9:00,210
1/10/2022 10:00,209
1/10/2022 11:00,202
1/10/2022 12:00,193
1/10/2022 13:00,187
1/10/2022 14:00,185
1/10/2022 15:00,178
1/10/2022 16:00,170
1/10/2022 17:00,165
1/10/2022 18:00,164
1/10/2022 19:00,178
1/10/2022 20:00,158
1/10/2022 21:00,164
1/10/2022 22:00,160
1/10/2022 23:00,152
1/11/2022 0:00,158
1/11/2022 1:00,164
1/11/2022 2:00,175
1/11/2022 3:00,173
1/11/2022 4:00,180
1/11/2022 5:00,198
1/11/2022 6:00,203
1/11/2022 7:00,205
1/11/2022 8:00,206
1/11/2022 9:00,208
1/11/2022 10:00,209
1/11/2022 11:00,200
1/11/2022 12:00,192
1/11/2022 13:00,177
1/11/2022 14:00,165
1/11/2022 15:00,157
1/11/2022 16:00,152
1/11/2022 17:00,146
1/11/2022 18:00,150
1/11/2022 19:00,147
1/11/2022 20:00,168
1/11/2022 21:00,148
1/11/2022 22:00,145
1/11/2022 23:00,157
1/12/2022 0:00,150
1/12/2022 1:00,162
1/12/2022 2:00,162
1/12/2022 3:00,178
1/12/2022 4:00,180
1/12/2022 5:00,182
1/12/2022 6:00,190
1/12/2022 7:00,200
1/12/2022 8:00,205
1/12/2022 9:00,198
1/12/2022 10:00,195
1/12/2022 11:00,198
1/12/2022 12:00,195
1/12/2022 13:00,179
1/12/2022 14:00,170
1/12/2022 15:00,160
1/12/2022 16:00,150
1/12/2022 17:00,145
1/12/2022 18:00,160
1/12/2022 19:00,125
1/12/2022 20:00,132
1/12/2022 21:00,130
1/12/2022 22:00,146
1/12/2022 23:00,150
1/13/2022 0:00,158
1/13/2022 1:00,163
1/13/2022 2:00,177
1/13/2022 3:00,180
1/13/2022 4:00,190
1/13/2022 5:00,200
1/13/2022 6:00,203
1/13/2022 7:00,209
1/13/2022 8:00,210
1/13/2022 9:00,218
1/13/2022 10:00,212
1/13/2022 11:00,210
1/13/2022 12:00,193
1/13/2022 13:00,183
1/13/2022 14:00,168
1/13/2022 15:00,165
1/13/2022 16:00,155
1/13/2022 17:00,148
1/13/2022 18:00,143
1/13/2022 19:00,148
1/13/2022 20:00,150
1/13/2022 21:00,159
1/13/2022 22:00,155
1/13/2022 23:00,160
1/14/2022 0:00,169
1/14/2022 1:00,168
1/14/2022 2:00,169
1/14/2022 3:00,178
1/14/2022 4:00,179
1/14/2022 5:00,198
1/14/2022 6:00,200
1/14/2022 7:00,215
1/14/2022 8:00,218
1/14/2022 9:00,220
1/14/2022 10:00,217
1/14/2022 11:00,204
1/14/2022 12:00,190
1/14/2022 13:00,182
1/14/2022 14:00,173
1/14/2022 15:00,145
1/14/2022 16:00,140
1/14/2022 17:00,135
1/14/2022 18:00,128
1/14/2022 19:00,130
1/14/2022 20:00,130
1/14/2022 21:00,135
1/14/2022 22:00,147
1/14/2022 23:00,147
1/15/2022 0:00,145
1/15/2022 1:00,155
1/15/2022 2:00,170
1/15/2022 3:00,175
1/15/2022 4:00,172
1/15/2022 5:00,180
1/15/2022 6:00,192
1/15/2022 7:00,198
1/15/2022 8:00,206
1/15/2022 9:00,205
1/15/2022 10:00,208
1/15/2022 11:00,205
1/15/2022 12:00,193
1/15/2022 13:00,178
1/15/2022 14:00,162
1/15/2022 15:00,152
1/15/2022 16:00,138
1/15/2022 17:00,130
1/15/2022 18:00,120
1/15/2022 19:00,130
1/15/2022 20:00,135
1/15/2022 21:00,132
1/15/2022 22:00,138
1/15/2022 23:00,140
1/16/2022 0:00,148
1/16/2022 1:00,155
1/16/2022 2:00,159
1/16/2022 3:00,175
1/16/2022 4:00,182
1/16/2022 5:00,190
1/16/2022 6:00,202
1/16/2022 7:00,205
1/16/2022 8:00,212
1/16/2022 9:00,220
1/16/2022 10:00,210
1/16/2022 11:00,204
1/16/2022 12:00,205
1/16/2022 13:00,193
1/16/2022 14:00,175
1/16/2022 15:00,156
1/16/2022 16:00,150
1/16/2022 17:00,142
1/16/2022 18:00,134
1/16/2022 19:00,138
1/16/2022 20:00,138
1/16/2022 21:00,135
1/16/2022 22:00,140
1/16/2022 23:00,150
1/17/2022 0:00,154
1/17/2022 1:00,160
1/17/2022 2:00,170
1/17/2022 3:00,173
1/17/2022 4:00,178
1/17/2022 5:00,187
1/17/2022 6:00,199
1/17/2022 7:00,210
1/17/2022 8:00,212
1/17/2022 9:00,213
1/17/2022 10:00,215
1/17/2022 11:00,214
1/17/2022 12:00,204
1/17/2022 13:00,200
1/17/2022 14:00,180
1/17/2022 15:00,150
1/17/2022 16:00,144
1/17/2022 17:00,140
1/17/2022 18:00,135
1/17/2022 19:00,132
1/17/2022 20:00,138
1/17/2022 21:00,140
1/17/2022 22:00,137
1/17/2022 23:00,157
1/18/2022 0:00,145
1/18/2022 1:00,160
1/18/2022 2:00,162
1/18/2022 3:00,166
1/18/2022 4:00,170
1/18/2022 5:00,180
1/18/2022 6:00,186
1/18/2022 7:00,200
1/18/2022 8:00,210
1/18/2022 9:00,220
1/18/2022 10:00,224
1/18/2022 11:00,227
1/18/2022 12:00,213
1/18/2022 13:00,215
1/18/2022 14:00,175
1/18/2022 15:00,175
1/18/2022 16:00,162
1/18/2022 17:00,162
1/18/2022 18:00,147
1/18/2022 19:00,140
1/18/2022 20:00,140
1/18/2022 21:00,140
1/18/2022 22:00,139
1/18/2022 23:00,150
1/19/2022 0:00,150
1/19/2022 1:00,150
1/19/2022 2:00,155
1/19/2022 3:00,163
1/19/2022 4:00,168
1/19/2022 5:00,175
1/19/2022 6:00,180
1/19/2022 7:00,193
1/19/2022 8:00,205
1/19/2022 9:00,205
1/19/2022 10:00,220
1/19/2022 11:00,215
1/19/2022 12:00,215
1/19/2022 13:00,204
1/19/2022 14:00,180
1/19/2022 15:00,173
1/19/2022 16:00,160
1/19/2022 17:00,145
1/19/2022 18:00,138
1/19/2022 19:00,135
1/19/2022 20:00,134
1/19/2022 21:00,140
1/19/2022 22:00,137
1/19/2022 23:00,142
1/20/2022 0:00,148
1/20/2022 1:00,150
1/20/2022 2:00,154
1/20/2022 3:00,150
1/20/2022 4:00,164
1/20/2022 5:00,175
1/20/2022 6:00,190
1/20/2022 7:00,198
1/20/2022 8:00,200
1/20/2022 9:00,205
1/20/2022 10:00,210
1/20/2022 11:00,211
1/20/2022 12:00,210
1/20/2022 13:00,200
1/20/2022 14:00,198
1/20/2022 15:00,185
1/20/2022 16:00,170
1/20/2022 17:00,153
1/20/2022 18:00,140
1/20/2022 19:00,134
1/20/2022 20:00,124
1/20/2022 21:00,128
1/20/2022 22:00,135
1/20/2022 23:00,140
1/21/2022 0:00,148
1/21/2022 1:00,145
1/21/2022 2:00,146
1/21/2022 3:00,142
1/21/2022 4:00,150
1/21/2022 5:00,158
1/21/2022 6:00,171
1/21/2022 7:00,181
1/21/2022 8:00,194
1/21/2022 9:00,200
1/21/2022 10:00,207
1/21/2022 11:00,210
1/21/2022 12:00,212
1/21/2022 13:00,210
1/21/2022 14:00,204
1/21/2022 15:00,195
1/21/2022 16:00,184
1/21/2022 17:00,176
1/21/2022 18:00,165
1/21/2022 19:00,153
1/21/2022 20:00,153
1/21/2022 21:00,148
1/21/2022 22:00,149
1/21/2022 23:00,160
1/22/2022 0:00,165
1/22/2022 1:00,165
1/22/2022 2:00,170
1/22/2022 3:00,172
1/22/2022 4:00,178
1/22/2022 5:00,180
1/22/2022 6:00,190
1/22/2022 7:00,194
1/22/2022 8:00,198
1/22/2022 9:00,205
1/22/2022 10:00,210
1/22/2022 11:00,216
1/22/2022 12:00,215
1/22/2022 13:00,215
1/22/2022 14:00,205
1/22/2022 15:00,195
1/22/2022 16:00,182
1/22/2022 17:00,174
1/22/2022 18:00,160
1/22/2022 19:00,145
1/22/2022 20:00,146
1/22/2022 21:00,142
1/22/2022 22:00,145
1/22/2022 23:00,147
1/23/2022 0:00,150
1/23/2022 1:00,160
1/23/2022 2:00,163
1/23/2022 3:00,168
1/23/2022 4:00,170
1/23/2022 5:00,172
1/23/2022 6:00,173
1/23/2022 7:00,175
1/23/2022 8:00,190
1/23/2022 9:00,189
1/23/2022 10:00,191
1/23/2022 11:00,190
1/23/2022 12:00,195
1/23/2022 13:00,196
1/23/2022 14:00,192
1/23/2022 15:00,191
1/23/2022 16:00,182
1/23/2022 17:00,175
1/23/2022 18:00,167
1/23/2022 19:00,158
1/23/2022 20:00,155
1/23/2022 21:00,147
1/23/2022 22:00,147
1/23/2022 23:00,155
1/24/2022 0:00,168
1/24/2022 1:00,168
1/24/2022 2:00,170
1/24/2022 3:00,176
1/24/2022 4:00,173
1/24/2022 5:00,180
1/24/2022 6:00,185
1/24/2022 7:00,190
1/24/2022 8:00,195
1/24/2022 9:00,194
1/24/2022 10:00,195
1/24/2022 11:00,193
1/24/2022 12:00,195
1/24/2022 13:00,190
1/24/2022 14:00,192
1/24/2022 15:00,180
1/24/2022 16:00,180
1/24/2022 17:00,172
1/24/2022 18:00,163
1/24/2022 19:00,153
1/24/2022 20:00,148
1/24/2022 21:00,148
1/24/2022 22:00,150
1/24/2022 23:00,163
1/25/2022 0:00,150
1/25/2022 1:00,159
1/25/2022 2:00,170
1/25/2022 3:00,180
1/25/2022 4:00,180
1/25/2022 5:00,185
1/25/2022 6:00,192
1/25/2022 7:00,185
1/25/2022 8:00,200
1/25/2022 9:00,195
1/25/2022 10:00,190
1/25/2022 11:00,185
1/25/2022 12:00,180
1/25/2022 13:00,180
1/25/2022 14:00,172
1/25/2022 15:00,170
1/25/2022 16:00,168
1/25/2022 17:00,165
1/25/2022 18:00,157
1/25/2022 19:00,156
1/25/2022 20:00,150
1/25/2022 21:00,150
1/25/2022 22:00,154
1/25/2022 23:00,158
1/26/2022 0:00,160
1/26/2022 1:00,170
1/26/2022 2:00,184
1/26/2022 3:00,190
1/26/2022 4:00,200
1/26/2022 5:00,200
1/26/2022 6:00,203
1/26/2022 7:00,198
1/26/2022 8:00,203
1/26/2022 9:00,204
1/26/2022 10:00,194
1/26/2022 11:00,180
1/26/2022 12:00,170
1/26/2022 13:00,160
1/26/2022 14:00,160
1/26/2022 15:00,150
1/26/2022 16:00,150
1/26/2022 17:00,150
1/26/2022 18:00,150
1/26/2022 19:00,150
1/26/2022 20:00,143
1/26/2022 21:00,148
1/26/2022 22:00,152
1/26/2022 23:00,150
1/27/2022 0:00,160
1/27/2022 1:00,167
1/27/2022 2:00,180
1/27/2022 3:00,182
1/27/2022 4:00,182
1/27/2022 5:00,193
1/27/2022 6:00,203
1/27/2022 7:00,202
1/27/2022 8:00,204
1/27/2022 9:00,200
1/27/2022 10:00,194
1/27/2022 11:00,181
1/27/2022 12:00,167
1/27/2022 13:00,150
1/27/2022 14:00,149
1/27/2022 15:00,142
1/27/2022 16:00,145
1/27/2022 17:00,138
1/27/2022 18:00,140
1/27/2022 19:00,140
1/27/2022 20:00,138
1/27/2022 21:00,138
1/27/2022 22:00,148
1/27/2022 23:00,150
1/28/2022 0:00,160
1/28/2022 1:00,170
1/28/2022 2:00,185
1/28/2022 3:00,180
1/28/2022 4:00,195
1/28/2022 5:00,202
1/28/2022 6:00,215
1/28/2022 7:00,220
1/28/2022 8:00,220
1/28/2022 9:00,211
1/28/2022 10:00,205
1/28/2022 11:00,191
1/28/2022 12:00,175
1/28/2022 13:00,165
1/28/2022 14:00,150
1/28/2022 15:00,138
1/28/2022 16:00,138
1/28/2022 17:00,135
1/28/2022 18:00,135
1/28/2022 19:00,128
1/28/2022 20:00,132
1/28/2022 21:00,145
1/28/2022 22:00,147
1/28/2022 23:00,168
1/29/2022 0:00,168
1/29/2022 1:00,172
1/29/2022 2:00,184
1/29/2022 3:00,193
1/29/2022 4:00,200
1/29/2022 5:00,218
1/29/2022 6:00,222
1/29/2022 7:00,235
1/29/2022 8:00,230
1/29/2022 9:00,230
1/29/2022 10:00,220
1/29/2022 11:00,207
1/29/2022 12:00,195
1/29/2022 13:00,180
1/29/2022 14:00,159
1/29/2022 15:00,144
1/29/2022 16:00,134
1/29/2022 17:00,126
1/29/2022 18:00,130
1/29/2022 19:00,125
1/29/2022 20:00,135
1/29/2022 21:00,135
1/29/2022 22:00,150
1/29/2022 23:00,155
1/30/2022 0:00,164
1/30/2022 1:00,168
1/30/2022 2:00,180
1/30/2022 3:00,180
1/30/2022 4:00,195
1/30/2022 5:00,205
1/30/2022 6:00,220
1/30/2022 7:00,230
1/30/2022 8:00,242
1/30/2022 9:00,245
1/30/2022 10:00,230
1/30/2022 11:00,224
1/30/2022 12:00,213
1/30/2022 13:00,194
1/30/2022 14:00,179
1/30/2022 15:00,160
1/30/2022 16:00,145
1/30/2022 17:00,133
1/30/2022 18:00,128
1/30/2022 19:00,130
1/30/2022 20:00,124
1/30/2022 21:00,132
1/30/2022 22:00,148
1/30/2022 23:00,157
1/31/2022 0:00,160
1/31/2022 1:00,164
1/31/2022 2:00,170
1/31/2022 3:00,180
1/31/2022 4:00,198
1/31/2022 5:00,205
1/31/2022 6:00,203
1/31/2022 7:00,227
1/31/2022 8:00,225
1/31/2022 9:00,239
1/31/2022 10:00,235
1/31/2022 11:00,235
1/31/2022 12:00,220
1/31/2022 13:00,210
1/31/2022 14:00,179
1/31/2022 15:00,172
1/31/2022 16:00,150
1/31/2022 17:00,135
1/31/2022 18:00,130
1/31/2022 19:00,124
1/31/2022 20:00,120
1/31/2022 21:00,148
1/31/2022 22:00,143
1/31/2022 23:00,148
2/1/2022 0:00,158
2/1/2022 1:00,160
2/1/2022 2:00,168
2/1/2022 3:00,170
2/1/2022 4:00,175
2/1/2022 5:00,189
2/1/2022 6:00,199
2/1/2022 7:00,213
2/1/2022 8:00,223
2/1/2022 9:00,235
2/1/2022 10:00,243
2/1/2022 11:00,237
2/1/2022 12:00,226
2/1/2022 13:00,228
2/1/2022 14:00,217
2/1/2022 15:00,186
2/1/2022 16:00,163
2/1/2022 17:00,150
2/1/2022 18:00,140
2/1/2022 19:00,137
2/1/2022 20:00,137
2/1/2022 21:00,140
2/1/2022 22:00,140
2/1/2022 23:00,150
2/2/2022 0:00,155
2/2/2022 1:00,160
2/2/2022 2:00,170
2/2/2022 3:00,175
2/2/2022 4:00,178
2/2/2022 5:00,180
2/2/2022 6:00,190
2/2/2022 7:00,200
2/2/2022 8:00,218
2/2/2022 9:00,230
2/2/2022 10:00,235
2/2/2022 11:00,246
2/2/2022 12:00,238
2/2/2022 13:00,225
2/2/2022 14:00,216
2/2/2022 15:00,200
2/2/2022 16:00,185
2/2/2022 17:00,168
2/2/2022 18:00,152
2/2/2022 19:00,152
2/2/2022 20:00,140
2/2/2022 21:00,138
2/2/2022 22:00,150
2/2/2022 23:00,150
2/3/2022 0:00,155
2/3/2022 1:00,163
2/3/2022 2:00,164
2/3/2022 3:00,170
2/3/2022 4:00,172
2/3/2022 5:00,180
2/3/2022 6:00,182
2/3/2022 7:00,190
2/3/2022 8:00,207
2/3/2022 9:00,210
2/3/2022 10:00,217
2/3/2022 11:00,225
2/3/2022 12:00,233
2/3/2022 13:00,220
2/3/2022 14:00,210
2/3/2022 15:00,192
2/3/2022 16:00,180
2/3/2022 17:00,165
2/3/2022 18:00,154
2/3/2022 19:00,148
2/3/2022 20:00,140
2/3/2022 21:00,139
2/3/2022 22:00,154
2/3/2022 23:00,159
2/4/2022 0:00,167
2/4/2022 1:00,170
2/4/2022 2:00,178
2/4/2022 3:00,171
2/4/2022 4:00,182
2/4/2022 5:00,180
2/4/2022 6:00,185
2/4/2022 7:00,195
2/4/2022 8:00,200
2/4/2022 9:00,200
2/4/2022 10:00,220
2/4/2022 11:00,230
2/4/2022 12:00,220
2/4/2022 13:00,220
2/4/2022 14:00,210
2/4/2022 15:00,205
2/4/2022 16:00,187
2/4/2022 17:00,170
2/4/2022 18:00,170
2/4/2022 19:00,158
2/4/2022 20:00,145
2/4/2022 21:00,149
2/4/2022 22:00,153
2/4/2022 23:00,155
2/5/2022 0:00,170
2/5/2022 1:00,175
2/5/2022 2:00,185
2/5/2022 3:00,185
2/5/2022 4:00,185
2/5/2022 5:00,190
2/5/2022 6:00,192
2/5/2022 7:00,190
2/5/2022 8:00,202
2/5/2022 9:00,205
2/5/2022 10:00,205
2/5/2022 11:00,200
2/5/2022 12:00,215
2/5/2022 13:00,205
2/5/2022 14:00,197
2/5/2022 15:00,190
2/5/2022 16:00,178
2/5/2022 17:00,168
2/5/2022 18:00,160
2/5/2022 19:00,158
2/5/2022 20:00,150
2/5/2022 21:00,148
2/5/2022 22:00,152
2/5/2022 23:00,150
2/6/2022 0:00,170
2/6/2022 1:00,180
2/6/2022 2:00,186
2/6/2022 3:00,185
2/6/2022 4:00,192
2/6/2022 5:00,205
2/6/2022 6:00,195
2/6/2022 7:00,198
2/6/2022 8:00,202
2/6/2022 9:00,205
2/6/2022 10:00,197
2/6/2022 11:00,192
2/6/2022 12:00,194
2/6/2022 13:00,195
2/6/2022 14:00,190
2/6/2022 15:00,185
2/6/2022 16:00,182
2/6/2022 17:00,172
2/6/2022 18:00,169
2/6/2022 19:00,160
2/6/2022 20:00,168
2/6/2022 21:00,170
2/6/2022 22:00,175
2/6/2022 23:00,180
2/7/2022 0:00,170
2/7/2022 1:00,195
2/7/2022 2:00,195
2/7/2022 3:00,200
2/7/2022 4:00,210
2/7/2022 5:00,196
2/7/2022 6:00,201
2/7/2022 7:00,195
2/7/2022 8:00,195
2/7/2022 9:00,197
2/7/2022 10:00,185
2/7/2022 11:00,190
2/7/2022 12:00,190
2/7/2022 13:00,175
2/7/2022 14:00,175
2/7/2022 15:00,170
2/7/2022 16:00,163
2/7/2022 17:00,145
2/7/2022 18:00,155
2/7/2022 19:00,155
2/7/2022 20:00,148
2/7/2022 21:00,150
2/7/2022 22:00,165
2/7/2022 23:00,165
2/8/2022 0:00,160
2/8/2022 1:00,186
2/8/2022 2:00,180
2/8/2022 3:00,190
2/8/2022 4:00,190
2/8/2022 5:00,199
2/8/2022 6:00,198
2/8/2022 7:00,200
2/8/2022 8:00,202
2/8/2022 9:00,207
2/8/2022 10:00,200
2/8/2022 11:00,183
2/8/2022 12:00,180
2/8/2022 13:00,178
2/8/2022 14:00,167
2/8/2022 15:00,160
2/8/2022 16:00,150
2/8/2022 17:00,155
2/8/2022 18:00,150
2/8/2022 19:00,145
2/8/2022 20:00,155
2/8/2022 21:00,167
2/8/2022 22:00,167
2/8/2022 23:00,174
2/9/2022 0:00,185
2/9/2022 1:00,180
2/9/2022 2:00,190
2/9/2022 3:00,200
2/9/2022 4:00,205
2/9/2022 5:00,210
2/9/2022 6:00,212
2/9/2022 7:00,216
2/9/2022 8:00,218
2/9/2022 9:00,212
2/9/2022 10:00,209
2/9/2022 11:00,192
2/9/2022 12:00,171
2/9/2022 13:00,170
2/9/2022 14:00,170
2/9/2022 15:00,156
2/9/2022 16:00,175
2/9/2022 17:00,150
2/9/2022 18:00,155
2/9/2022 19:00,148
2/9/2022 20:00,159
2/9/2022 21:00,165
2/9/2022 22:00,180
2/9/2022 23:00,173
2/10/2022 0:00,172
2/10/2022 1:00,182
2/10/2022 2:00,187
2/10/2022 3:00,190
2/10/2022 4:00,190
2/10/2022 5:00,200
2/10/2022 6:00,204
2/10/2022 7:00,210
2/10/2022 8:00,200
2/10/2022 9:00,200
2/10/2022 10:00,198
2/10/2022 11:00,185
2/10/2022 12:00,171
2/10/2022 13:00,169
2/10/2022 14:00,160
2/10/2022 15:00,142
2/10/2022 16:00,145
2/10/2022 17:00,154
2/10/2022 18:00,142
2/10/2022 19:00,145
2/10/2022 20:00,150
2/10/2022 21:00,147
2/10/2022 22:00,160
2/10/2022 23:00,170
2/11/2022 0:00,177
2/11/2022 1:00,175
2/11/2022 2:00,189
2/11/2022 3:00,186
2/11/2022 4:00,196
2/11/2022 5:00,208
2/11/2022 6:00,210
2/11/2022 7:00,208
2/11/2022 8:00,214
2/11/2022 9:00,207
2/11/2022 10:00,205
2/11/2022 11:00,199
2/11/2022 12:00,182
2/11/2022 13:00,164
2/11/2022 14:00,150
2/11/2022 15:00,140
2/11/2022 16:00,135
2/11/2022 17:00,131
2/11/2022 18:00,132
2/11/2022 19:00,140
2/11/2022 20:00,148
2/11/2022 21:00,158
2/11/2022 22:00,160
2/11/2022 23:00,175
2/12/2022 0:00,195
2/12/2022 1:00,177
2/12/2022 2:00,187
2/12/2022 3:00,205
2/12/2022 4:00,202
2/12/2022 5:00,204
2/12/2022 6:00,214
2/12/2022 7:00,222
2/12/2022 8:00,225
2/12/2022 9:00,227
2/12/2022 10:00,210
2/12/2022 11:00,195
2/12/2022 12:00,190
2/12/2022 13:00,169
2/12/2022 14:00,160
2/12/2022 15:00,153
2/12/2022 16:00,140
2/12/2022 17:00,137
2/12/2022 18:00,143
2/12/2022 19:00,142
2/12/2022 20:00,155
2/12/2022 21:00,164
2/12/2022 22:00,164
2/12/2022 23:00,180
2/13/2022 0:00,185
2/13/2022 1:00,192
2/13/2022 2:00,193
2/13/2022 3:00,194
2/13/2022 4:00,212
2/13/2022 5:00,210
2/13/2022 6:00,229
2/13/2022 7:00,220
2/13/2022 8:00,224
2/13/2022 9:00,223
2/13/2022 10:00,225
2/13/2022 11:00,208
2/13/2022 12:00,195
2/13/2022 13:00,185
2/13/2022 14:00,163
2/13/2022 15:00,155
2/13/2022 16:00,145
2/13/2022 17:00,145
2/13/2022 18:00,140
2/13/2022 19:00,147
2/13/2022 20:00,155
2/13/2022 21:00,160
2/13/2022 22:00,170
2/13/2022 23:00,175
2/14/2022 0:00,180
2/14/2022 1:00,180
2/14/2022 2:00,180
2/14/2022 3:00,182
2/14/2022 4:00,190
2/14/2022 5:00,198
2/14/2022 6:00,203
2/14/2022 7:00,210
2/14/2022 8:00,225
2/14/2022 9:00,230
2/14/2022 10:00,215
2/14/2022 11:00,210
2/14/2022 12:00,205
2/14/2022 13:00,185
2/14/2022 14:00,180
2/14/2022 15:00,165
2/14/2022 16:00,150
2/14/2022 17:00,140
2/14/2022 18:00,145
2/14/2022 19:00,147
2/14/2022 20:00,146
2/14/2022 21:00,152
2/14/2022 22:00,157
2/14/2022 23:00,167
2/15/2022 0:00,170
2/15/2022 1:00,175
2/15/2022 2:00,177
2/15/2022 3:00,180
2/15/2022 4:00,195
2/15/2022 5:00,201
2/15/2022 6:00,212
2/15/2022 7:00,215
2/15/2022 8:00,225
2/15/2022 9:00,235
2/15/2022 10:00,229
2/15/2022 11:00,222
2/15/2022 12:00,220
2/15/2022 13:00,210
2/15/2022 14:00,210
2/15/2022 15:00,178
2/15/2022 16:00,168
2/15/2022 17:00,155
2/15/2022 18:00,142
2/15/2022 19:00,148
2/15/2022 20:00,150
2/15/2022 21:00,160
2/15/2022 22:00,162
2/15/2022 23:00,175
2/16/2022 0:00,182
2/16/2022 1:00,188
2/16/2022 2:00,186
2/16/2022 3:00,180
2/16/2022 4:00,190
2/16/2022 5:00,195
2/16/2022 6:00,204
2/16/2022 7:00,214
2/16/2022 8:00,218
2/16/2022 9:00,230
2/16/2022 10:00,230
2/16/2022 11:00,223
2/16/2022 12:00,220
2/16/2022 13:00,207
2/16/2022 14:00,194
2/16/2022 15:00,195
2/16/2022 16:00,175
2/16/2022 17:00,160
2/16/2022 18:00,160
2/16/2022 19:00,160
2/16/2022 20:00,155
2/16/2022 21:00,160
2/16/2022 22:00,155
2/16/2022 23:00,170
2/17/2022 0:00,175
2/17/2022 1:00,180
2/17/2022 2:00,180
2/17/2022 3:00,180
2/17/2022 4:00,185
2/17/2022 5:00,198
2/17/2022 6:00,195
2/17/2022 7:00,210
2/17/2022 8:00,225
2/17/2022 9:00,238
2/17/2022 10:00,235
2/17/2022 11:00,235
2/17/2022 12:00,226
2/17/2022 13:00,222
2/17/2022 14:00,210
2/17/2022 15:00,190
2/17/2022 16:00,180
2/17/2022 17:00,170
2/17/2022 18:00,170
2/17/2022 19:00,163
2/17/2022 20:00,160
2/17/2022 21:00,158
2/17/2022 22:00,164
2/17/2022 23:00,175
2/18/2022 0:00,174
2/18/2022 1:00,178
2/18/2022 2:00,180
2/18/2022 3:00,175
2/18/2022 4:00,190
2/18/2022 5:00,202
2/18/2022 6:00,190
2/18/2022 7:00,240
2/18/2022 8:00,208
2/18/2022 9:00,219
2/18/2022 10:00,225
2/18/2022 11:00,220
2/18/2022 12:00,225
2/18/2022 13:00,221
2/18/2022 14:00,200
2/18/2022 15:00,190
2/18/2022 16:00,170
2/18/2022 17:00,165
2/18/2022 18:00,160
2/18/2022 19:00,155
2/18/2022 20:00,150
2/18/2022 21:00,155
2/18/2022 22:00,169
2/18/2022 23:00,169
2/19/2022 0:00,178
2/19/2022 1:00,173
2/19/2022 2:00,175
2/19/2022 3:00,183
2/19/2022 4:00,175
2/19/2022 5:00,180
2/19/2022 6:00,185
2/19/2022 7:00,200
2/19/2022 8:00,190
2/19/2022 9:00,210
2/19/2022 10:00,195
2/19/2022 11:00,210
2/19/2022 12:00,210
2/19/2022 13:00,210
2/19/2022 14:00,203
2/19/2022 15:00,190
2/19/2022 16:00,180
2/19/2022 17:00,170
2/19/2022 18:00,170
2/19/2022 19:00,160
2/19/2022 20:00,160
2/19/2022 21:00,167
2/19/2022 22:00,175
2/19/2022 23:00,175
2/20/2022 0:00,182
2/20/2022 1:00,189
2/20/2022 2:00,190
2/20/2022 3:00,190
2/20/2022 4:00,186
2/20/2022 5:00,186
2/20/2022 6:00,190
2/20/2022 7:00,195
2/20/2022 8:00,204
2/20/2022 9:00,205
2/20/2022 10:00,202
2/20/2022 11:00,208
2/20/2022 12:00,201
2/20/2022 13:00,203
2/20/2022 14:00,194
2/20/2022 15:00,182
2/20/2022 16:00,178
2/20/2022 17:00,164
2/20/2022 18:00,158
2/20/2022 19:00,156
2/20/2022 20:00,163
2/20/2022 21:00,160
2/20/2022 22:00,165
2/20/2022 23:00,186
2/21/2022 0:00,180
2/21/2022 1:00,185
2/21/2022 2:00,185
2/21/2022 3:00,188
2/21/2022 4:00,188
2/21/2022 5:00,189
2/21/2022 6:00,180
2/21/2022 7:00,190
2/21/2022 8:00,189
2/21/2022 9:00,189
2/21/2022 10:00,185
2/21/2022 11:00,190
2/21/2022 12:00,197
2/21/2022 13:00,187
2/21/2022 14:00,190
2/21/2022 15:00,184
2/21/2022 16:00,180
2/21/2022 17:00,177
2/21/2022 18:00,165
2/21/2022 19:00,165
2/21/2022 20:00,160
2/21/2022 21:00,175
2/21/2022 22:00,178
2/21/2022 23:00,188
2/22/2022 0:00,202
2/22/2022 1:00,220
2/22/2022 2:00,182
2/22/2022 3:00,193
2/22/2022 4:00,200
2/22/2022 5:00,192
2/22/2022 6:00,190
2/22/2022 7:00,191
2/22/2022 8:00,187
2/22/2022 9:00,187
2/22/2022 10:00,183
2/22/2022 11:00,175
2/22/2022 12:00,175
2/22/2022 13:00,178
2/22/2022 14:00,180
2/22/2022 15:00,155
2/22/2022 16:00,161
2/22/2022 17:00,165
2/22/2022 18:00,149
2/22/2022 19:00,149
2/22/2022 20:00,170
2/22/2022 21:00,165
2/22/2022 22:00,172
2/22/2022 23:00,175
2/23/2022 0:00,190
2/23/2022 1:00,195
2/23/2022 2:00,197
2/23/2022 3:00,218
2/23/2022 4:00,204
2/23/2022 5:00,208
2/23/2022 6:00,190
2/23/2022 7:00,185
2/23/2022 8:00,170
2/23/2022 9:00,178
2/23/2022 10:00,168
2/23/2022 11:00,165
2/23/2022 12:00,168
2/23/2022 13:00,172
2/23/2022 14:00,156
2/23/2022 15:00,165
2/23/2022 16:00,160
2/23/2022 17:00,150
2/23/2022 18:00,147
2/23/2022 19:00,157
2/23/2022 20:00,164
2/23/2022 21:00,175
2/23/2022 22:00,180
2/23/2022 23:00,187
2/24/2022 0:00,189
2/24/2022 1:00,200
2/24/2022 2:00,213
2/24/2022 3:00,208
2/24/2022 4:00,205
2/24/2022 5:00,213
2/24/2022 6:00,213
2/24/2022 7:00,200
2/24/2022 8:00,188
2/24/2022 9:00,190
2/24/2022 10:00,175
2/24/2022 11:00,165
2/24/2022 12:00,160
2/24/2022 13:00,165
2/24/2022 14:00,150
2/24/2022 15:00,150
2/24/2022 16:00,151
2/24/2022 17:00,150
2/24/2022 18:00,147
2/24/2022 19:00,155
2/24/2022 20:00,161
2/24/2022 21:00,169
2/24/2022 22:00,183
2/24/2022 23:00,185
2/25/2022 0:00,190
2/25/2022 1:00,194
2/25/2022 2:00,200
2/25/2022 3:00,200
2/25/2022 4:00,208
2/25/2022 5:00,208
2/25/2022 6:00,213
2/25/2022 7:00,214
2/25/2022 8:00,204
2/25/2022 9:00,195
2/25/2022 10:00,187
2/25/2022 11:00,170
2/25/2022 12:00,160
2/25/2022 13:00,148
2/25/2022 14:00,150
2/25/2022 15:00,130
2/25/2022 16:00,133
2/25/2022 17:00,134
2/25/2022 18:00,140
2/25/2022 19:00,137
2/25/2022 20:00,150
2/25/2022 21:00,150
2/25/2022 22:00,170
2/25/2022 23:00,170
2/26/2022 0:00,180
2/26/2022 1:00,185
2/26/2022 2:00,197
2/26/2022 3:00,200
2/26/2022 4:00,210
2/26/2022 5:00,212
2/26/2022 6:00,218
2/26/2022 7:00,222
2/26/2022 8:00,215
2/26/2022 9:00,208
2/26/2022 10:00,200
2/26/2022 11:00,195
2/26/2022 12:00,170
2/26/2022 13:00,153
2/26/2022 14:00,145
2/26/2022 15:00,132
2/26/2022 16:00,130
2/26/2022 17:00,130
2/26/2022 18:00,132
2/26/2022 19:00,134
2/26/2022 20:00,150
2/26/2022 21:00,153
2/26/2022 22:00,160
2/26/2022 23:00,168
2/27/2022 0:00,174
2/27/2022 1:00,184
2/27/2022 2:00,184
2/27/2022 3:00,198
2/27/2022 4:00,208
2/27/2022 5:00,215
2/27/2022 6:00,224
2/27/2022 7:00,230
2/27/2022 8:00,232
2/27/2022 9:00,232
2/27/2022 10:00,220
2/27/2022 11:00,200
2/27/2022 12:00,190
2/27/2022 13:00,150
2/27/2022 14:00,140
2/27/2022 15:00,140
2/27/2022 16:00,122
2/27/2022 17:00,146
2/27/2022 18:00,132
2/27/2022 19:00,135
2/27/2022 20:00,158
2/27/2022 21:00,148
2/27/2022 22:00,160
2/27/2022 23:00,170
2/28/2022 0:00,170
2/28/2022 1:00,170
2/28/2022 2:00,175
2/28/2022 3:00,182
2/28/2022 4:00,190
2/28/2022 5:00,200
2/28/2022 6:00,212
2/28/2022 7:00,220
2/28/2022 8:00,220
2/28/2022 9:00,215
2/28/2022 10:00,216
2/28/2022 11:00,204
2/28/2022 12:00,190
2/28/2022 13:00,170
2/28/2022 14:00,148
2/28/2022 15:00,140
2/28/2022 16:00,132
2/28/2022 17:00,130
2/28/2022 18:00,129
2/28/2022 19:00,128
2/28/2022 20:00,140
2/28/2022 21:00,145
2/28/2022 22:00,158
2/28/2022 23:00,163
3/1/2022 0:00,168
3/1/2022 1:00,166
3/1/2022 2:00,170
3/1/2022 3:00,172
3/1/2022 4:00,180
3/1/2022 5:00,181
3/1/2022 6:00,191
3/1/2022 7:00,217
3/1/2022 8:00,214
3/1/2022 9:00,215
3/1/2022 10:00,215
3/1/2022 11:00,204
3/1/2022 12:00,200
3/1/2022 13:00,180
3/1/2022 14:00,160
3/1/2022 15:00,150
3/1/2022 16:00,132
3/1/2022 17:00,130
3/1/2022 18:00,127
3/1/2022 19:00,125
3/1/2022 20:00,132
3/1/2022 21:00,135
3/1/2022 22:00,145
3/1/2022 23:00,149
3/2/2022 0:00,152
3/2/2022 1:00,155
3/2/2022 2:00,150
3/2/2022 3:00,155
3/2/2022 4:00,160
3/2/2022 5:00,160
3/2/2022 6:00,170
3/2/2022 7:00,182
3/2/2022 8:00,202
3/2/2022 9:00,205
3/2/2022 10:00,210
3/2/2022 11:00,203
3/2/2022 12:00,196
3/2/2022 13:00,170
3/2/2022 14:00,165
3/2/2022 15:00,143
3/2/2022 16:00,130
3/2/2022 17:00,127
3/2/2022 18:00,115
3/2/2022 19:00,125
3/2/2022 20:00,130
3/2/2022 21:00,138
3/2/2022 22:00,143
3/2/2022 23:00,148
3/3/2022 0:00,148
3/3/2022 1:00,140
3/3/2022 2:00,145
3/3/2022 3:00,151
3/3/2022 4:00,148
3/3/2022 5:00,155
3/3/2022 6:00,160
3/3/2022 7:00,174
3/3/2022 8:00,185
3/3/2022 9:00,200
3/3/2022 10:00,207
3/3/2022 11:00,210
3/3/2022 12:00,205
3/3/2022 13:00,195
3/3/2022 14:00,180
3/3/2022 15:00,160
3/3/2022 16:00,150
3/3/2022 17:00,141
3/3/2022 18:00,132
3/3/2022 19:00,138
3/3/2022 20:00,140
3/3/2022 21:00,158
3/3/2022 22:00,163
3/3/2022 23:00,168
3/4/2022 0:00,168
3/4/2022 1:00,171
3/4/2022 2:00,170
3/4/2022 3:00,165
3/4/2022 4:00,160
3/4/2022 5:00,165
3/4/2022 6:00,170
3/4/2022 7:00,173
3/4/2022 8:00,188
3/4/2022 9:00,188
3/4/2022 10:00,208
3/4/2022 11:00,200
3/4/2022 12:00,195
3/4/2022 13:00,190
3/4/2022 14:00,178
3/4/2022 15:00,170
3/4/2022 16:00,160
3/4/2022 17:00,165
3/4/2022 18:00,148
3/4/2022 19:00,142
3/4/2022 20:00,149
3/4/2022 21:00,150
3/4/2022 22:00,167
3/4/2022 23:00,180
3/5/2022 0:00,180
3/5/2022 1:00,182
3/5/2022 2:00,185
3/5/2022 3:00,180
3/5/2022 4:00,175
3/5/2022 5:00,178
3/5/2022 6:00,177
3/5/2022 7:00,176
3/5/2022 8:00,190
3/5/2022 9:00,188
3/5/2022 10:00,183
3/5/2022 11:00,196
3/5/2022 12:00,194
3/5/2022 13:00,181
3/5/2022 14:00,183
3/5/2022 15:00,160
3/5/2022 16:00,158
3/5/2022 17:00,156
3/5/2022 18:00,145
3/5/2022 19:00,158
3/5/2022 20:00,160
3/5/2022 21:00,167
3/5/2022 22:00,173
3/5/2022 23:00,192
3/6/2022 0:00,186
3/6/2022 1:00,198
3/6/2022 2:00,192
3/6/2022 3:00,197
3/6/2022 4:00,182
3/6/2022 5:00,190
3/6/2022 6:00,195
3/6/2022 7:00,195
3/6/2022 8:00,180
3/6/2022 9:00,183
3/6/2022 10:00,180
3/6/2022 11:00,190
3/6/2022 12:00,188
3/6/2022 13:00,165
3/6/2022 14:00,165
3/6/2022 15:00,160
3/6/2022 16:00,166
3/6/2022 17:00,158
3/6/2022 18:00,155
3/6/2022 19:00,158
3/6/2022 20:00,160
3/6/2022 21:00,165
3/6/2022 22:00,166
3/6/2022 23:00,170
3/7/2022 0:00,180
3/7/2022 1:00,186
3/7/2022 2:00,185
3/7/2022 3:00,185
3/7/2022 4:00,190
3/7/2022 5:00,190
3/7/2022 6:00,183
3/7/2022 7:00,182
3/7/2022 8:00,142
3/7/2022 9:00,170
3/7/2022 10:00,170
3/7/2022 11:00,170
3/7/2022 12:00,172
3/7/2022 13:00,170
3/7/2022 14:00,168
3/7/2022 15:00,170
3/7/2022 16:00,163
3/7/2022 17:00,165
3/7/2022 18:00,163
3/7/2022 19:00,160
3/7/2022 20:00,160
3/7/2022 21:00,180
3/7/2022 22:00,180
3/7/2022 23:00,190
3/8/2022 0:00,190
3/8/2022 1:00,203
3/8/2022 2:00,209
3/8/2022 3:00,195
3/8/2022 4:00,195
3/8/2022 5:00,208
3/8/2022 6:00,205
3/8/2022 7:00,203
3/8/2022 8:00,191
3/8/2022 9:00,190
3/8/2022 10:00,170
3/8/2022 11:00,164
3/8/2022 12:00,160
3/8/2022 13:00,160
3/8/2022 14:00,168
3/8/2022 15:00,152
3/8/2022 16:00,159
3/8/2022 17:00,154
3/8/2022 18:00,158
3/8/2022 19:00,165
3/8/2022 20:00,173
3/8/2022 21:00,176
3/8/2022 22:00,191
3/8/2022 23:00,180
3/9/2022 0:00,190
3/9/2022 1:00,208
3/9/2022 2:00,202
3/9/2022 3:00,200
3/9/2022 4:00,210
3/9/2022 5:00,208
3/9/2022 6:00,203
3/9/2022 7:00,200
3/9/2022 8:00,185
3/9/2022 9:00,188
3/9/2022 10:00,175
3/9/2022 11:00,178
3/9/2022 12:00,170
3/9/2022 13:00,168
3/9/2022 14:00,140
3/9/2022 15:00,155
3/9/2022 16:00,160
3/9/2022 17:00,162
3/9/2022 18:00,170
3/9/2022 19:00,180
3/9/2022 20:00,181
3/9/2022 21:00,190
3/9/2022 22:00,197
3/9/2022 23:00,198
3/10/2022 0:00,200
3/10/2022 1:00,208
3/10/2022 2:00,209
3/10/2022 3:00,200
3/10/2022 4:00,215
3/10/2022 5:00,210
3/10/2022 6:00,205
3/10/2022 7:00,202
3/10/2022 8:00,200
3/10/2022 9:00,190
3/10/2022 10:00,183
3/10/2022 11:00,174
3/10/2022 12:00,158
3/10/2022 13:00,145
3/10/2022 14:00,146
3/10/2022 15:00,145
3/10/2022 16:00,150
3/10/2022 17:00,142
3/10/2022 18:00,165
3/10/2022 19:00,165
3/10/2022 20:00,173
3/10/2022 21:00,178
3/10/2022 22:00,182
3/10/2022 23:00,190
3/11/2022 0:00,190
3/11/2022 1:00,193
3/11/2022 2:00,198
3/11/2022 3:00,202
3/11/2022 4:00,200
3/11/2022 5:00,215
3/11/2022 6:00,210
3/11/2022 7:00,210
3/11/2022 8:00,207
3/11/2022 9:00,196
3/11/2022 10:00,186
3/11/2022 11:00,174
3/11/2022 12:00,170
3/11/2022 13:00,150
3/11/2022 14:00,144
3/11/2022 15:00,140
3/11/2022 16:00,140
3/11/2022 17:00,145
3/11/2022 18:00,150
3/11/2022 19:00,158
3/11/2022 20:00,172
3/11/2022 21:00,171
3/11/2022 22:00,175
3/11/2022 23:00,182
3/12/2022 0:00,190
3/12/2022 1:00,195
3/12/2022 2:00,203
3/12/2022 3:00,200
3/12/2022 4:00,202
3/12/2022 5:00,205
3/12/2022 6:00,212
3/12/2022 7:00,218
3/12/2022 8:00,200
3/12/2022 9:00,195
3/12/2022 10:00,190
3/12/2022 11:00,180
3/12/2022 12:00,170
3/12/2022 13:00,155
3/12/2022 14:00,144
3/12/2022 15:00,150
3/12/2022 16:00,137
3/12/2022 17:00,140
3/12/2022 18:00,140
3/12/2022 19:00,140
3/12/2022 20:00,165
3/12/2022 21:00,177
3/12/2022 22:00,188
3/12/2022 23:00,188
3/13/2022 0:00,190
3/13/2022 1:00,187
3/13/2022 2:00,197
3/13/2022 3:00,175
3/13/2022 4:00,187
3/13/2022 5:00,200
3/13/2022 6:00,205
3/13/2022 7:00,220
3/13/2022 8:00,210
3/13/2022 9:00,209
3/13/2022 10:00,202
3/13/2022 11:00,190
3/13/2022 12:00,175
3/13/2022 13:00,165
3/13/2022 14:00,150
3/13/2022 15:00,150
3/13/2022 16:00,140
3/13/2022 17:00,145
3/13/2022 18:00,145
3/13/2022 19:00,140
3/13/2022 20:00,171
3/13/2022 21:00,173
3/13/2022 22:00,175
3/13/2022 23:00,180
3/14/2022 0:00,180
3/14/2022 1:00,184
3/14/2022 2:00,188
3/14/2022 3:00,185
3/14/2022 4:00,195
3/14/2022 5:00,197
3/14/2022 6:00,202
3/14/2022 7:00,210
3/14/2022 8:00,210
3/14/2022 9:00,215
3/14/2022 10:00,205
3/14/2022 11:00,189
3/14/2022 12:00,186
3/14/2022 13:00,165
3/14/2022 14:00,160
3/14/2022 15:00,150
3/14/2022 16:00,148
3/14/2022 17:00,150
3/14/2022 18:00,150
3/14/2022 19:00,150
3/14/2022 20:00,165
3/14/2022 21:00,169
3/14/2022 22:00,188
3/14/2022 23:00,188
3/15/2022 0:00,184
3/15/2022 1:00,182
3/15/2022 2:00,185
3/15/2022 3:00,190
3/15/2022 4:00,195
3/15/2022 5:00,198
3/15/2022 6:00,212
3/15/2022 7:00,215
3/15/2022 8:00,215
3/15/2022 9:00,218
3/15/2022 10:00,210
3/15/2022 11:00,200
3/15/2022 12:00,195
3/15/2022 13:00,185
3/15/2022 14:00,175
3/15/2022 15:00,160
3/15/2022 16:00,143
3/15/2022 17:00,139
3/15/2022 18:00,130
3/15/2022 19:00,140
3/15/2022 20:00,150
3/15/2022 21:00,149
3/15/2022 22:00,179
3/15/2022 23:00,190
3/16/2022 0:00,185
3/16/2022 1:00,178
3/16/2022 2:00,180
3/16/2022 3:00,185
3/16/2022 4:00,193
3/16/2022 5:00,198
3/16/2022 6:00,193
3/16/2022 7:00,220
3/16/2022 8:00,219
3/16/2022 9:00,213
3/16/2022 10:00,220
3/16/2022 11:00,203
3/16/2022 12:00,195
3/16/2022 13:00,190
3/16/2022 14:00,173
3/16/2022 15:00,165
3/16/2022 16:00,150
3/16/2022 17:00,152
3/16/2022 18:00,149
3/16/2022 19:00,155
3/16/2022 20:00,156
3/16/2022 21:00,165
3/16/2022 22:00,175
3/16/2022 23:00,168
3/17/2022 0:00,180
3/17/2022 1:00,183
3/17/2022 2:00,170
3/17/2022 3:00,180
3/17/2022 4:00,182
3/17/2022 5:00,188
3/17/2022 6:00,198
3/17/2022 7:00,204
3/17/2022 8:00,210
3/17/2022 9:00,218
3/17/2022 10:00,210
3/17/2022 11:00,210
3/17/2022 12:00,201
3/17/2022 13:00,190
3/17/2022 14:00,187
3/17/2022 15:00,173
3/17/2022 16:00,170
3/17/2022 17:00,166
3/17/2022 18:00,160
3/17/2022 19:00,168
3/17/2022 20:00,160
3/17/2022 21:00,175
3/17/2022 22:00,170
3/17/2022 23:00,190
3/18/2022 0:00,188
3/18/2022 1:00,183
3/18/2022 2:00,184
3/18/2022 3:00,180
3/18/2022 4:00,187
3/18/2022 5:00,195
3/18/2022 6:00,197
3/18/2022 7:00,195
3/18/2022 8:00,207
3/18/2022 9:00,207
3/18/2022 10:00,205
3/18/2022 11:00,197
3/18/2022 12:00,195
3/18/2022 13:00,190
3/18/2022 14:00,180
3/18/2022 15:00,170
3/18/2022 16:00,169
3/18/2022 17:00,165
3/18/2022 18:00,160
3/18/2022 19:00,163
3/18/2022 20:00,167
3/18/2022 21:00,160
3/18/2022 22:00,187
3/18/2022 23:00,190
3/19/2022 0:00,190
3/19/2022 1:00,190
3/19/2022 2:00,190
3/19/2022 3:00,185
3/19/2022 4:00,188
3/19/2022 5:00,178
3/19/2022 6:00,175
3/19/2022 7:00,178
3/19/2022 8:00,183
3/19/2022 9:00,185
3/19/2022 10:00,190
3/19/2022 11:00,193
3/19/2022 12:00,185
3/19/2022 13:00,176
3/19/2022 14:00,175
3/19/2022 15:00,170
3/19/2022 16:00,162
3/19/2022 17:00,154
3/19/2022 18:00,150
3/19/2022 19:00,148
3/19/2022 20:00,160
3/19/2022 21:00,178
3/19/2022 22:00,190
3/19/2022 23:00,187
3/20/2022 0:00,187
3/20/2022 1:00,185
3/20/2022 2:00,190
3/20/2022 3:00,175
3/20/2022 4:00,176
3/20/2022 5:00,180
3/20/2022 6:00,171
3/20/2022 7:00,180
3/20/2022 8:00,185
3/20/2022 9:00,180
3/20/2022 10:00,190
3/20/2022 11:00,191
3/20/2022 12:00,190
3/20/2022 13:00,190
3/20/2022 14:00,175
3/20/2022 15:00,180
3/20/2022 16:00,175
3/20/2022 17:00,170
3/20/2022 18:00,185
3/20/2022 19:00,172
3/20/2022 20:00,177
3/20/2022 21:00,179
3/20/2022 22:00,190
3/20/2022 23:00,202
3/21/2022 0:00,195
3/21/2022 1:00,198
3/21/2022 2:00,190
3/21/2022 3:00,190
3/21/2022 4:00,185
3/21/2022 5:00,188
3/21/2022 6:00,182
3/21/2022 7:00,173
3/21/2022 8:00,180
3/21/2022 9:00,169
3/21/2022 10:00,163
3/21/2022 11:00,176
3/21/2022 12:00,180
3/21/2022 13:00,165
3/21/2022 14:00,160
3/21/2022 15:00,165
3/21/2022 16:00,155
3/21/2022 17:00,158
3/21/2022 18:00,160
3/21/2022 19:00,160
3/21/2022 20:00,170
3/21/2022 21:00,190
3/21/2022 22:00,200
3/21/2022 23:00,200
3/22/2022 0:00,215
3/22/2022 1:00,205
3/22/2022 2:00,200
3/22/2022 3:00,194
3/22/2022 4:00,194
3/22/2022 5:00,182
3/22/2022 6:00,180
3/22/2022 7:00,172
3/22/2022 8:00,173
3/22/2022 9:00,166
3/22/2022 10:00,165
3/22/2022 11:00,170
3/22/2022 12:00,168
3/22/2022 13:00,160
3/22/2022 14:00,150
3/22/2022 15:00,160
3/22/2022 16:00,150
3/22/2022 17:00,160
3/22/2022 18:00,170
3/22/2022 19:00,173
3/22/2022 20:00,180
3/22/2022 21:00,185
3/22/2022 22:00,195
3/22/2022 23:00,202
3/23/2022 0:00,204
3/23/2022 1:00,205
3/23/2022 2:00,205
3/23/2022 3:00,200
3/23/2022 4:00,202
3/23/2022 5:00,200
3/23/2022 6:00,193
3/23/2022 7:00,188
3/23/2022 8:00,173
3/23/2022 9:00,166
3/23/2022 10:00,164
3/23/2022 11:00,158
3/23/2022 12:00,152
3/23/2022 13:00,150
3/23/2022 14:00,148
3/23/2022 15:00,145
3/23/2022 16:00,150
3/23/2022 17:00,155
3/23/2022 18:00,172
3/23/2022 19:00,180
3/23/2022 20:00,194
3/23/2022 21:00,198
3/23/2022 22:00,204
3/23/2022 23:00,218
3/24/2022 0:00,224
3/24/2022 1:00,215
3/24/2022 2:00,222
3/24/2022 3:00,230
3/24/2022 4:00,215
3/24/2022 5:00,220
3/24/2022 6:00,210
3/24/2022 7:00,210
3/24/2022 8:00,190
3/24/2022 9:00,185
3/24/2022 10:00,162
3/24/2022 11:00,160
3/24/2022 12:00,154
3/24/2022 13:00,150
3/24/2022 14:00,143
3/24/2022 15:00,140
3/24/2022 16:00,140
3/24/2022 17:00,146
3/24/2022 18:00,158
3/24/2022 19:00,178
3/24/2022 20:00,182
3/24/2022 21:00,197
3/24/2022 22:00,200
3/24/2022 23:00,209
3/25/2022 0:00,215
3/25/2022 1:00,220
3/25/2022 2:00,220
3/25/2022 3:00,210
3/25/2022 4:00,210
3/25/2022 5:00,228
3/25/2022 6:00,220
3/25/2022 7:00,222
3/25/2022 8:00,200
3/25/2022 9:00,184
3/25/2022 10:00,185
3/25/2022 11:00,162
3/25/2022 12:00,160
3/25/2022 13:00,144
3/25/2022 14:00,142
3/25/2022 15:00,140
3/25/2022 16:00,140
3/25/2022 17:00,150
3/25/2022 18:00,157
3/25/2022 19:00,168
3/25/2022 20:00,178
3/25/2022 21:00,190
3/25/2022 22:00,195
3/25/2022 23:00,195
3/26/2022 0:00,205
3/26/2022 1:00,205
3/26/2022 2:00,215
3/26/2022 3:00,220
3/26/2022 4:00,222
3/26/2022 5:00,225
3/26/2022 6:00,229
3/26/2022 7:00,224
3/26/2022 8:00,212
3/26/2022 9:00,210
3/26/2022 10:00,197
3/26/2022 11:00,160
3/26/2022 12:00,173
3/26/2022 13:00,146
3/26/2022 14:00,135
3/26/2022 15:00,128
3/26/2022 16:00,120
3/26/2022 17:00,136
3/26/2022 18:00,160
3/26/2022 19:00,157
3/26/2022 20:00,165
3/26/2022 21:00,186
3/26/2022 22:00,190
3/26/2022 23:00,198
3/27/2022 0:00,204
3/27/2022 1:00,207
3/27/2022 2:00,200
3/27/2022 3:00,210
3/27/2022 4:00,216
3/27/2022 5:00,219
3/27/2022 6:00,222
3/27/2022 7:00,221
3/27/2022 8:00,220
3/27/2022 9:00,210
3/27/2022 10:00,205
3/27/2022 11:00,187
3/27/2022 12:00,170
3/27/2022 13:00,160
3/27/2022 14:00,150
3/27/2022 15:00,140
3/27/2022 16:00,140
3/27/2022 17:00,140
3/27/2022 18:00,143
3/27/2022 19:00,150
3/27/2022 20:00,150
3/27/2022 21:00,185
3/27/2022 22:00,185
3/27/2022 23:00,180
3/28/2022 0:00,186
3/28/2022 1:00,190
3/28/2022 2:00,190
3/28/2022 3:00,190
3/28/2022 4:00,192
3/28/2022 5:00,195
3/28/2022 6:00,217
3/28/2022 7:00,218
3/28/2022 8:00,225
3/28/2022 9:00,230
3/28/2022 10:00,215
3/28/2022 11:00,205
3/28/2022 12:00,186
3/28/2022 13:00,170
3/28/2022 14:00,160
3/28/2022 15:00,145
3/28/2022 16:00,138
3/28/2022 17:00,143
3/28/2022 18:00,150
3/28/2022 19:00,153
3/28/2022 20:00,175
3/28/2022 21:00,180
3/28/2022 22:00,186
3/28/2022 23:00,189
3/29/2022 0:00,190
3/29/2022 1:00,191
3/29/2022 2:00,190
3/29/2022 3:00,181
3/29/2022 4:00,208
3/29/2022 5:00,215
3/29/2022 6:00,225
3/29/2022 7:00,230
3/29/2022 8:00,225
3/29/2022 9:00,218
3/29/2022 10:00,223
3/29/2022 11:00,215
3/29/2022 12:00,202
3/29/2022 13:00,188
3/29/2022 14:00,174
3/29/2022 15:00,155
3/29/2022 16:00,145
3/29/2022 17:00,154
3/29/2022 18:00,152
3/29/2022 19:00,165
3/29/2022 20:00,175
3/29/2022 21:00,182
3/29/2022 22:00,202
3/29/2022 23:00,194
3/30/2022 0:00,196
3/30/2022 1:00,197
3/30/2022 2:00,190
3/30/2022 3:00,198
3/30/2022 4:00,192
3/30/2022 5:00,201
3/30/2022 6:00,194
3/30/2022 7:00,210
3/30/2022 8:00,220
3/30/2022 9:00,215
3/30/2022 10:00,210
3/30/2022 11:00,210
3/30/2022 12:00,204
3/30/2022 13:00,190
3/30/2022 14:00,174
3/30/2022 15:00,170
3/30/2022 16:00,168
3/30/2022 17:00,160
3/30/2022 18:00,160
3/30/2022 19:00,160
3/30/2022 20:00,183
3/30/2022 21:00,186
3/30/2022 22:00,198
3/30/2022 23:00,199
3/31/2022 0:00,198
3/31/2022 1:00,192
3/31/2022 2:00,192
3/31/2022 3:00,193
3/31/2022 4:00,183
3/31/2022 5:00,185
3/31/2022 6:00,198
3/31/2022 7:00,200
3/31/2022 8:00,200
3/31/2022 9:00,212
3/31/2022 10:00,210
3/31/2022 11:00,210
3/31/2022 12:00,205
3/31/2022 13:00,193
3/31/2022 14:00,184
3/31/2022 15:00,179
3/31/2022 16:00,170
3/31/2022 17:00,167
3/31/2022 18:00,170
3/31/2022 19:00,175
3/31/2022 20:00,187
3/31/2022 21:00,195
3/31/2022 22:00,195
3/31/2022 23:00,210
4/1/2022 0:00,205
4/1/2022 1:00,207
4/1/2022 2:00,193
4/1/2022 3:00,193
4/1/2022 4:00,180
4/1/2022 5:00,182
4/1/2022 6:00,190
4/1/2022 7:00,193
4/1/2022 8:00,200
4/1/2022 9:00,190
4/1/2022 10:00,200
4/1/2022 11:00,179
4/1/2022 12:00,190
4/1/2022 13:00,185
4/1/2022 14:00,171
4/1/2022 15:00,175
4/1/2022 16:00,170
4/1/2022 17:00,168
4/1/2022 18:00,170
4/1/2022 19:00,173
4/1/2022 20:00,190
4/1/2022 21:00,192
4/1/2022 22:00,205
4/1/2022 23:00,208
4/2/2022 0:00,210
4/2/2022 1:00,208
4/2/2022 2:00,197
4/2/2022 3:00,187
4/2/2022 4:00,192
4/2/2022 5:00,190
4/2/2022 6:00,181
4/2/2022 7:00,185
4/2/2022 8:00,188
4/2/2022 9:00,190
4/2/2022 10:00,191
4/2/2022 11:00,190
4/2/2022 12:00,188
4/2/2022 13:00,185
4/2/2022 14:00,180
4/2/2022 15:00,180
4/2/2022 16:00,175
4/2/2022 17:00,175
4/2/2022 18:00,190
4/2/2022 19:00,190
4/2/2022 20:00,190
4/2/2022 21:00,198
4/2/2022 22:00,210
4/2/2022 23:00,215
4/3/2022 0:00,207
4/3/2022 1:00,210
4/3/2022 2:00,205
4/3/2022 3:00,202
4/3/2022 4:00,192
4/3/2022 5:00,192
4/3/2022 6:00,177
4/3/2022 7:00,175
4/3/2022 8:00,175
4/3/2022 9:00,172
4/3/2022 10:00,190
4/3/2022 11:00,188
4/3/2022 12:00,180
4/3/2022 13:00,178
4/3/2022 14:00,174
4/3/2022 15:00,173
4/3/2022 16:00,170
4/3/2022 17:00,175
4/3/2022 18:00,178
4/3/2022 19:00,180
4/3/2022 20:00,184
4/3/2022 21:00,205
4/3/2022 22:00,203
4/3/2022 23:00,210
4/4/2022 0:00,210
4/4/2022 1:00,213
4/4/2022 2:00,205
4/4/2022 3:00,206
4/4/2022 4:00,191
4/4/2022 5:00,193
4/4/2022 6:00,188
4/4/2022 7:00,180
4/4/2022 8:00,173
4/4/2022 9:00,172
4/4/2022 10:00,180
4/4/2022 11:00,174
4/4/2022 12:00,180
4/4/2022 13:00,163
4/4/2022 14:00,165
4/4/2022 15:00,174
4/4/2022 16:00,177
4/4/2022 17:00,167
4/4/2022 18:00,180
4/4/2022 19:00,190
4/4/2022 20:00,193
4/4/2022 21:00,203
4/4/2022 22:00,215
4/4/2022 23:00,220
4/5/2022 0:00,225
4/5/2022 1:00,214
4/5/2022 2:00,218
4/5/2022 3:00,202
4/5/2022 4:00,195
4/5/2022 5:00,191
4/5/2022 6:00,188
4/5/2022 7:00,188
4/5/2022 8:00,175
4/5/2022 9:00,170
4/5/2022 10:00,175
4/5/2022 11:00,170
4/5/2022 12:00,168
4/5/2022 13:00,170
4/5/2022 14:00,170
4/5/2022 15:00,170
4/5/2022 16:00,180
4/5/2022 17:00,175
4/5/2022 18:00,187
4/5/2022 19:00,190
4/5/2022 20:00,200
4/5/2022 21:00,213
4/5/2022 22:00,213
4/5/2022 23:00,220
4/6/2022 0:00,225
4/6/2022 1:00,220
4/6/2022 2:00,220
4/6/2022 3:00,215
4/6/2022 4:00,200
4/6/2022 5:00,186
4/6/2022 6:00,186
4/6/2022 7:00,177
4/6/2022 8:00,170
4/6/2022 9:00,165
4/6/2022 10:00,167
4/6/2022 11:00,165
4/6/2022 12:00,164
4/6/2022 13:00,168
4/6/2022 14:00,168
4/6/2022 15:00,168
4/6/2022 16:00,162
4/6/2022 17:00,170
4/6/2022 18:00,175
4/6/2022 19:00,180
4/6/2022 20:00,193
4/6/2022 21:00,204
4/6/2022 22:00,207
4/6/2022 23:00,215
4/7/2022 0:00,215
4/7/2022 1:00,217
4/7/2022 2:00,218
4/7/2022 3:00,210
4/7/2022 4:00,210
4/7/2022 5:00,205
4/7/2022 6:00,190
4/7/2022 7:00,188
4/7/2022 8:00,184
4/7/2022 9:00,173
4/7/2022 10:00,170
4/7/2022 11:00,165
4/7/2022 12:00,168
4/7/2022 13:00,165
4/7/2022 14:00,160
4/7/2022 15:00,160
4/7/2022 16:00,170
4/7/2022 17:00,170
4/7/2022 18:00,175
4/7/2022 19:00,188
4/7/2022 20:00,198
4/7/2022 21:00,200
4/7/2022 22:00,204
4/7/2022 23:00,205
4/8/2022 0:00,198
4/8/2022 1:00,215
4/8/2022 2:00,215
4/8/2022 3:00,210
4/8/2022 4:00,207
4/8/2022 5:00,200
4/8/2022 6:00,195
4/8/2022 7:00,192
4/8/2022 8:00,170
4/8/2022 9:00,170
4/8/2022 10:00,160
4/8/2022 11:00,146
4/8/2022 12:00,148
4/8/2022 13:00,147
4/8/2022 14:00,145
4/8/2022 15:00,145
4/8/2022 16:00,145
4/8/2022 17:00,185
4/8/2022 18:00,160
4/8/2022 19:00,175
4/8/2022 20:00,180
4/8/2022 21:00,190
4/8/2022 22:00,194
4/8/2022 23:00,195
4/9/2022 0:00,203
4/9/2022 1:00,200
4/9/2022 2:00,205
4/9/2022 3:00,215
4/9/2022 4:00,202
4/9/2022 5:00,195
4/9/2022 6:00,204
4/9/2022 7:00,190
4/9/2022 8:00,194
4/9/2022 9:00,187
4/9/2022 10:00,183
4/9/2022 11:00,163
4/9/2022 12:00,168
4/9/2022 13:00,155
4/9/2022 14:00,155
4/9/2022 15:00,155
4/9/2022 16:00,162
4/9/2022 17:00,167
4/9/2022 18:00,180
4/9/2022 19:00,182
4/9/2022 20:00,195
4/9/2022 21:00,214
4/9/2022 22:00,210
4/9/2022 23:00,212
4/10/2022 0:00,198
4/10/2022 1:00,195
4/10/2022 2:00,190
4/10/2022 3:00,205
4/10/2022 4:00,213
4/10/2022 5:00,212
4/10/2022 6:00,210
4/10/2022 7:00,210
4/10/2022 8:00,207
4/10/2022 9:00,195
4/10/2022 10:00,180
4/10/2022 11:00,170
4/10/2022 12:00,150
4/10/2022 13:00,150
4/10/2022 14:00,152
4/10/2022 15:00,140
4/10/2022 16:00,148
4/10/2022 17:00,158
4/10/2022 18:00,165
4/10/2022 19:00,173
4/10/2022 20:00,183
4/10/2022 21:00,190
4/10/2022 22:00,200
4/10/2022 23:00,195
4/11/2022 0:00,192
4/11/2022 1:00,193
4/11/2022 2:00,196
4/11/2022 3:00,192
4/11/2022 4:00,200
4/11/2022 5:00,200
4/11/2022 6:00,208
4/11/2022 7:00,210
4/11/2022 8:00,205
4/11/2022 9:00,200
4/11/2022 10:00,185
4/11/2022 11:00,180
4/11/2022 12:00,165
4/11/2022 13:00,158
4/11/2022 14:00,153
4/11/2022 15:00,145
4/11/2022 16:00,147
4/11/2022 17:00,153
4/11/2022 18:00,160
4/11/2022 19:00,167
4/11/2022 20:00,177
4/11/2022 21:00,180
4/11/2022 22:00,190
4/11/2022 23:00,190
4/12/2022 0:00,192
4/12/2022 1:00,190
4/12/2022 2:00,187
4/12/2022 3:00,180
4/12/2022 4:00,190
4/12/2022 5:00,198
4/12/2022 6:00,200
4/12/2022 7:00,202
4/12/2022 8:00,212
4/12/2022 9:00,205
4/12/2022 10:00,198
4/12/2022 11:00,190
4/12/2022 12:00,180
4/12/2022 13:00,172
4/12/2022 14:00,164
4/12/2022 15:00,156
4/12/2022 16:00,153
4/12/2022 17:00,160
4/12/2022 18:00,160
4/12/2022 19:00,167
4/12/2022 20:00,180
4/12/2022 21:00,190
4/12/2022 22:00,198
4/12/2022 23:00,193
4/13/2022 0:00,195
4/13/2022 1:00,186
4/13/2022 2:00,190
4/13/2022 3:00,191
4/13/2022 4:00,198
4/13/2022 5:00,210
4/13/2022 6:00,210
4/13/2022 7:00,213
4/13/2022 8:00,213
4/13/2022 9:00,210
4/13/2022 10:00,200
4/13/2022 11:00,192
4/13/2022 12:00,178
4/13/2022 13:00,176
4/13/2022 14:00,170
4/13/2022 15:00,160
4/13/2022 16:00,149
4/13/2022 17:00,169
4/13/2022 18:00,172
4/13/2022 19:00,180
4/13/2022 20:00,190
4/13/2022 21:00,200
4/13/2022 22:00,195
4/13/2022 23:00,197
4/14/2022 0:00,192
4/14/2022 1:00,190
4/14/2022 2:00,185
4/14/2022 3:00,182
4/14/2022 4:00,183
4/14/2022 5:00,195
4/14/2022 6:00,198
4/14/2022 7:00,201
4/14/2022 8:00,200
4/14/2022 9:00,200
4/14/2022 10:00,198
4/14/2022 11:00,195
4/14/2022 12:00,185
4/14/2022 13:00,180
4/14/2022 14:00,180
4/14/2022 15:00,170
4/14/2022 16:00,168
4/14/2022 17:00,170
4/14/2022 18:00,170
4/14/2022 19:00,185
4/14/2022 20:00,186
4/14/2022 21:00,193
4/14/2022 22:00,205
4/14/2022 23:00,203
4/15/2022 0:00,195
4/15/2022 1:00,190
4/15/2022 2:00,190
4/15/2022 3:00,185
4/15/2022 4:00,190
4/15/2022 5:00,188
4/15/2022 6:00,191
4/15/2022 7:00,194
4/15/2022 8:00,204
4/15/2022 9:00,205
4/15/2022 10:00,197
4/15/2022 11:00,194
4/15/2022 12:00,190
4/15/2022 13:00,190
4/15/2022 14:00,189
4/15/2022 15:00,185
4/15/2022 16:00,178
4/15/2022 17:00,180
4/15/2022 18:00,182
4/15/2022 19:00,190
4/15/2022 20:00,196
4/15/2022 21:00,205
4/15/2022 22:00,228
4/15/2022 23:00,205
4/16/2022 0:00,205
4/16/2022 1:00,200
4/16/2022 2:00,190
4/16/2022 3:00,185
4/16/2022 4:00,184
4/16/2022 5:00,185
4/16/2022 6:00,190
4/16/2022 7:00,190
4/16/2022 8:00,190
4/16/2022 9:00,195
4/16/2022 10:00,190
4/16/2022 11:00,186
4/16/2022 12:00,184
4/16/2022 13:00,180
4/16/2022 14:00,182
4/16/2022 15:00,175
4/16/2022 16:00,180
4/16/2022 17:00,180
4/16/2022 18:00,180
4/16/2022 19:00,191
4/16/2022 20:00,203
4/16/2022 21:00,214
4/16/2022 22:00,214
4/16/2022 23:00,214
4/17/2022 0:00,208
4/17/2022 1:00,195
4/17/2022 2:00,198
4/17/2022 3:00,192
4/17/2022 4:00,190
4/17/2022 5:00,188
4/17/2022 6:00,175
4/17/2022 7:00,180
4/17/2022 8:00,175
4/17/2022 9:00,185
4/17/2022 10:00,185
4/17/2022 11:00,185
4/17/2022 12:00,188
4/17/2022 13:00,181
4/17/2022 14:00,185
4/17/2022 15:00,183
4/17/2022 16:00,188
4/17/2022 17:00,190
4/17/2022 18:00,195
4/17/2022 19:00,198
4/17/2022 20:00,210
4/17/2022 21:00,220
4/17/2022 22:00,225
4/17/2022 23:00,220
4/18/2022 0:00,225
4/18/2022 1:00,218
4/18/2022 2:00,208
4/18/2022 3:00,205
4/18/2022 4:00,198
4/18/2022 5:00,195
4/18/2022 6:00,185
4/18/2022 7:00,170
4/18/2022 8:00,170
4/18/2022 9:00,175
4/18/2022 10:00,182
4/18/2022 11:00,178
4/18/2022 12:00,178
4/18/2022 13:00,180
4/18/2022 14:00,186
4/18/2022 15:00,182
4/18/2022 16:00,185
4/18/2022 17:00,192
4/18/2022 18:00,202
4/18/2022 19:00,200
4/18/2022 20:00,205
4/18/2022 21:00,225
4/18/2022 22:00,235
4/18/2022 23:00,235
4/19/2022 0:00,235
4/19/2022 1:00,230
4/19/2022 2:00,225
4/19/2022 3:00,210
4/19/2022 4:00,208
4/19/2022 5:00,198
4/19/2022 6:00,180
4/19/2022 7:00,180
4/19/2022 8:00,172
4/19/2022 9:00,150
4/19/2022 10:00,168
4/19/2022 11:00,168
4/19/2022 12:00,165
4/19/2022 13:00,170
4/19/2022 14:00,180
4/19/2022 15:00,180
4/19/2022 16:00,182
4/19/2022 17:00,190
4/19/2022 18:00,200
4/19/2022 19:00,200
4/19/2022 20:00,214
4/19/2022 21:00,225
4/19/2022 22:00,233
4/19/2022 23:00,236
4/20/2022 0:00,236
4/20/2022 1:00,221
4/20/2022 2:00,220
4/20/2022 3:00,218
4/20/2022 4:00,203
4/20/2022 5:00,195
4/20/2022 6:00,182
4/20/2022 7:00,179
4/20/2022 8:00,160
4/20/2022 9:00,150
4/20/2022 10:00,148
4/20/2022 11:00,150
4/20/2022 12:00,144
4/20/2022 13:00,150
4/20/2022 14:00,155
4/20/2022 15:00,155
4/20/2022 16:00,167
4/20/2022 17:00,171
4/20/2022 18:00,185
4/20/2022 19:00,190
4/20/2022 20:00,210
4/20/2022 21:00,210
4/20/2022 22:00,220
4/20/2022 23:00,236
4/21/2022 0:00,245
4/21/2022 1:00,243
4/21/2022 2:00,240
4/21/2022 3:00,230
4/21/2022 4:00,210
4/21/2022 5:00,202
4/21/2022 6:00,188
4/21/2022 7:00,183
4/21/2022 8:00,170
4/21/2022 9:00,163
4/21/2022 10:00,153
4/21/2022 11:00,150
4/21/2022 12:00,145
4/21/2022 13:00,152
4/21/2022 14:00,155
4/21/2022 15:00,158
4/21/2022 16:00,170
4/21/2022 17:00,172
4/21/2022 18:00,180
4/21/2022 19:00,180
4/21/2022 20:00,213
4/21/2022 21:00,215
4/21/2022 22:00,218
4/21/2022 23:00,230
4/22/2022 0:00,233
4/22/2022 1:00,238
4/22/2022 2:00,235
4/22/2022 3:00,236
4/22/2022 4:00,228
4/22/2022 5:00,220
4/22/2022 6:00,208
4/22/2022 7:00,195
4/22/2022 8:00,183
4/22/2022 9:00,172
4/22/2022 10:00,160
4/22/2022 11:00,155
4/22/2022 12:00,152
4/22/2022 13:00,160
4/22/2022 14:00,157
4/22/2022 15:00,160
4/22/2022 16:00,169
4/22/2022 17:00,165
4/22/2022 18:00,173
4/22/2022 19:00,195
4/22/2022 20:00,208
4/22/2022 21:00,210
4/22/2022 22:00,210
4/22/2022 23:00,207
4/23/2022 0:00,220
4/23/2022 1:00,220
4/23/2022 2:00,230
4/23/2022 3:00,225
4/23/2022 4:00,228
4/23/2022 5:00,222
4/23/2022 6:00,220
4/23/2022 7:00,210
4/23/2022 8:00,205
4/23/2022 9:00,192
4/23/2022 10:00,178
4/23/2022 11:00,165
4/23/2022 12:00,160
4/23/2022 13:00,155
4/23/2022 14:00,140
4/23/2022 15:00,140
4/23/2022 16:00,160
4/23/2022 17:00,166
4/23/2022 18:00,175
4/23/2022 19:00,185
4/23/2022 20:00,200
4/23/2022 21:00,205
4/23/2022 22:00,208
4/23/2022 23:00,210
4/24/2022 0:00,210
4/24/2022 1:00,220
4/24/2022 2:00,211
4/24/2022 3:00,215
4/24/2022 4:00,225
4/24/2022 5:00,228
4/24/2022 6:00,220
4/24/2022 7:00,214
4/24/2022 8:00,210
4/24/2022 9:00,212
4/24/2022 10:00,190
4/24/2022 11:00,170
4/24/2022 12:00,160
4/24/2022 13:00,157
4/24/2022 14:00,154
4/24/2022 15:00,135
4/24/2022 16:00,150
4/24/2022 17:00,158
4/24/2022 18:00,172
4/24/2022 19:00,187
4/24/2022 20:00,195
4/24/2022 21:00,200
4/24/2022 22:00,205
4/24/2022 23:00,201
4/25/2022 0:00,195
4/25/2022 1:00,203
4/25/2022 2:00,200
4/25/2022 3:00,202
4/25/2022 4:00,204
4/25/2022 5:00,210
4/25/2022 6:00,212
4/25/2022 7:00,212
4/25/2022 8:00,210
4/25/2022 9:00,208
4/25/2022 10:00,198
4/25/2022 11:00,185
4/25/2022 12:00,178
4/25/2022 13:00,160
4/25/2022 14:00,155
4/25/2022 15:00,150
4/25/2022 16:00,152
4/25/2022 17:00,154
4/25/2022 18:00,173
4/25/2022 19:00,180
4/25/2022 20:00,195
4/25/2022 21:00,200
4/25/2022 22:00,205
4/25/2022 23:00,206
4/26/2022 0:00,207
4/26/2022 1:00,200
4/26/2022 2:00,201
4/26/2022 3:00,200
4/26/2022 4:00,200
4/26/2022 5:00,203
4/26/2022 6:00,220
4/26/2022 7:00,230
4/26/2022 8:00,215
4/26/2022 9:00,200
4/26/2022 10:00,193
4/26/2022 11:00,198
4/26/2022 12:00,183
4/26/2022 13:00,168
4/26/2022 14:00,165
4/26/2022 15:00,153
4/26/2022 16:00,156
4/26/2022 17:00,168
4/26/2022 18:00,175
4/26/2022 19:00,190
4/26/2022 20:00,190
4/26/2022 21:00,205
4/26/2022 22:00,203
4/26/2022 23:00,200
4/27/2022 0:00,200
4/27/2022 1:00,188
4/27/2022 2:00,187
4/27/2022 3:00,190
4/27/2022 4:00,192
4/27/2022 5:00,188
4/27/2022 6:00,185
4/27/2022 7:00,195
4/27/2022 8:00,198
4/27/2022 9:00,198
4/27/2022 10:00,190
4/27/2022 11:00,193
4/27/2022 12:00,189
4/27/2022 13:00,180
4/27/2022 14:00,175
4/27/2022 15:00,165
4/27/2022 16:00,165
4/27/2022 17:00,180
4/27/2022 18:00,185
4/27/2022 19:00,190
4/27/2022 20:00,200
4/27/2022 21:00,190
4/27/2022 22:00,196
4/27/2022 23:00,210
4/28/2022 0:00,200
4/28/2022 1:00,188
4/28/2022 2:00,187
4/28/2022 3:00,190
4/28/2022 4:00,192
4/28/2022 5:00,188
4/28/2022 6:00,185
4/28/2022 7:00,195
4/28/2022 8:00,198
4/28/2022 9:00,198
4/28/2022 10:00,190
4/28/2022 11:00,193
4/28/2022 12:00,189
4/28/2022 13:00,180
4/28/2022 14:00,175
4/28/2022 15:00,165
4/28/2022 16:00,165
4/28/2022 17:00,180
4/28/2022 18:00,185
4/28/2022 19:00,190
4/28/2022 20:00,200
4/28/2022 21:00,190
4/28/2022 22:00,196
4/28/2022 23:00,210
4/29/2022 0:00,194
4/29/2022 1:00,188
4/29/2022 2:00,180
4/29/2022 3:00,180
4/29/2022 4:00,175
4/29/2022 5:00,160
4/29/2022 6:00,180
4/29/2022 7:00,173
4/29/2022 8:00,165
4/29/2022 9:00,170
4/29/2022 10:00,172
4/29/2022 11:00,172
4/29/2022 12:00,170
4/29/2022 13:00,172
4/29/2022 14:00,178
4/29/2022 15:00,178
4/29/2022 16:00,178
4/29/2022 17:00,180
4/29/2022 18:00,180
4/29/2022 19:00,187
4/29/2022 20:00,198
4/29/2022 21:00,205
4/29/2022 22:00,200
4/29/2022 23:00,210
4/30/2022 0:00,210
4/30/2022 1:00,198
4/30/2022 2:00,198
4/30/2022 3:00,190
4/30/2022 4:00,195
4/30/2022 5:00,180
4/30/2022 6:00,166
4/30/2022 7:00,163
4/30/2022 8:00,168
4/30/2022 9:00,170
4/30/2022 10:00,173
4/30/2022 11:00,175
4/30/2022 12:00,174
4/30/2022 13:00,168
4/30/2022 14:00,170
4/30/2022 15:00,180
4/30/2022 16:00,185
4/30/2022 17:00,190
4/30/2022 18:00,200
4/30/2022 19:00,204
4/30/2022 20:00,208
4/30/2022 21:00,215
4/30/2022 22:00,223
4/30/2022 23:00,220
5/1/2022 0:00,215
5/1/2022 1:00,205
5/1/2022 2:00,205
5/1/2022 3:00,197
5/1/2022 4:00,190
5/1/2022 5:00,170
5/1/2022 6:00,172
5/1/2022 7:00,160
5/1/2022 8:00,157
5/1/2022 9:00,160
5/1/2022 10:00,169
5/1/2022 11:00,164
5/1/2022 12:00,160
5/1/2022 13:00,165
5/1/2022 14:00,175
5/1/2022 15:00,180
5/1/2022 16:00,197
5/1/2022 17:00,205
5/1/2022 18:00,210
5/1/2022 19:00,213
5/1/2022 20:00,215
5/1/2022 21:00,222
5/1/2022 22:00,225
5/1/2022 23:00,227
5/2/2022 0:00,220
5/2/2022 1:00,204
5/2/2022 2:00,197
5/2/2022 3:00,192
5/2/2022 4:00,190
5/2/2022 5:00,190
5/2/2022 6:00,175
5/2/2022 7:00,175
5/2/2022 8:00,170
5/2/2022 9:00,170
5/2/2022 10:00,170
5/2/2022 11:00,173
5/2/2022 12:00,180
5/2/2022 13:00,180
5/2/2022 14:00,185
5/2/2022 15:00,190
5/2/2022 16:00,195
5/2/2022 17:00,205
5/2/2022 18:00,215
5/2/2022 19:00,223
5/2/2022 20:00,227
5/2/2022 21:00,230
5/2/2022 22:00,232
5/2/2022 23:00,225
5/3/2022 0:00,228
5/3/2022 1:00,220
5/3/2022 2:00,212
5/3/2022 3:00,210
5/3/2022 4:00,200
5/3/2022 5:00,190
5/3/2022 6:00,190
5/3/2022 7:00,180
5/3/2022 8:00,167
5/3/2022 9:00,165
5/3/2022 10:00,180
5/3/2022 11:00,173
5/3/2022 12:00,190
5/3/2022 13:00,185
5/3/2022 14:00,190
5/3/2022 15:00,187
5/3/2022 16:00,197
5/3/2022 17:00,197
5/3/2022 18:00,224
5/3/2022 19:00,225
5/3/2022 20:00,228
5/3/2022 21:00,230
5/3/2022 22:00,232
5/3/2022 23:00,238
5/4/2022 0:00,230
5/4/2022 1:00,227
5/4/2022 2:00,228
5/4/2022 3:00,225
5/4/2022 4:00,215
5/4/2022 5:00,210
5/4/2022 6:00,210
5/4/2022 7:00,196
5/4/2022 8:00,180
5/4/2022 9:00,162
5/4/2022 10:00,184
5/4/2022 11:00,178
5/4/2022 12:00,178
5/4/2022 13:00,180
5/4/2022 14:00,190
5/4/2022 15:00,200
5/4/2022 16:00,208
5/4/2022 17:00,215
5/4/2022 18:00,220
5/4/2022 19:00,210
5/4/2022 20:00,220
5/4/2022 21:00,218
5/4/2022 22:00,230
5/4/2022 23:00,234
5/5/2022 0:00,230
5/5/2022 1:00,227
5/5/2022 2:00,228
5/5/2022 3:00,225
5/5/2022 4:00,215
5/5/2022 5:00,210
5/5/2022 6:00,210
5/5/2022 7:00,196
5/5/2022 8:00,180
5/5/2022 9:00,162
5/5/2022 10:00,184
5/5/2022 11:00,178
5/5/2022 12:00,178
5/5/2022 13:00,180
5/5/2022 14:00,190
5/5/2022 15:00,200
5/5/2022 16:00,208
5/5/2022 17:00,215
5/5/2022 18:00,220
5/5/2022 19:00,210
5/5/2022 20:00,220
5/5/2022 21:00,218
5/5/2022 22:00,230
5/5/2022 23:00,234
5/6/2022 0:00,230
5/6/2022 1:00,225
5/6/2022 2:00,226
5/6/2022 3:00,220
5/6/2022 4:00,215
5/6/2022 5:00,210
5/6/2022 6:00,200
5/6/2022 7:00,190
5/6/2022 8:00,182
5/6/2022 9:00,173
5/6/2022 10:00,170
5/6/2022 11:00,168
5/6/2022 12:00,170
5/6/2022 13:00,170
5/6/2022 14:00,175
5/6/2022 15:00,172
5/6/2022 16:00,195
5/6/2022 17:00,200
5/6/2022 18:00,205
5/6/2022 19:00,213
5/6/2022 20:00,210
5/6/2022 21:00,225
5/6/2022 22:00,228
5/6/2022 23:00,230
5/7/2022 0:00,233
5/7/2022 1:00,231
5/7/2022 2:00,222
5/7/2022 3:00,220
5/7/2022 4:00,215
5/7/2022 5:00,205
5/7/2022 6:00,195
5/7/2022 7:00,195
5/7/2022 8:00,188
5/7/2022 9:00,173
5/7/2022 10:00,171
5/7/2022 11:00,167
5/7/2022 12:00,165
5/7/2022 13:00,165
5/7/2022 14:00,168
5/7/2022 15:00,175
5/7/2022 16:00,175
5/7/2022 17:00,185
5/7/2022 18:00,195
5/7/2022 19:00,200
5/7/2022 20:00,208
5/7/2022 21:00,208
5/7/2022 22:00,215
5/7/2022 23:00,215
5/8/2022 0:00,220
5/8/2022 1:00,220
5/8/2022 2:00,220
5/8/2022 3:00,210
5/8/2022 4:00,215
5/8/2022 5:00,207
5/8/2022 6:00,205
5/8/2022 7:00,198
5/8/2022 8:00,190
5/8/2022 9:00,180
5/8/2022 10:00,170
5/8/2022 11:00,160
5/8/2022 12:00,158
5/8/2022 13:00,164
5/8/2022 14:00,160
5/8/2022 15:00,160
5/8/2022 16:00,170
5/8/2022 17:00,180
5/8/2022 18:00,195
5/8/2022 19:00,202
5/8/2022 20:00,210
5/8/2022 21:00,210
5/8/2022 22:00,210
5/8/2022 23:00,206
5/9/2022 0:00,212
5/9/2022 1:00,205
5/9/2022 2:00,210
5/9/2022 3:00,205
5/9/2022 4:00,205
5/9/2022 5:00,210
5/9/2022 6:00,205
5/9/2022 7:00,205
5/9/2022 8:00,198
5/9/2022 9:00,195
5/9/2022 10:00,180
5/9/2022 11:00,172
5/9/2022 12:00,169
5/9/2022 13:00,161
5/9/2022 14:00,163
5/9/2022 15:00,168
5/9/2022 16:00,171
5/9/2022 17:00,188
5/9/2022 18:00,195
5/9/2022 19:00,190
5/9/2022 20:00,208
5/9/2022 21:00,210
5/9/2022 22:00,207
5/9/2022 23:00,210
5/10/2022 0:00,200
5/10/2022 1:00,210
5/10/2022 2:00,195
5/10/2022 3:00,202
5/10/2022 4:00,209
5/10/2022 5:00,207
5/10/2022 6:00,205
5/10/2022 7:00,204
5/10/2022 8:00,200
5/10/2022 9:00,198
5/10/2022 10:00,190
5/10/2022 11:00,175
5/10/2022 12:00,165
5/10/2022 13:00,163
5/10/2022 14:00,164
5/10/2022 15:00,165
5/10/2022 16:00,163
5/10/2022 17:00,177
5/10/2022 18:00,192
5/10/2022 19:00,202
5/10/2022 20:00,210
5/10/2022 21:00,210
5/10/2022 22:00,215
5/10/2022 23:00,218
5/11/2022 0:00,207
5/11/2022 1:00,198
5/11/2022 2:00,204
5/11/2022 3:00,210
5/11/2022 4:00,205
5/11/2022 5:00,205
5/11/2022 6:00,210
5/11/2022 7:00,203
5/11/2022 8:00,197
5/11/2022 9:00,195
5/11/2022 10:00,198
5/11/2022 11:00,193
5/11/2022 12:00,182
5/11/2022 13:00,172
5/11/2022 14:00,170
5/11/2022 15:00,172
5/11/2022 16:00,180
5/11/2022 17:00,185
5/11/2022 18:00,197
5/11/2022 19:00,215
5/11/2022 20:00,208
5/11/2022 21:00,222
5/11/2022 22:00,215
5/11/2022 23:00,214
5/12/2022 0:00,202
5/12/2022 1:00,195
5/12/2022 2:00,185
5/12/2022 3:00,185
5/12/2022 4:00,195
5/12/2022 5:00,190
5/12/2022 6:00,203
5/12/2022 7:00,205
5/12/2022 8:00,205
5/12/2022 9:00,204
5/12/2022 10:00,208
5/12/2022 11:00,192
5/12/2022 12:00,190
5/12/2022 13:00,178
5/12/2022 14:00,178
5/12/2022 15:00,190
5/12/2022 16:00,175
5/12/2022 17:00,180
5/12/2022 18:00,190
5/12/2022 19:00,186
5/12/2022 20:00,202
5/12/2022 21:00,200
5/12/2022 22:00,210
5/12/2022 23:00,207
5/13/2022 0:00,203
5/13/2022 1:00,198
5/13/2022 2:00,195
5/13/2022 3:00,192
5/13/2022 4:00,180
5/13/2022 5:00,182
5/13/2022 6:00,194
5/13/2022 7:00,190
5/13/2022 8:00,203
5/13/2022 9:00,188
5/13/2022 10:00,188
5/13/2022 11:00,170
5/13/2022 12:00,180
5/13/2022 13:00,168
5/13/2022 14:00,155
5/13/2022 15:00,175
5/13/2022 16:00,175
5/13/2022 17:00,175
5/13/2022 18:00,195
5/13/2022 19:00,207
5/13/2022 20:00,218
5/13/2022 21:00,210
5/13/2022 22:00,208
5/13/2022 23:00,202
5/14/2022 0:00,206
5/14/2022 1:00,195
5/14/2022 2:00,191
5/14/2022 3:00,180
5/14/2022 4:00,178
5/14/2022 5:00,165
5/14/2022 6:00,170
5/14/2022 7:00,175
5/14/2022 8:00,177
5/14/2022 9:00,172
5/14/2022 10:00,170
5/14/2022 11:00,168
5/14/2022 12:00,175
5/14/2022 13:00,172
5/14/2022 14:00,170
5/14/2022 15:00,180
5/14/2022 16:00,183
5/14/2022 17:00,194
5/14/2022 18:00,200
5/14/2022 19:00,210
5/14/2022 20:00,220
5/14/2022 21:00,220
5/14/2022 22:00,210
5/14/2022 23:00,213
5/15/2022 0:00,210
5/15/2022 1:00,204
5/15/2022 2:00,194
5/15/2022 3:00,190
5/15/2022 4:00,180
5/15/2022 5:00,170
5/15/2022 6:00,170
5/15/2022 7:00,170
5/15/2022 8:00,170
5/15/2022 9:00,172
5/15/2022 10:00,167
5/15/2022 11:00,168
5/15/2022 12:00,178
5/15/2022 13:00,175
5/15/2022 14:00,183
5/15/2022 15:00,190
5/15/2022 16:00,195
5/15/2022 17:00,193
5/15/2022 18:00,208
5/15/2022 19:00,220
5/15/2022 20:00,230
5/15/2022 21:00,233
5/15/2022 22:00,233
5/15/2022 23:00,229
5/16/2022 0:00,223
5/16/2022 1:00,210
5/16/2022 2:00,205
5/16/2022 3:00,198
5/16/2022 4:00,180
5/16/2022 5:00,163
5/16/2022 6:00,155
5/16/2022 7:00,150
5/16/2022 8:00,160
5/16/2022 9:00,155
5/16/2022 10:00,160
5/16/2022 11:00,170
5/16/2022 12:00,163
5/16/2022 13:00,176
5/16/2022 14:00,176
5/16/2022 15:00,190
5/16/2022 16:00,194
5/16/2022 17:00,200
5/16/2022 18:00,210
5/16/2022 19:00,225
5/16/2022 20:00,240
5/16/2022 21:00,243
5/16/2022 22:00,238
5/16/2022 23:00,235
5/17/2022 0:00,238
5/17/2022 1:00,230
5/17/2022 2:00,226
5/17/2022 3:00,192
5/17/2022 4:00,190
5/17/2022 5:00,175
5/17/2022 6:00,150
5/17/2022 7:00,150
5/17/2022 8:00,155
5/17/2022 9:00,152
5/17/2022 10:00,164
5/17/2022 11:00,165
5/17/2022 12:00,170
5/17/2022 13:00,170
5/17/2022 14:00,180
5/17/2022 15:00,185
5/17/2022 16:00,192
5/17/2022 17:00,200
5/17/2022 18:00,219
5/17/2022 19:00,228
5/17/2022 20:00,240
5/17/2022 21:00,245
5/17/2022 22:00,250
5/17/2022 23:00,244
5/18/2022 0:00,230
5/18/2022 1:00,220
5/18/2022 2:00,210
5/18/2022 3:00,203
5/18/2022 4:00,200
5/18/2022 5:00,180
5/18/2022 6:00,165
5/18/2022 7:00,160
5/18/2022 8:00,148
5/18/2022 9:00,150
5/18/2022 10:00,150
5/18/2022 11:00,149
5/18/2022 12:00,155
5/18/2022 13:00,160
5/18/2022 14:00,164
5/18/2022 15:00,170
5/18/2022 16:00,180
5/18/2022 17:00,194
5/18/2022 18:00,202
5/18/2022 19:00,225
5/18/2022 20:00,233
5/18/2022 21:00,245
5/18/2022 22:00,254
5/18/2022 23:00,255
5/19/2022 0:00,255
5/19/2022 1:00,250
5/19/2022 2:00,240
5/19/2022 3:00,230
5/19/2022 4:00,225
5/19/2022 5:00,210
5/19/2022 6:00,194
5/19/2022 7:00,178
5/19/2022 8:00,169
5/19/2022 9:00,160
5/19/2022 10:00,155
5/19/2022 11:00,160
5/19/2022 12:00,154
5/19/2022 13:00,159
5/19/2022 14:00,170
5/19/2022 15:00,182
5/19/2022 16:00,192
5/19/2022 17:00,195
5/19/2022 18:00,208
5/19/2022 19:00,220
5/19/2022 20:00,225
5/19/2022 21:00,235
5/19/2022 22:00,246
5/19/2022 23:00,255
5/20/2022 0:00,253
5/20/2022 1:00,250
5/20/2022 2:00,245
5/20/2022 3:00,238
5/20/2022 4:00,235
5/20/2022 5:00,220
5/20/2022 6:00,205
5/20/2022 7:00,190
5/20/2022 8:00,173
5/20/2022 9:00,162
5/20/2022 10:00,157
5/20/2022 11:00,150
5/20/2022 12:00,148
5/20/2022 13:00,145
5/20/2022 14:00,145
5/20/2022 15:00,165
5/20/2022 16:00,180
5/20/2022 17:00,185
5/20/2022 18:00,202
5/20/2022 19:00,210
5/20/2022 20:00,220
5/20/2022 21:00,227
5/20/2022 22:00,232
5/20/2022 23:00,235
5/21/2022 0:00,240
5/21/2022 1:00,241
5/21/2022 2:00,240
5/21/2022 3:00,245
5/21/2022 4:00,240
5/21/2022 5:00,229
5/21/2022 6:00,225
5/21/2022 7:00,205
5/21/2022 8:00,193
5/21/2022 9:00,180
5/21/2022 10:00,168
5/21/2022 11:00,155
5/21/2022 12:00,150
5/21/2022 13:00,150
5/21/2022 14:00,155
5/21/2022 15:00,163
5/21/2022 16:00,176
5/21/2022 17:00,185
5/21/2022 18:00,193
5/21/2022 19:00,203
5/21/2022 20:00,213
5/21/2022 21:00,215
5/21/2022 22:00,217
5/21/2022 23:00,218
5/22/2022 0:00,225
5/22/2022 1:00,230
5/22/2022 2:00,235
5/22/2022 3:00,238
5/22/2022 4:00,234
5/22/2022 5:00,236
5/22/2022 6:00,230
5/22/2022 7:00,213
5/22/2022 8:00,210
5/22/2022 9:00,191
5/22/2022 10:00,180
5/22/2022 11:00,170
5/22/2022 12:00,160
5/22/2022 13:00,163
5/22/2022 14:00,160
5/22/2022 15:00,156
5/22/2022 16:00,175
5/22/2022 17:00,190
5/22/2022 18:00,200
5/22/2022 19:00,209
5/22/2022 20:00,218
5/22/2022 21:00,222
5/22/2022 22:00,224
5/22/2022 23:00,228
5/23/2022 0:00,224
5/23/2022 1:00,229
5/23/2022 2:00,230
5/23/2022 3:00,228
5/23/2022 4:00,230
5/23/2022 5:00,230
5/23/2022 6:00,228
5/23/2022 7:00,228
5/23/2022 8:00,220
5/23/2022 9:00,210
5/23/2022 10:00,200
5/23/2022 11:00,190
5/23/2022 12:00,175
5/23/2022 13:00,180
5/23/2022 14:00,175
5/23/2022 15:00,180
5/23/2022 16:00,182
5/23/2022 17:00,208
5/23/2022 18:00,212
5/23/2022 19:00,229
5/23/2022 20:00,232
5/23/2022 21:00,240
5/23/2022 22:00,235
5/23/2022 23:00,222
5/24/2022 0:00,228
5/24/2022 1:00,224
5/24/2022 2:00,218
5/24/2022 3:00,226
5/24/2022 4:00,220
5/24/2022 5:00,205
5/24/2022 6:00,222
5/24/2022 7:00,223
5/24/2022 8:00,222
5/24/2022 9:00,223
5/24/2022 10:00,210
5/24/2022 11:00,205
5/24/2022 12:00,198
5/24/2022 13:00,200
5/24/2022 14:00,185
5/24/2022 15:00,180
5/24/2022 16:00,184
5/24/2022 17:00,195
5/24/2022 18:00,208
5/24/2022 19:00,215
5/24/2022 20:00,224
5/24/2022 21:00,230
5/24/2022 22:00,223
5/24/2022 23:00,215
5/25/2022 0:00,217
5/25/2022 1:00,215
5/25/2022 2:00,210
5/25/2022 3:00,202
5/25/2022 4:00,208
5/25/2022 5:00,198
5/25/2022 6:00,210
5/25/2022 7:00,204
5/25/2022 8:00,207
5/25/2022 9:00,213
5/25/2022 10:00,207
5/25/2022 11:00,208
5/25/2022 12:00,213
5/25/2022 13:00,210
5/25/2022 14:00,185
5/25/2022 15:00,190
5/25/2022 16:00,175
5/25/2022 17:00,190
5/25/2022 18:00,195
5/25/2022 19:00,215
5/25/2022 20:00,215
5/25/2022 21:00,218
5/25/2022 22:00,223
5/25/2022 23:00,219
5/26/2022 0:00,216
5/26/2022 1:00,204
5/26/2022 2:00,210
5/26/2022 3:00,210
5/26/2022 4:00,185
5/26/2022 5:00,193
5/26/2022 6:00,173
5/26/2022 7:00,183
5/26/2022 8:00,185
5/26/2022 9:00,190
5/26/2022 10:00,188
5/26/2022 11:00,185
5/26/2022 12:00,175
5/26/2022 13:00,175
5/26/2022 14:00,167
5/26/2022 15:00,175
5/26/2022 16:00,180
5/26/2022 17:00,185
5/26/2022 18:00,195
5/26/2022 19:00,200
5/26/2022 20:00,208
5/26/2022 21:00,205
5/26/2022 22:00,206
5/26/2022 23:00,200
5/27/2022 0:00,190
5/27/2022 1:00,187
5/27/2022 2:00,180
5/27/2022 3:00,180
5/27/2022 4:00,172
5/27/2022 5:00,165
5/27/2022 6:00,165
5/27/2022 7:00,165
5/27/2022 8:00,170
5/27/2022 9:00,170
5/27/2022 10:00,168
5/27/2022 11:00,174
5/27/2022 12:00,173
5/27/2022 13:00,185
5/27/2022 14:00,190
5/27/2022 15:00,183
5/27/2022 16:00,193
5/27/2022 17:00,210
5/27/2022 18:00,223
5/27/2022 19:00,233
5/27/2022 20:00,240
5/27/2022 21:00,245
5/27/2022 22:00,240
5/27/2022 23:00,235
5/28/2022 0:00,228
5/28/2022 1:00,228
5/28/2022 2:00,210
5/28/2022 3:00,205
5/28/2022 4:00,192
5/28/2022 5:00,182
5/28/2022 6:00,148
5/28/2022 7:00,160
5/28/2022 8:00,155
5/28/2022 9:00,170
5/28/2022 10:00,160
5/28/2022 11:00,168
5/28/2022 12:00,175
5/28/2022 13:00,170
5/28/2022 14:00,190
5/28/2022 15:00,195
5/28/2022 16:00,198
5/28/2022 17:00,208
5/28/2022 18:00,215
5/28/2022 19:00,225
5/28/2022 20:00,232
5/28/2022 21:00,252
5/28/2022 22:00,235
5/28/2022 23:00,230
5/29/2022 0:00,208
5/29/2022 1:00,207
5/29/2022 2:00,200
5/29/2022 3:00,192
5/29/2022 4:00,190
5/29/2022 5:00,162
5/29/2022 6:00,152
5/29/2022 7:00,145
5/29/2022 8:00,157
5/29/2022 9:00,145
5/29/2022 10:00,155
5/29/2022 11:00,150
5/29/2022 12:00,170
5/29/2022 13:00,175
5/29/2022 14:00,182
5/29/2022 15:00,192
5/29/2022 16:00,200
5/29/2022 17:00,202
5/29/2022 18:00,210
5/29/2022 19:00,215
5/29/2022 20:00,230
5/29/2022 21:00,227
5/29/2022 22:00,227
5/29/2022 23:00,225
5/30/2022 0:00,213
5/30/2022 1:00,207
5/30/2022 2:00,197
5/30/2022 3:00,190
5/30/2022 4:00,180
5/30/2022 5:00,175
5/30/2022 6:00,160
5/30/2022 7:00,155
5/30/2022 8:00,155
5/30/2022 9:00,165
5/30/2022 10:00,170
5/30/2022 11:00,173
5/30/2022 12:00,173
5/30/2022 13:00,183
5/30/2022 14:00,195
5/30/2022 15:00,190
5/30/2022 16:00,208
5/30/2022 17:00,217
5/30/2022 18:00,225
5/30/2022 19:00,227
5/30/2022 20:00,238
5/30/2022 21:00,235
5/30/2022 22:00,240
5/30/2022 23:00,230
5/31/2022 0:00,224
5/31/2022 1:00,220
5/31/2022 2:00,210
5/31/2022 3:00,198
5/31/2022 4:00,185
5/31/2022 5:00,172
5/31/2022 6:00,155
5/31/2022 7:00,154
5/31/2022 8:00,152
5/31/2022 9:00,160
5/31/2022 10:00,150
5/31/2022 11:00,154
5/31/2022 12:00,164
5/31/2022 13:00,174
5/31/2022 14:00,184
5/31/2022 15:00,198
5/31/2022 16:00,195
5/31/2022 17:00,200
5/31/2022 18:00,215
5/31/2022 19:00,215
5/31/2022 20:00,222
5/31/2022 21:00,220
5/31/2022 22:00,239
5/31/2022 23:00,239
6/1/2022 0:00,225
6/1/2022 1:00,210
6/1/2022 2:00,203
6/1/2022 3:00,192
6/1/2022 4:00,175
6/1/2022 5:00,155
6/1/2022 6:00,155
6/1/2022 7:00,150
6/1/2022 8:00,148
6/1/2022 9:00,146
6/1/2022 10:00,150
6/1/2022 11:00,150
6/1/2022 12:00,165
6/1/2022 13:00,168
6/1/2022 14:00,175
6/1/2022 15:00,185
6/1/2022 16:00,190
6/1/2022 17:00,205
6/1/2022 18:00,204
6/1/2022 19:00,220
6/1/2022 20:00,224
6/1/2022 21:00,225
6/1/2022 22:00,232
6/1/2022 23:00,233
6/2/2022 0:00,230
6/2/2022 1:00,215
6/2/2022 2:00,215
6/2/2022 3:00,195
6/2/2022 4:00,184
6/2/2022 5:00,180
6/2/2022 6:00,175
6/2/2022 7:00,156
6/2/2022 8:00,151
6/2/2022 9:00,153
6/2/2022 10:00,148
6/2/2022 11:00,160
6/2/2022 12:00,162
6/2/2022 13:00,165
6/2/2022 14:00,178
6/2/2022 15:00,183
6/2/2022 16:00,193
6/2/2022 17:00,190
6/2/2022 18:00,205
6/2/2022 19:00,210
6/2/2022 20:00,223
6/2/2022 21:00,224
6/2/2022 22:00,225
6/2/2022 23:00,227
6/3/2022 0:00,227
6/3/2022 1:00,218
6/3/2022 2:00,210
6/3/2022 3:00,205
6/3/2022 4:00,204
6/3/2022 5:00,195
6/3/2022 6:00,180
6/3/2022 7:00,175
6/3/2022 8:00,160
6/3/2022 9:00,151
6/3/2022 10:00,142
6/3/2022 11:00,169
6/3/2022 12:00,155
6/3/2022 13:00,173
6/3/2022 14:00,173
6/3/2022 15:00,182
6/3/2022 16:00,189
6/3/2022 17:00,195
6/3/2022 18:00,203
6/3/2022 19:00,213
6/3/2022 20:00,227
6/3/2022 21:00,230
6/3/2022 22:00,223
6/3/2022 23:00,231
6/4/2022 0:00,228
6/4/2022 1:00,221
6/4/2022 2:00,210
6/4/2022 3:00,210
6/4/2022 4:00,206
6/4/2022 5:00,190
6/4/2022 6:00,185
6/4/2022 7:00,180
6/4/2022 8:00,165
6/4/2022 9:00,155
6/4/2022 10:00,140
6/4/2022 11:00,155
6/4/2022 12:00,157
6/4/2022 13:00,160
6/4/2022 14:00,168
6/4/2022 15:00,180
6/4/2022 16:00,180
6/4/2022 17:00,200
6/4/2022 18:00,210
6/4/2022 19:00,220
6/4/2022 20:00,225
6/4/2022 21:00,225
6/4/2022 22:00,230
6/4/2022 23:00,233
6/5/2022 0:00,230
6/5/2022 1:00,220
6/5/2022 2:00,220
6/5/2022 3:00,214
6/5/2022 4:00,215
6/5/2022 5:00,198
6/5/2022 6:00,195
6/5/2022 7:00,190
6/5/2022 8:00,185
6/5/2022 9:00,175
6/5/2022 10:00,170
6/5/2022 11:00,172
6/5/2022 12:00,165
6/5/2022 13:00,165
6/5/2022 14:00,170
6/5/2022 15:00,176
6/5/2022 16:00,188
6/5/2022 17:00,203
6/5/2022 18:00,204
6/5/2022 19:00,204
6/5/2022 20:00,219
6/5/2022 21:00,220
6/5/2022 22:00,223
6/5/2022 23:00,220
6/6/2022 0:00,224
6/6/2022 1:00,215
6/6/2022 2:00,219
6/6/2022 3:00,214
6/6/2022 4:00,212
6/6/2022 5:00,215
6/6/2022 6:00,200
6/6/2022 7:00,202
6/6/2022 8:00,195
6/6/2022 9:00,180
6/6/2022 10:00,164
6/6/2022 11:00,162
6/6/2022 12:00,170
6/6/2022 13:00,168
6/6/2022 14:00,172
6/6/2022 15:00,180
6/6/2022 16:00,191
6/6/2022 17:00,200
6/6/2022 18:00,195
6/6/2022 19:00,213
6/6/2022 20:00,205
6/6/2022 21:00,219
6/6/2022 22:00,215
6/6/2022 23:00,218
6/7/2022 0:00,223
6/7/2022 1:00,220
6/7/2022 2:00,214
6/7/2022 3:00,215
6/7/2022 4:00,208
6/7/2022 5:00,205
6/7/2022 6:00,205
6/7/2022 7:00,199
6/7/2022 8:00,190
6/7/2022 9:00,185
6/7/2022 10:00,175
6/7/2022 11:00,170
6/7/2022 12:00,167
6/7/2022 13:00,165
6/7/2022 14:00,165
6/7/2022 15:00,180
6/7/2022 16:00,190
6/7/2022 17:00,197
6/7/2022 18:00,210
6/7/2022 19:00,212
6/7/2022 20:00,220
6/7/2022 21:00,222
6/7/2022 22:00,220
6/7/2022 23:00,225
6/8/2022 0:00,220
6/8/2022 1:00,210
6/8/2022 2:00,220
6/8/2022 3:00,210
6/8/2022 4:00,205
6/8/2022 5:00,203
6/8/2022 6:00,210
6/8/2022 7:00,205
6/8/2022 8:00,205
6/8/2022 9:00,198
6/8/2022 10:00,200
6/8/2022 11:00,192
6/8/2022 12:00,183
6/8/2022 13:00,178
6/8/2022 14:00,180
6/8/2022 15:00,183
6/8/2022 16:00,190
6/8/2022 17:00,195
6/8/2022 18:00,205
6/8/2022 19:00,210
6/8/2022 20:00,220
6/8/2022 21:00,213
6/8/2022 22:00,220
6/8/2022 23:00,203
6/9/2022 0:00,210
6/9/2022 1:00,205
6/9/2022 2:00,200
6/9/2022 3:00,202
6/9/2022 4:00,205
6/9/2022 5:00,202
6/9/2022 6:00,205
6/9/2022 7:00,198
6/9/2022 8:00,205
6/9/2022 9:00,202
6/9/2022 10:00,198
6/9/2022 11:00,190
6/9/2022 12:00,190
6/9/2022 13:00,182
6/9/2022 14:00,197
6/9/2022 15:00,195
6/9/2022 16:00,200
6/9/2022 17:00,208
6/9/2022 18:00,220
6/9/2022 19:00,225
6/9/2022 20:00,230
6/9/2022 21:00,230
6/9/2022 22:00,225
6/9/2022 23:00,219
6/10/2022 0:00,212
6/10/2022 1:00,197
6/10/2022 2:00,195
6/10/2022 3:00,192
6/10/2022 4:00,180
6/10/2022 5:00,185
6/10/2022 6:00,185
6/10/2022 7:00,180
6/10/2022 8:00,180
6/10/2022 9:00,182
6/10/2022 10:00,172
6/10/2022 11:00,180
6/10/2022 12:00,178
6/10/2022 13:00,172
6/10/2022 14:00,180
6/10/2022 15:00,188
6/10/2022 16:00,195
6/10/2022 17:00,210
6/10/2022 18:00,212
6/10/2022 19:00,218
6/10/2022 20:00,228
6/10/2022 21:00,220
6/10/2022 22:00,217
6/10/2022 23:00,215
6/11/2022 0:00,218
6/11/2022 1:00,203
6/11/2022 2:00,190
6/11/2022 3:00,182
6/11/2022 4:00,180
6/11/2022 5:00,177
6/11/2022 6:00,179
6/11/2022 7:00,177
6/11/2022 8:00,188
6/11/2022 9:00,192
6/11/2022 10:00,195
6/11/2022 11:00,198
6/11/2022 12:00,205
6/11/2022 13:00,203
6/11/2022 14:00,205
6/11/2022 15:00,207
6/11/2022 16:00,215
6/11/2022 17:00,228
6/11/2022 18:00,230
6/11/2022 19:00,240
6/11/2022 20:00,240
6/11/2022 21:00,245
6/11/2022 22:00,235
6/11/2022 23:00,227
6/12/2022 0:00,218
6/12/2022 1:00,210
6/12/2022 2:00,210
6/12/2022 3:00,188
6/12/2022 4:00,180
6/12/2022 5:00,165
6/12/2022 6:00,175
6/12/2022 7:00,170
6/12/2022 8:00,175
6/12/2022 9:00,170
6/12/2022 10:00,178
6/12/2022 11:00,187
6/12/2022 12:00,185
6/12/2022 13:00,192
6/12/2022 14:00,190
6/12/2022 15:00,194
6/12/2022 16:00,210
6/12/2022 17:00,222
6/12/2022 18:00,230
6/12/2022 19:00,240
6/12/2022 20:00,245
6/12/2022 21:00,240
6/12/2022 22:00,248
6/12/2022 23:00,233
6/13/2022 0:00,233
6/13/2022 1:00,218
6/13/2022 2:00,212
6/13/2022 3:00,187
6/13/2022 4:00,165
6/13/2022 5:00,153
6/13/2022 6:00,145
6/13/2022 7:00,147
6/13/2022 8:00,148
6/13/2022 9:00,165
6/13/2022 10:00,155
6/13/2022 11:00,170
6/13/2022 12:00,173
6/13/2022 13:00,190
6/13/2022 14:00,190
6/13/2022 15:00,200
6/13/2022 16:00,205
6/13/2022 17:00,215
6/13/2022 18:00,222
6/13/2022 19:00,242
6/13/2022 20:00,245
6/13/2022 21:00,248
6/13/2022 22:00,240
6/13/2022 23:00,235
6/14/2022 0:00,226
6/14/2022 1:00,213
6/14/2022 2:00,208
6/14/2022 3:00,190
6/14/2022 4:00,172
6/14/2022 5:00,159
6/14/2022 6:00,145
6/14/2022 7:00,140
6/14/2022 8:00,150
6/14/2022 9:00,155
6/14/2022 10:00,145
6/14/2022 11:00,170
6/14/2022 12:00,172
6/14/2022 13:00,180
6/14/2022 14:00,188
6/14/2022 15:00,193
6/14/2022 16:00,208
6/14/2022 17:00,216
6/14/2022 18:00,225
6/14/2022 19:00,240
6/14/2022 20:00,245
6/14/2022 21:00,250
6/14/2022 22:00,263
6/14/2022 23:00,250
6/15/2022 0:00,250
6/15/2022 1:00,233
6/15/2022 2:00,225
6/15/2022 3:00,212
6/15/2022 4:00,192
6/15/2022 5:00,175
6/15/2022 6:00,162
6/15/2022 7:00,150
6/15/2022 8:00,143
6/15/2022 9:00,144
6/15/2022 10:00,150
6/15/2022 11:00,162
6/15/2022 12:00,165
6/15/2022 13:00,180
6/15/2022 14:00,195
6/15/2022 15:00,200
6/15/2022 16:00,210
6/15/2022 17:00,220
6/15/2022 18:00,230
6/15/2022 19:00,242
6/15/2022 20:00,245
6/15/2022 21:00,255
6/15/2022 22:00,263
6/15/2022 23:00,265
6/16/2022 0:00,258
6/16/2022 1:00,250
6/16/2022 2:00,248
6/16/2022 3:00,223
6/16/2022 4:00,213
6/16/2022 5:00,190
6/16/2022 6:00,180
6/16/2022 7:00,165
6/16/2022 8:00,150
6/16/2022 9:00,145
6/16/2022 10:00,150
6/16/2022 11:00,152
6/16/2022 12:00,157
6/16/2022 13:00,180
6/16/2022 14:00,182
6/16/2022 15:00,182
6/16/2022 16:00,195
6/16/2022 17:00,198
6/16/2022 18:00,206
6/16/2022 19:00,220
6/16/2022 20:00,230
6/16/2022 21:00,242
6/16/2022 22:00,260
6/16/2022 23:00,256
6/17/2022 0:00,253
6/17/2022 1:00,246
6/17/2022 2:00,248
6/17/2022 3:00,237
6/17/2022 4:00,218
6/17/2022 5:00,204
6/17/2022 6:00,185
6/17/2022 7:00,175
6/17/2022 8:00,155
6/17/2022 9:00,145
6/17/2022 10:00,145
6/17/2022 11:00,143
6/17/2022 12:00,150
6/17/2022 13:00,160
6/17/2022 14:00,165
6/17/2022 15:00,170
6/17/2022 16:00,180
6/17/2022 17:00,190
6/17/2022 18:00,198
6/17/2022 19:00,210
6/17/2022 20:00,218
6/17/2022 21:00,230
6/17/2022 22:00,242
6/17/2022 23:00,245
6/18/2022 0:00,250
6/18/2022 1:00,240
6/18/2022 2:00,240
6/18/2022 3:00,225
6/18/2022 4:00,223
6/18/2022 5:00,214
6/18/2022 6:00,195
6/18/2022 7:00,180
6/18/2022 8:00,167
6/18/2022 9:00,160
6/18/2022 10:00,144
6/18/2022 11:00,142
6/18/2022 12:00,140
6/18/2022 13:00,147
6/18/2022 14:00,157
6/18/2022 15:00,172
6/18/2022 16:00,180
6/18/2022 17:00,192
6/18/2022 18:00,202
6/18/2022 19:00,214
6/18/2022 20:00,223
6/18/2022 21:00,223
6/18/2022 22:00,227
6/18/2022 23:00,234
6/19/2022 0:00,235
6/19/2022 1:00,241
6/19/2022 2:00,235
6/19/2022 3:00,233
6/19/2022 4:00,224
6/19/2022 5:00,215
6/19/2022 6:00,204
6/19/2022 7:00,198
6/19/2022 8:00,178
6/19/2022 9:00,169
6/19/2022 10:00,160
6/19/2022 11:00,155
6/19/2022 12:00,158
6/19/2022 13:00,160
6/19/2022 14:00,165
6/19/2022 15:00,170
6/19/2022 16:00,189
6/19/2022 17:00,195
6/19/2022 18:00,203
6/19/2022 19:00,210
6/19/2022 20:00,214
6/19/2022 21:00,215
6/19/2022 22:00,220
6/19/2022 23:00,220
6/20/2022 0:00,228
6/20/2022 1:00,230
6/20/2022 2:00,225
6/20/2022 3:00,215
6/20/2022 4:00,210
6/20/2022 5:00,202
6/20/2022 6:00,198
6/20/2022 7:00,200
6/20/2022 8:00,200
6/20/2022 9:00,187
6/20/2022 10:00,180
6/20/2022 11:00,165
6/20/2022 12:00,178
6/20/2022 13:00,175
6/20/2022 14:00,180
6/20/2022 15:00,185
6/20/2022 16:00,198
6/20/2022 17:00,211
6/20/2022 18:00,220
6/20/2022 19:00,227
6/20/2022 20:00,225
6/20/2022 21:00,228
6/20/2022 22:00,222
6/20/2022 23:00,220
6/21/2022 0:00,218
6/21/2022 1:00,215
6/21/2022 2:00,218
6/21/2022 3:00,215
6/21/2022 4:00,215
6/21/2022 5:00,213
6/21/2022 6:00,210
6/21/2022 7:00,212
6/21/2022 8:00,200
6/21/2022 9:00,198
6/21/2022 10:00,196
6/21/2022 11:00,180
6/21/2022 12:00,178
6/21/2022 13:00,178
6/21/2022 14:00,180
6/21/2022 15:00,185
6/21/2022 16:00,185
6/21/2022 17:00,202
6/21/2022 18:00,209
6/21/2022 19:00,224
6/21/2022 20:00,220
6/21/2022 21:00,225
6/21/2022 22:00,221
6/21/2022 23:00,218
6/22/2022 0:00,210
6/22/2022 1:00,250
6/22/2022 2:00,208
6/22/2022 3:00,200
6/22/2022 4:00,197
6/22/2022 5:00,202
6/22/2022 6:00,200
6/22/2022 7:00,190
6/22/2022 8:00,200
6/22/2022 9:00,195
6/22/2022 10:00,188
6/22/2022 11:00,190
6/22/2022 12:00,186
6/22/2022 13:00,184
6/22/2022 14:00,190
6/22/2022 15:00,195
6/22/2022 16:00,198
6/22/2022 17:00,218
6/22/2022 18:00,227
6/22/2022 19:00,234
6/22/2022 20:00,238
6/22/2022 21:00,240
6/22/2022 22:00,244
6/22/2022 23:00,225
6/23/2022 0:00,220
6/23/2022 1:00,215
6/23/2022 2:00,205
6/23/2022 3:00,196
6/23/2022 4:00,193
6/23/2022 5:00,182
6/23/2022 6:00,180
6/23/2022 7:00,177
6/23/2022 8:00,193
6/23/2022 9:00,190
6/23/2022 10:00,189
6/23/2022 11:00,187
6/23/2022 12:00,190
6/23/2022 13:00,195
6/23/2022 14:00,196
6/23/2022 15:00,200
6/23/2022 16:00,203
6/23/2022 17:00,232
6/23/2022 18:00,233
6/23/2022 19:00,238
6/23/2022 20:00,240
6/23/2022 21:00,242
6/23/2022 22:00,240
6/23/2022 23:00,235
6/24/2022 0:00,223
6/24/2022 1:00,207
6/24/2022 2:00,205
6/24/2022 3:00,190
6/24/2022 4:00,176
6/24/2022 5:00,172
6/24/2022 6:00,178
6/24/2022 7:00,175
6/24/2022 8:00,178
6/24/2022 9:00,185
6/24/2022 10:00,183
6/24/2022 11:00,182
6/24/2022 12:00,192
6/24/2022 13:00,188
6/24/2022 14:00,192
6/24/2022 15:00,210
6/24/2022 16:00,205
6/24/2022 17:00,213
6/24/2022 18:00,234
6/24/2022 19:00,239
6/24/2022 20:00,248
6/24/2022 21:00,246
6/24/2022 22:00,242
6/24/2022 23:00,235
6/25/2022 0:00,230
6/25/2022 1:00,216
6/25/2022 2:00,220
6/25/2022 3:00,190
6/25/2022 4:00,175
6/25/2022 5:00,165
6/25/2022 6:00,170
6/25/2022 7:00,160
6/25/2022 8:00,165
6/25/2022 9:00,170
6/25/2022 10:00,168
6/25/2022 11:00,178
6/25/2022 12:00,180
6/25/2022 13:00,194
6/25/2022 14:00,198
6/25/2022 15:00,205
6/25/2022 16:00,207
6/25/2022 17:00,222
6/25/2022 18:00,230
6/25/2022 19:00,235
6/25/2022 20:00,250
6/25/2022 21:00,244
6/25/2022 22:00,237
6/25/2022 23:00,239
6/26/2022 0:00,226
6/26/2022 1:00,214
6/26/2022 2:00,200
6/26/2022 3:00,190
6/26/2022 4:00,180
6/26/2022 5:00,166
6/26/2022 6:00,144
6/26/2022 7:00,153
6/26/2022 8:00,160
6/26/2022 9:00,165
6/26/2022 10:00,175
6/26/2022 11:00,180
6/26/2022 12:00,193
6/26/2022 13:00,198
6/26/2022 14:00,205
6/26/2022 15:00,212
6/26/2022 16:00,204
6/26/2022 17:00,225
6/26/2022 18:00,225
6/26/2022 19:00,234
6/26/2022 20:00,240
6/26/2022 21:00,245
6/26/2022 22:00,240
6/26/2022 23:00,229
6/27/2022 0:00,220
6/27/2022 1:00,210
6/27/2022 2:00,200
6/27/2022 3:00,188
6/27/2022 4:00,170
6/27/2022 5:00,165
6/27/2022 6:00,155
6/27/2022 7:00,150
6/27/2022 8:00,145
6/27/2022 9:00,152
6/27/2022 10:00,150
6/27/2022 11:00,169
6/27/2022 12:00,175
6/27/2022 13:00,184
6/27/2022 14:00,192
6/27/2022 15:00,200
6/27/2022 16:00,204
6/27/2022 17:00,220
6/27/2022 18:00,224
6/27/2022 19:00,235
6/27/2022 20:00,237
6/27/2022 21:00,239
6/27/2022 22:00,238
6/27/2022 23:00,236
6/28/2022 0:00,222
6/28/2022 1:00,208
6/28/2022 2:00,208
6/28/2022 3:00,197
6/28/2022 4:00,165
6/28/2022 5:00,155
6/28/2022 6:00,152
6/28/2022 7:00,154
6/28/2022 8:00,152
6/28/2022 9:00,160
6/28/2022 10:00,155
6/28/2022 11:00,170
6/28/2022 12:00,178
6/28/2022 13:00,186
6/28/2022 14:00,190
6/28/2022 15:00,208
6/28/2022 16:00,210
6/28/2022 17:00,215
6/28/2022 18:00,225
6/28/2022 19:00,228
6/28/2022 20:00,231
6/28/2022 21:00,239
6/28/2022 22:00,240
6/28/2022 23:00,230
6/29/2022 0:00,222
6/29/2022 1:00,218
6/29/2022 2:00,210
6/29/2022 3:00,200
6/29/2022 4:00,187
6/29/2022 5:00,165
6/29/2022 6:00,160
6/29/2022 7:00,148
6/29/2022 8:00,152
6/29/2022 9:00,158
6/29/2022 10:00,170
6/29/2022 11:00,180
6/29/2022 12:00,182
6/29/2022 13:00,192
6/29/2022 14:00,190
6/29/2022 15:00,196
6/29/2022 16:00,202
6/29/2022 17:00,215
6/29/2022 18:00,217
6/29/2022 19:00,225
6/29/2022 20:00,230
6/29/2022 21:00,235
6/29/2022 22:00,237
6/29/2022 23:00,230
6/30/2022 0:00,223
6/30/2022 1:00,212
6/30/2022 2:00,205
6/30/2022 3:00,198
6/30/2022 4:00,195
6/30/2022 5:00,176
6/30/2022 6:00,158
6/30/2022 7:00,155
6/30/2022 8:00,143
6/30/2022 9:00,143
6/30/2022 10:00,153
6/30/2022 11:00,149
6/30/2022 12:00,159
6/30/2022 13:00,171
6/30/2022 14:00,180
6/30/2022 15:00,187
6/30/2022 16:00,196
6/30/2022 17:00,202
6/30/2022 18:00,205
6/30/2022 19:00,215
6/30/2022 20:00,220
6/30/2022 21:00,220
6/30/2022 22:00,223
6/30/2022 23:00,227
7/1/2022 0:00,218
7/1/2022 1:00,210
7/1/2022 2:00,205
7/1/2022 3:00,196
7/1/2022 4:00,182
7/1/2022 5:00,172
7/1/2022 6:00,160
7/1/2022 7:00,142
7/1/2022 8:00,145
7/1/2022 9:00,155
7/1/2022 10:00,165
7/1/2022 11:00,160
7/1/2022 12:00,165
7/1/2022 13:00,170
7/1/2022 14:00,177
7/1/2022 15:00,187
7/1/2022 16:00,195
7/1/2022 17:00,202
7/1/2022 18:00,215
7/1/2022 19:00,220
7/1/2022 20:00,230
7/1/2022 21:00,240
7/1/2022 22:00,240
7/1/2022 23:00,235
7/2/2022 0:00,228
7/2/2022 1:00,218
7/2/2022 2:00,210
7/2/2022 3:00,208
7/2/2022 4:00,200
7/2/2022 5:00,190
7/2/2022 6:00,190
7/2/2022 7:00,175
7/2/2022 8:00,173
7/2/2022 9:00,170
7/2/2022 10:00,175
7/2/2022 11:00,178
7/2/2022 12:00,177
7/2/2022 13:00,180
7/2/2022 14:00,190
7/2/2022 15:00,198
7/2/2022 16:00,202
7/2/2022 17:00,215
7/2/2022 18:00,216
7/2/2022 19:00,225
7/2/2022 20:00,228
7/2/2022 21:00,232
7/2/2022 22:00,235
7/2/2022 23:00,235
7/3/2022 0:00,235
7/3/2022 1:00,225
7/3/2022 2:00,225
7/3/2022 3:00,215
7/3/2022 4:00,208
7/3/2022 5:00,207
7/3/2022 6:00,195
7/3/2022 7:00,194
7/3/2022 8:00,192
7/3/2022 9:00,142
7/3/2022 10:00,162
7/3/2022 11:00,165
7/3/2022 12:00,175
7/3/2022 13:00,185
7/3/2022 14:00,180
7/3/2022 15:00,190
7/3/2022 16:00,200
7/3/2022 17:00,208
7/3/2022 18:00,204
7/3/2022 19:00,215
7/3/2022 20:00,220
7/3/2022 21:00,228
7/3/2022 22:00,228
7/3/2022 23:00,230
7/4/2022 0:00,228
7/4/2022 1:00,225
7/4/2022 2:00,222
7/4/2022 3:00,215
7/4/2022 4:00,213
7/4/2022 5:00,205
7/4/2022 6:00,195
7/4/2022 7:00,193
7/4/2022 8:00,180
7/4/2022 9:00,170
7/4/2022 10:00,168
7/4/2022 11:00,173
7/4/2022 12:00,176
7/4/2022 13:00,174
7/4/2022 14:00,185
7/4/2022 15:00,184
7/4/2022 16:00,200
7/4/2022 17:00,200
7/4/2022 18:00,210
7/4/2022 19:00,212
7/4/2022 20:00,219
7/4/2022 21:00,220
7/4/2022 22:00,214
7/4/2022 23:00,218
7/5/2022 0:00,220
7/5/2022 1:00,214
7/5/2022 2:00,202
7/5/2022 3:00,205
7/5/2022 4:00,200
7/5/2022 5:00,197
7/5/2022 6:00,190
7/5/2022 7:00,190
7/5/2022 8:00,185
7/5/2022 9:00,180
7/5/2022 10:00,175
7/5/2022 11:00,178
7/5/2022 12:00,180
7/5/2022 13:00,175
7/5/2022 14:00,180
7/5/2022 15:00,190
7/5/2022 16:00,200
7/5/2022 17:00,200
7/5/2022 18:00,210
7/5/2022 19:00,214
7/5/2022 20:00,215
7/5/2022 21:00,217
7/5/2022 22:00,215
7/5/2022 23:00,215
7/6/2022 0:00,215
7/6/2022 1:00,220
7/6/2022 2:00,216
7/6/2022 3:00,207
7/6/2022 4:00,196
7/6/2022 5:00,200
7/6/2022 6:00,200
7/6/2022 7:00,197
7/6/2022 8:00,190
7/6/2022 9:00,187
7/6/2022 10:00,174
7/6/2022 11:00,165
7/6/2022 12:00,163
7/6/2022 13:00,160
7/6/2022 14:00,169
7/6/2022 15:00,180
7/6/2022 16:00,190
7/6/2022 17:00,205
7/6/2022 18:00,210
7/6/2022 19:00,201
7/6/2022 20:00,215
7/6/2022 21:00,210
7/6/2022 22:00,210
7/6/2022 23:00,208
7/7/2022 0:00,200
7/7/2022 1:00,202
7/7/2022 2:00,197
7/7/2022 3:00,193
7/7/2022 4:00,185
7/7/2022 5:00,185
7/7/2022 6:00,188
7/7/2022 7:00,184
7/7/2022 8:00,178
7/7/2022 9:00,180
7/7/2022 10:00,170
7/7/2022 11:00,175
7/7/2022 12:00,178
7/7/2022 13:00,180
7/7/2022 14:00,178
7/7/2022 15:00,183
7/7/2022 16:00,192
7/7/2022 17:00,200
7/7/2022 18:00,210
7/7/2022 19:00,220
7/7/2022 20:00,222
7/7/2022 21:00,215
7/7/2022 22:00,217
7/7/2022 23:00,210
7/8/2022 0:00,197
7/8/2022 1:00,190
7/8/2022 2:00,180
7/8/2022 3:00,185
7/8/2022 4:00,178
7/8/2022 5:00,190
7/8/2022 6:00,180
7/8/2022 7:00,182
7/8/2022 8:00,188
7/8/2022 9:00,188
7/8/2022 10:00,188
7/8/2022 11:00,185
7/8/2022 12:00,185
7/8/2022 13:00,190
7/8/2022 14:00,192
7/8/2022 15:00,205
7/8/2022 16:00,210
7/8/2022 17:00,220
7/8/2022 18:00,225
7/8/2022 19:00,233
7/8/2022 20:00,230
7/8/2022 21:00,230
7/8/2022 22:00,225
7/8/2022 23:00,218
7/9/2022 0:00,205
7/9/2022 1:00,190
7/9/2022 2:00,180
7/9/2022 3:00,172
7/9/2022 4:00,173
7/9/2022 5:00,166
7/9/2022 6:00,169
7/9/2022 7:00,172
7/9/2022 8:00,177
7/9/2022 9:00,176
7/9/2022 10:00,180
7/9/2022 11:00,172
7/9/2022 12:00,182
7/9/2022 13:00,190
7/9/2022 14:00,190
7/9/2022 15:00,209
7/9/2022 16:00,218
7/9/2022 17:00,220
7/9/2022 18:00,230
7/9/2022 19:00,233
7/9/2022 20:00,235
7/9/2022 21:00,229
7/9/2022 22:00,229
7/9/2022 23:00,217
7/10/2022 0:00,205
7/10/2022 1:00,194
7/10/2022 2:00,176
7/10/2022 3:00,160
7/10/2022 4:00,153
7/10/2022 5:00,147
7/10/2022 6:00,153
7/10/2022 7:00,162
7/10/2022 8:00,170
7/10/2022 9:00,171
7/10/2022 10:00,188
7/10/2022 11:00,190
7/10/2022 12:00,195
7/10/2022 13:00,200
7/10/2022 14:00,200
7/10/2022 15:00,210
7/10/2022 16:00,220
7/10/2022 17:00,230
7/10/2022 18:00,235
7/10/2022 19:00,241
7/10/2022 20:00,248
7/10/2022 21:00,245
7/10/2022 22:00,240
7/10/2022 23:00,234
7/11/2022 0:00,222
7/11/2022 1:00,197
7/11/2022 2:00,184
7/11/2022 3:00,160
7/11/2022 4:00,155
7/11/2022 5:00,150
7/11/2022 6:00,145
7/11/2022 7:00,160
7/11/2022 8:00,163
7/11/2022 9:00,174
7/11/2022 10:00,180
7/11/2022 11:00,190
7/11/2022 12:00,195
7/11/2022 13:00,198
7/11/2022 14:00,208
7/11/2022 15:00,215
7/11/2022 16:00,223
7/11/2022 17:00,230
7/11/2022 18:00,245
7/11/2022 19:00,248
7/11/2022 20:00,245
7/11/2022 21:00,243
7/11/2022 22:00,243
7/11/2022 23:00,230
7/12/2022 0:00,218
7/12/2022 1:00,210
7/12/2022 2:00,190
7/12/2022 3:00,176
7/12/2022 4:00,167
7/12/2022 5:00,155
7/12/2022 6:00,155
7/12/2022 7:00,153
7/12/2022 8:00,145
7/12/2022 9:00,168
7/12/2022 10:00,174
7/12/2022 11:00,190
7/12/2022 12:00,192
7/12/2022 13:00,193
7/12/2022 14:00,195
7/12/2022 15:00,208
7/12/2022 16:00,215
7/12/2022 17:00,228
7/12/2022 18:00,245
7/12/2022 19:00,245
7/12/2022 20:00,248
7/12/2022 21:00,255
7/12/2022 22:00,250
7/12/2022 23:00,250
7/13/2022 0:00,240
7/13/2022 1:00,235
7/13/2022 2:00,215
7/13/2022 3:00,190
7/13/2022 4:00,183
7/13/2022 5:00,150
7/13/2022 6:00,135
7/13/2022 7:00,152
7/13/2022 8:00,150
7/13/2022 9:00,150
7/13/2022 10:00,155
7/13/2022 11:00,169
7/13/2022 12:00,180
7/13/2022 13:00,190
7/13/2022 14:00,195
7/13/2022 15:00,200
7/13/2022 16:00,205
7/13/2022 17:00,210
7/13/2022 18:00,220
7/13/2022 19:00,235
7/13/2022 20:00,245
7/13/2022 21:00,250
7/13/2022 22:00,248
7/13/2022 23:00,244
7/14/2022 0:00,240
7/14/2022 1:00,230
7/14/2022 2:00,212
7/14/2022 3:00,200
7/14/2022 4:00,180
7/14/2022 5:00,155
7/14/2022 6:00,150
7/14/2022 7:00,130
7/14/2022 8:00,132
7/14/2022 9:00,135
7/14/2022 10:00,140
7/14/2022 11:00,155
7/14/2022 12:00,165
7/14/2022 13:00,172
7/14/2022 14:00,180
7/14/2022 15:00,190
7/14/2022 16:00,195
7/14/2022 17:00,205
7/14/2022 18:00,220
7/14/2022 19:00,234
7/14/2022 20:00,243
7/14/2022 21:00,253
7/14/2022 22:00,260
7/14/2022 23:00,255
7/15/2022 0:00,255
7/15/2022 1:00,248
7/15/2022 2:00,230
7/15/2022 3:00,220
7/15/2022 4:00,205
7/15/2022 5:00,185
7/15/2022 6:00,168
7/15/2022 7:00,155
7/15/2022 8:00,148
7/15/2022 9:00,146
7/15/2022 10:00,160
7/15/2022 11:00,163
7/15/2022 12:00,174
7/15/2022 13:00,178
7/15/2022 14:00,192
7/15/2022 15:00,202
7/15/2022 16:00,209
7/15/2022 17:00,217
7/15/2022 18:00,217
7/15/2022 19:00,220
7/15/2022 20:00,237
7/15/2022 21:00,251
7/15/2022 22:00,258
7/15/2022 23:00,254
7/16/2022 0:00,250
7/16/2022 1:00,242
7/16/2022 2:00,228
7/16/2022 3:00,229
7/16/2022 4:00,204
7/16/2022 5:00,190
7/16/2022 6:00,175
7/16/2022 7:00,160
7/16/2022 8:00,145
7/16/2022 9:00,137
7/16/2022 10:00,130
7/16/2022 11:00,137
7/16/2022 12:00,136
7/16/2022 13:00,145
7/16/2022 14:00,166
7/16/2022 15:00,169
7/16/2022 16:00,180
7/16/2022 17:00,190
7/16/2022 18:00,192
7/16/2022 19:00,193
7/16/2022 20:00,195
7/16/2022 21:00,215
7/16/2022 22:00,218
7/16/2022 23:00,225
7/17/2022 0:00,225
7/17/2022 1:00,224
7/17/2022 2:00,214
7/17/2022 3:00,213
7/17/2022 4:00,200
7/17/2022 5:00,197
7/17/2022 6:00,180
7/17/2022 7:00,170
7/17/2022 8:00,155
7/17/2022 9:00,153
7/17/2022 10:00,150
7/17/2022 11:00,162
7/17/2022 12:00,165
7/17/2022 13:00,168
7/17/2022 14:00,178
7/17/2022 15:00,175
7/17/2022 16:00,190
7/17/2022 17:00,195
7/17/2022 18:00,205
7/17/2022 19:00,205
7/17/2022 20:00,203
7/17/2022 21:00,205
7/17/2022 22:00,220
7/17/2022 23:00,228
7/18/2022 0:00,230
7/18/2022 1:00,224
7/18/2022 2:00,220
7/18/2022 3:00,210
7/18/2022 4:00,200
7/18/2022 5:00,197
7/18/2022 6:00,192
7/18/2022 7:00,185
7/18/2022 8:00,178
7/18/2022 9:00,165
7/18/2022 10:00,169
7/18/2022 11:00,178
7/18/2022 12:00,180
7/18/2022 13:00,185
7/18/2022 14:00,190
7/18/2022 15:00,190
7/18/2022 16:00,203
7/18/2022 17:00,210
7/18/2022 18:00,210
7/18/2022 19:00,215
7/18/2022 20:00,210
7/18/2022 21:00,218
7/18/2022 22:00,215
7/18/2022 23:00,220
7/19/2022 0:00,222
7/19/2022 1:00,225
7/19/2022 2:00,219
7/19/2022 3:00,210
7/19/2022 4:00,203
7/19/2022 5:00,195
7/19/2022 6:00,192
7/19/2022 7:00,182
7/19/2022 8:00,180
7/19/2022 9:00,180
7/19/2022 10:00,173
7/19/2022 11:00,180
7/19/2022 12:00,175
7/19/2022 13:00,175
7/19/2022 14:00,190
7/19/2022 15:00,195
7/19/2022 16:00,205
7/19/2022 17:00,215
7/19/2022 18:00,213
7/19/2022 19:00,220
7/19/2022 20:00,225
7/19/2022 21:00,220
7/19/2022 22:00,218
7/19/2022 23:00,212
7/20/2022 0:00,205
7/20/2022 1:00,200
7/20/2022 2:00,195
7/20/2022 3:00,190
7/20/2022 4:00,188
7/20/2022 5:00,182
7/20/2022 6:00,195
7/20/2022 7:00,185
7/20/2022 8:00,193
7/20/2022 9:00,190
7/20/2022 10:00,192
7/20/2022 11:00,190
7/20/2022 12:00,183
7/20/2022 13:00,194
7/20/2022 14:00,202
7/20/2022 15:00,205
7/20/2022 16:00,214
7/20/2022 17:00,215
7/20/2022 18:00,228
7/20/2022 19:00,230
7/20/2022 20:00,233
7/20/2022 21:00,238
7/20/2022 22:00,228
7/20/2022 23:00,219
7/21/2022 0:00,210
7/21/2022 1:00,202
7/21/2022 2:00,195
7/21/2022 3:00,185
7/21/2022 4:00,180
7/21/2022 5:00,172
7/21/2022 6:00,173
7/21/2022 7:00,188
7/21/2022 8:00,180
7/21/2022 9:00,190
7/21/2022 10:00,180
7/21/2022 11:00,185
7/21/2022 12:00,186
7/21/2022 13:00,190
7/21/2022 14:00,192
7/21/2022 15:00,210
7/21/2022 16:00,210
7/21/2022 17:00,215
7/21/2022 18:00,228
7/21/2022 19:00,233
7/21/2022 20:00,225
7/21/2022 21:00,230
7/21/2022 22:00,230
7/21/2022 23:00,223
7/22/2022 0:00,210
7/22/2022 1:00,195
7/22/2022 2:00,187
7/22/2022 3:00,182
7/22/2022 4:00,173
7/22/2022 5:00,155
7/22/2022 6:00,156
7/22/2022 7:00,170
7/22/2022 8:00,180
7/22/2022 9:00,190
7/22/2022 10:00,190
7/22/2022 11:00,200
7/22/2022 12:00,203
7/22/2022 13:00,205
7/22/2022 14:00,215
7/22/2022 15:00,218
7/22/2022 16:00,220
7/22/2022 17:00,238
7/22/2022 18:00,232
7/22/2022 19:00,245
7/22/2022 20:00,240
7/22/2022 21:00,242
7/22/2022 22:00,232
7/22/2022 23:00,223
7/23/2022 0:00,214
7/23/2022 1:00,200
7/23/2022 2:00,184
7/23/2022 3:00,164
7/23/2022 4:00,160
7/23/2022 5:00,145
7/23/2022 6:00,145
7/23/2022 7:00,140
7/23/2022 8:00,160
7/23/2022 9:00,168
7/23/2022 10:00,175
7/23/2022 11:00,180
7/23/2022 12:00,190
7/23/2022 13:00,195
7/23/2022 14:00,200
7/23/2022 15:00,198
7/23/2022 16:00,210
7/23/2022 17:00,213
7/23/2022 18:00,225
7/23/2022 19:00,235
7/23/2022 20:00,233
7/23/2022 21:00,233
7/23/2022 22:00,230
7/23/2022 23:00,220
7/24/2022 0:00,209
7/24/2022 1:00,190
7/24/2022 2:00,180
7/24/2022 3:00,165
7/24/2022 4:00,155
7/24/2022 5:00,153
7/24/2022 6:00,150
7/24/2022 7:00,158
7/24/2022 8:00,173
7/24/2022 9:00,175
7/24/2022 10:00,187
7/24/2022 11:00,190
7/24/2022 12:00,200
7/24/2022 13:00,204
7/24/2022 14:00,210
7/24/2022 15:00,215
7/24/2022 16:00,212
7/24/2022 17:00,220
7/24/2022 18:00,230
7/24/2022 19:00,240
7/24/2022 20:00,245
7/24/2022 21:00,248
7/24/2022 22:00,240
7/24/2022 23:00,230
7/25/2022 0:00,220
7/25/2022 1:00,205
7/25/2022 2:00,192
7/25/2022 3:00,173
7/25/2022 4:00,170
7/25/2022 5:00,153
7/25/2022 6:00,150
7/25/2022 7:00,149
7/25/2022 8:00,157
7/25/2022 9:00,168
7/25/2022 10:00,177
7/25/2022 11:00,185
7/25/2022 12:00,195
7/25/2022 13:00,200
7/25/2022 14:00,202
7/25/2022 15:00,208
7/25/2022 16:00,214
7/25/2022 17:00,216
7/25/2022 18:00,226
7/25/2022 19:00,234
7/25/2022 20:00,236
7/25/2022 21:00,242
7/25/2022 22:00,230
7/25/2022 23:00,223
7/26/2022 0:00,212
7/26/2022 1:00,198
7/26/2022 2:00,195
7/26/2022 3:00,185
7/26/2022 4:00,168
7/26/2022 5:00,162
7/26/2022 6:00,155
7/26/2022 7:00,150
7/26/2022 8:00,155
7/26/2022 9:00,156
7/26/2022 10:00,168
7/26/2022 11:00,178
7/26/2022 12:00,182
7/26/2022 13:00,195
7/26/2022 14:00,192
7/26/2022 15:00,198
7/26/2022 16:00,201
7/26/2022 17:00,210
7/26/2022 18:00,218
7/26/2022 19:00,223
7/26/2022 20:00,225
7/26/2022 21:00,230
7/26/2022 22:00,225
7/26/2022 23:00,220
7/27/2022 0:00,213
7/27/2022 1:00,203
7/27/2022 2:00,198
7/27/2022 3:00,180
7/27/2022 4:00,170
7/27/2022 5:00,156
7/27/2022 6:00,151
7/27/2022 7:00,150
7/27/2022 8:00,152
7/27/2022 9:00,153
7/27/2022 10:00,160
7/27/2022 11:00,178
7/27/2022 12:00,182
7/27/2022 13:00,193
7/27/2022 14:00,197
7/27/2022 15:00,196
7/27/2022 16:00,200
7/27/2022 17:00,204
7/27/2022 18:00,208
7/27/2022 19:00,220
7/27/2022 20:00,230
7/27/2022 21:00,230
7/27/2022 22:00,228
7/27/2022 23:00,223
7/28/2022 0:00,210
7/28/2022 1:00,210
7/28/2022 2:00,202
7/28/2022 3:00,187
7/28/2022 4:00,173
7/28/2022 5:00,164
7/28/2022 6:00,155
7/28/2022 7:00,160
7/28/2022 8:00,155
7/28/2022 9:00,156
7/28/2022 10:00,170
7/28/2022 11:00,175
7/28/2022 12:00,180
7/28/2022 13:00,190
7/28/2022 14:00,190
7/28/2022 15:00,200
7/28/2022 16:00,204
7/28/2022 17:00,210
7/28/2022 18:00,211
7/28/2022 19:00,220
7/28/2022 20:00,237
7/28/2022 21:00,239
7/28/2022 22:00,235
7/28/2022 23:00,230
7/29/2022 0:00,222
7/29/2022 1:00,218
7/29/2022 2:00,210
7/29/2022 3:00,202
7/29/2022 4:00,190
7/29/2022 5:00,170
7/29/2022 6:00,173
7/29/2022 7:00,160
7/29/2022 8:00,165
7/29/2022 9:00,165
7/29/2022 10:00,168
7/29/2022 11:00,176
7/29/2022 12:00,188
7/29/2022 13:00,193
7/29/2022 14:00,196
7/29/2022 15:00,205
7/29/2022 16:00,210
7/29/2022 17:00,218
7/29/2022 18:00,225
7/29/2022 19:00,225
7/29/2022 20:00,228
7/29/2022 21:00,230
7/29/2022 22:00,227
7/29/2022 23:00,223
7/30/2022 0:00,220
7/30/2022 1:00,215
7/30/2022 2:00,218
7/30/2022 3:00,196
7/30/2022 4:00,190
7/30/2022 5:00,180
7/30/2022 6:00,172
7/30/2022 7:00,162
7/30/2022 8:00,158
7/30/2022 9:00,162
7/30/2022 10:00,159
7/30/2022 11:00,173
7/30/2022 12:00,172
7/30/2022 13:00,185
7/30/2022 14:00,188
7/30/2022 15:00,190
7/30/2022 16:00,195
7/30/2022 17:00,198
7/30/2022 18:00,203
7/30/2022 19:00,213
7/30/2022 20:00,220
7/30/2022 21:00,228
7/30/2022 22:00,232
7/30/2022 23:00,225
7/31/2022 0:00,220
7/31/2022 1:00,214
7/31/2022 2:00,208
7/31/2022 3:00,200
7/31/2022 4:00,191
7/31/2022 5:00,182
7/31/2022 6:00,173
7/31/2022 7:00,168
7/31/2022 8:00,163
7/31/2022 9:00,160
7/31/2022 10:00,160
7/31/2022 11:00,170
7/31/2022 12:00,170
7/31/2022 13:00,180
7/31/2022 14:00,182
7/31/2022 15:00,190
7/31/2022 16:00,197
7/31/2022 17:00,202
7/31/2022 18:00,208
7/31/2022 19:00,210
7/31/2022 20:00,220
7/31/2022 21:00,230
7/31/2022 22:00,222
7/31/2022 23:00,225
8/1/2022 0:00,228
8/1/2022 1:00,210
8/1/2022 2:00,215
8/1/2022 3:00,198
8/1/2022 4:00,194
8/1/2022 5:00,180
8/1/2022 6:00,185
8/1/2022 7:00,172
8/1/2022 8:00,172
8/1/2022 9:00,173
8/1/2022 10:00,178
8/1/2022 11:00,180
8/1/2022 12:00,185
8/1/2022 13:00,190
8/1/2022 14:00,193
8/1/2022 15:00,195
8/1/2022 16:00,198
8/1/2022 17:00,205
8/1/2022 18:00,215
8/1/2022 19:00,216
8/1/2022 20:00,220
8/1/2022 21:00,221
8/1/2022 22:00,220
8/1/2022 23:00,222
8/2/2022 0:00,213
8/2/2022 1:00,210
8/2/2022 2:00,198
8/2/2022 3:00,197
8/2/2022 4:00,193
8/2/2022 5:00,190
8/2/2022 6:00,188
8/2/2022 7:00,178
8/2/2022 8:00,186
8/2/2022 9:00,183
8/2/2022 10:00,179
8/2/2022 11:00,180
8/2/2022 12:00,179
8/2/2022 13:00,184
8/2/2022 14:00,185
8/2/2022 15:00,195
8/2/2022 16:00,208
8/2/2022 17:00,209
8/2/2022 18:00,210
8/2/2022 19:00,215
8/2/2022 20:00,220
8/2/2022 21:00,216
8/2/2022 22:00,219
8/2/2022 23:00,216
8/3/2022 0:00,212
8/3/2022 1:00,210
8/3/2022 2:00,202
8/3/2022 3:00,200
8/3/2022 4:00,196
8/3/2022 5:00,194
8/3/2022 6:00,193
8/3/2022 7:00,193
8/3/2022 8:00,185
8/3/2022 9:00,184
8/3/2022 10:00,187
8/3/2022 11:00,188
8/3/2022 12:00,190
8/3/2022 13:00,186
8/3/2022 14:00,198
8/3/2022 15:00,210
8/3/2022 16:00,212
8/3/2022 17:00,210
8/3/2022 18:00,218
8/3/2022 19:00,219
8/3/2022 20:00,215
8/3/2022 21:00,220
8/3/2022 22:00,210
8/3/2022 23:00,208
8/4/2022 0:00,200
8/4/2022 1:00,198
8/4/2022 2:00,190
8/4/2022 3:00,177
8/4/2022 4:00,180
8/4/2022 5:00,175
8/4/2022 6:00,172
8/4/2022 7:00,182
8/4/2022 8:00,190
8/4/2022 9:00,190
8/4/2022 10:00,189
8/4/2022 11:00,189
8/4/2022 12:00,195
8/4/2022 13:00,198
8/4/2022 14:00,205
8/4/2022 15:00,210
8/4/2022 16:00,213
8/4/2022 17:00,215
8/4/2022 18:00,225
8/4/2022 19:00,220
8/4/2022 20:00,225
8/4/2022 21:00,215
8/4/2022 22:00,213
8/4/2022 23:00,205
8/5/2022 0:00,200
8/5/2022 1:00,197
8/5/2022 2:00,190
8/5/2022 3:00,185
8/5/2022 4:00,183
8/5/2022 5:00,180
8/5/2022 6:00,190
8/5/2022 7:00,188
8/5/2022 8:00,189
8/5/2022 9:00,193
8/5/2022 10:00,192
8/5/2022 11:00,201
8/5/2022 12:00,200
8/5/2022 13:00,200
8/5/2022 14:00,210
8/5/2022 15:00,212
8/5/2022 16:00,208
8/5/2022 17:00,218
8/5/2022 18:00,220
8/5/2022 19:00,229
8/5/2022 20:00,233
8/5/2022 21:00,226
8/5/2022 22:00,210
8/5/2022 23:00,195
8/6/2022 0:00,192
8/6/2022 1:00,175
8/6/2022 2:00,165
8/6/2022 3:00,155
8/6/2022 4:00,145
8/6/2022 5:00,155
8/6/2022 6:00,165
8/6/2022 7:00,173
8/6/2022 8:00,175
8/6/2022 9:00,180
8/6/2022 10:00,175
8/6/2022 11:00,190
8/6/2022 12:00,185
8/6/2022 13:00,200
8/6/2022 14:00,200
8/6/2022 15:00,210
8/6/2022 16:00,217
8/6/2022 17:00,228
8/6/2022 18:00,229
8/6/2022 19:00,232
8/6/2022 20:00,230
8/6/2022 21:00,225
8/6/2022 22:00,215
8/6/2022 23:00,190
8/7/2022 0:00,180
8/7/2022 1:00,165
8/7/2022 2:00,158
8/7/2022 3:00,148
8/7/2022 4:00,143
8/7/2022 5:00,150
8/7/2022 6:00,158
8/7/2022 7:00,166
8/7/2022 8:00,180
8/7/2022 9:00,189
8/7/2022 10:00,193
8/7/2022 11:00,195
8/7/2022 12:00,197
8/7/2022 13:00,205
8/7/2022 14:00,207
8/7/2022 15:00,215
8/7/2022 16:00,223
8/7/2022 17:00,228
8/7/2022 18:00,231
8/7/2022 19:00,238
8/7/2022 20:00,230
8/7/2022 21:00,233
8/7/2022 22:00,225
8/7/2022 23:00,210
8/8/2022 0:00,185
8/8/2022 1:00,169
8/8/2022 2:00,150
8/8/2022 3:00,140
8/8/2022 4:00,135
8/8/2022 5:00,136
8/8/2022 6:00,140
8/8/2022 7:00,146
8/8/2022 8:00,148
8/8/2022 9:00,169
8/8/2022 10:00,180
8/8/2022 11:00,182
8/8/2022 12:00,190
8/8/2022 13:00,195
8/8/2022 14:00,195
8/8/2022 15:00,205
8/8/2022 16:00,213
8/8/2022 17:00,220
8/8/2022 18:00,228
8/8/2022 19:00,230
8/8/2022 20:00,230
8/8/2022 21:00,232
8/8/2022 22:00,228
8/8/2022 23:00,218
8/9/2022 0:00,200
8/9/2022 1:00,180
8/9/2022 2:00,169
8/9/2022 3:00,150
8/9/2022 4:00,142
8/9/2022 5:00,135
8/9/2022 6:00,143
8/9/2022 7:00,152
8/9/2022 8:00,150
8/9/2022 9:00,168
8/9/2022 10:00,180
8/9/2022 11:00,190
8/9/2022 12:00,196
8/9/2022 13:00,198
8/9/2022 14:00,200
8/9/2022 15:00,210
8/9/2022 16:00,216
8/9/2022 17:00,230
8/9/2022 18:00,239
8/9/2022 19:00,253
8/9/2022 20:00,252
8/9/2022 21:00,248
8/9/2022 22:00,240
8/9/2022 23:00,238
8/10/2022 0:00,225
8/10/2022 1:00,208
8/10/2022 2:00,187
8/10/2022 3:00,152
8/10/2022 4:00,152
8/10/2022 5:00,150
8/10/2022 6:00,140
8/10/2022 7:00,142
8/10/2022 8:00,150
8/10/2022 9:00,160
8/10/2022 10:00,180
8/10/2022 11:00,185
8/10/2022 12:00,195
8/10/2022 13:00,195
8/10/2022 14:00,200
8/10/2022 15:00,205
8/10/2022 16:00,210
8/10/2022 17:00,220
8/10/2022 18:00,230
8/10/2022 19:00,235
8/10/2022 20:00,245
8/10/2022 21:00,250
8/10/2022 22:00,248
8/10/2022 23:00,243
8/11/2022 0:00,225
8/11/2022 1:00,220
8/11/2022 2:00,200
8/11/2022 3:00,190
8/11/2022 4:00,168
8/11/2022 5:00,155
8/11/2022 6:00,140
8/11/2022 7:00,145
8/11/2022 8:00,148
8/11/2022 9:00,150
8/11/2022 10:00,165
8/11/2022 11:00,174
8/11/2022 12:00,182
8/11/2022 13:00,190
8/11/2022 14:00,193
8/11/2022 15:00,182
8/11/2022 16:00,202
8/11/2022 17:00,214
8/11/2022 18:00,223
8/11/2022 19:00,234
8/11/2022 20:00,250
8/11/2022 21:00,234
8/11/2022 22:00,248
8/11/2022 23:00,245
8/12/2022 0:00,232
8/12/2022 1:00,228
8/12/2022 2:00,210
8/12/2022 3:00,198
8/12/2022 4:00,180
8/12/2022 5:00,163
8/12/2022 6:00,155
8/12/2022 7:00,140
8/12/2022 8:00,145
8/12/2022 9:00,152
8/12/2022 10:00,163
8/12/2022 11:00,170
8/12/2022 12:00,185
8/12/2022 13:00,195
8/12/2022 14:00,197
8/12/2022 15:00,197
8/12/2022 16:00,200
8/12/2022 17:00,200
8/12/2022 18:00,205
8/12/2022 19:00,220
8/12/2022 20:00,232
8/12/2022 21:00,240
8/12/2022 22:00,245
8/12/2022 23:00,240
8/13/2022 0:00,239
8/13/2022 1:00,225
8/13/2022 2:00,220
8/13/2022 3:00,204
8/13/2022 4:00,192
8/13/2022 5:00,180
8/13/2022 6:00,167
8/13/2022 7:00,152
8/13/2022 8:00,155
8/13/2022 9:00,163
8/13/2022 10:00,170
8/13/2022 11:00,172
8/13/2022 12:00,182
8/13/2022 13:00,188
8/13/2022 14:00,188
8/13/2022 15:00,190
8/13/2022 16:00,197
8/13/2022 17:00,200
8/13/2022 18:00,205
8/13/2022 19:00,212
8/13/2022 20:00,233
8/13/2022 21:00,235
8/13/2022 22:00,240
8/13/2022 23:00,230
8/14/2022 0:00,228
8/14/2022 1:00,217
8/14/2022 2:00,209
8/14/2022 3:00,205
8/14/2022 4:00,192
8/14/2022 5:00,180
8/14/2022 6:00,170
8/14/2022 7:00,160
8/14/2022 8:00,158
8/14/2022 9:00,165
8/14/2022 10:00,170
8/14/2022 11:00,185
8/14/2022 12:00,190
8/14/2022 13:00,186
8/14/2022 14:00,197
8/14/2022 15:00,201
8/14/2022 16:00,200
8/14/2022 17:00,204
8/14/2022 18:00,198
8/14/2022 19:00,208
8/14/2022 20:00,198
8/14/2022 21:00,202
8/14/2022 22:00,215
8/14/2022 23:00,225
8/15/2022 0:00,220
8/15/2022 1:00,218
8/15/2022 2:00,200
8/15/2022 3:00,208
8/15/2022 4:00,196
8/15/2022 5:00,189
8/15/2022 6:00,180
8/15/2022 7:00,173
8/15/2022 8:00,167
8/15/2022 9:00,170
8/15/2022 10:00,170
8/15/2022 11:00,178
8/15/2022 12:00,180
8/15/2022 13:00,190
8/15/2022 14:00,198
8/15/2022 15:00,200
8/15/2022 16:00,198
8/15/2022 17:00,205
8/15/2022 18:00,202
8/15/2022 19:00,208
8/15/2022 20:00,206
8/15/2022 21:00,202
8/15/2022 22:00,210
8/15/2022 23:00,215
8/16/2022 0:00,216
8/16/2022 1:00,204
8/16/2022 2:00,192
8/16/2022 3:00,186
8/16/2022 4:00,190
8/16/2022 5:00,185
8/16/2022 6:00,180
8/16/2022 7:00,182
8/16/2022 8:00,173
8/16/2022 9:00,177
8/16/2022 10:00,165
8/16/2022 11:00,186
8/16/2022 12:00,195
8/16/2022 13:00,197
8/16/2022 14:00,198
8/16/2022 15:00,205
8/16/2022 16:00,208
8/16/2022 17:00,206
8/16/2022 18:00,210
8/16/2022 19:00,212
8/16/2022 20:00,212
8/16/2022 21:00,206
8/16/2022 22:00,202
8/16/2022 23:00,200
8/17/2022 0:00,195
8/17/2022 1:00,190
8/17/2022 2:00,190
8/17/2022 3:00,177
8/17/2022 4:00,170
8/17/2022 5:00,170
8/17/2022 6:00,172
8/17/2022 7:00,177
8/17/2022 8:00,180
8/17/2022 9:00,182
8/17/2022 10:00,183
8/17/2022 11:00,196
8/17/2022 12:00,198
8/17/2022 13:00,205
8/17/2022 14:00,210
8/17/2022 15:00,215
8/17/2022 16:00,217
8/17/2022 17:00,220
8/17/2022 18:00,218
8/17/2022 19:00,230
8/17/2022 20:00,220
8/17/2022 21:00,215
8/17/2022 22:00,203
8/17/2022 23:00,193
8/18/2022 0:00,190
8/18/2022 1:00,182
8/18/2022 2:00,176
8/18/2022 3:00,168
8/18/2022 4:00,172
8/18/2022 5:00,160
8/18/2022 6:00,173
8/18/2022 7:00,183
8/18/2022 8:00,190
8/18/2022 9:00,190
8/18/2022 10:00,192
8/18/2022 11:00,197
8/18/2022 12:00,210
8/18/2022 13:00,220
8/18/2022 14:00,217
8/18/2022 15:00,215
8/18/2022 16:00,220
8/18/2022 17:00,220
8/18/2022 18:00,232
8/18/2022 19:00,234
8/18/2022 20:00,230
8/18/2022 21:00,223
8/18/2022 22:00,214
8/18/2022 23:00,200
8/19/2022 0:00,190
8/19/2022 1:00,190
8/19/2022 2:00,185
8/19/2022 3:00,180
8/19/2022 4:00,165
8/19/2022 5:00,160
8/19/2022 6:00,180
8/19/2022 7:00,186
8/19/2022 8:00,190
8/19/2022 9:00,200
8/19/2022 10:00,198
8/19/2022 11:00,204
8/19/2022 12:00,210
8/19/2022 13:00,210
8/19/2022 14:00,220
8/19/2022 15:00,225
8/19/2022 16:00,233
8/19/2022 17:00,229
8/19/2022 18:00,240
8/19/2022 19:00,245
8/19/2022 20:00,240
8/19/2022 21:00,225
8/19/2022 22:00,225
8/19/2022 23:00,210
8/20/2022 0:00,197
8/20/2022 1:00,190
8/20/2022 2:00,173
8/20/2022 3:00,167
8/20/2022 4:00,167
8/20/2022 5:00,160
8/20/2022 6:00,168
8/20/2022 7:00,180
8/20/2022 8:00,192
8/20/2022 9:00,194
8/20/2022 10:00,201
8/20/2022 11:00,204
8/20/2022 12:00,203
8/20/2022 13:00,212
8/20/2022 14:00,220
8/20/2022 15:00,220
8/20/2022 16:00,231
8/20/2022 17:00,235
8/20/2022 18:00,238
8/20/2022 19:00,245
8/20/2022 20:00,247
8/20/2022 21:00,240
8/20/2022 22:00,234
8/20/2022 23:00,225
8/21/2022 0:00,200
8/21/2022 1:00,188
8/21/2022 2:00,178
8/21/2022 3:00,172
8/21/2022 4:00,168
8/21/2022 5:00,163
8/21/2022 6:00,173
8/21/2022 7:00,178
8/21/2022 8:00,183
8/21/2022 9:00,186
8/21/2022 10:00,190
8/21/2022 11:00,197
8/21/2022 12:00,197
8/21/2022 13:00,206
8/21/2022 14:00,210
8/21/2022 15:00,205
8/21/2022 16:00,220
8/21/2022 17:00,229
8/21/2022 18:00,230
8/21/2022 19:00,245
8/21/2022 20:00,243
8/21/2022 21:00,240
8/21/2022 22:00,230
8/21/2022 23:00,220
8/22/2022 0:00,200
8/22/2022 1:00,185
8/22/2022 2:00,170
8/22/2022 3:00,160
8/22/2022 4:00,152
8/22/2022 5:00,150
8/22/2022 6:00,145
8/22/2022 7:00,142
8/22/2022 8:00,160
8/22/2022 9:00,178
8/22/2022 10:00,193
8/22/2022 11:00,205
8/22/2022 12:00,202
8/22/2022 13:00,202
8/22/2022 14:00,205
8/22/2022 15:00,203
8/22/2022 16:00,212
8/22/2022 17:00,220
8/22/2022 18:00,225
8/22/2022 19:00,235
8/22/2022 20:00,235
8/22/2022 21:00,235
8/22/2022 22:00,224
8/22/2022 23:00,216
8/23/2022 0:00,207
8/23/2022 1:00,195
8/23/2022 2:00,180
8/23/2022 3:00,165
8/23/2022 4:00,161
8/23/2022 5:00,158
8/23/2022 6:00,160
8/23/2022 7:00,160
8/23/2022 8:00,173
8/23/2022 9:00,180
8/23/2022 10:00,185
8/23/2022 11:00,192
8/23/2022 12:00,199
8/23/2022 13:00,205
8/23/2022 14:00,196
8/23/2022 15:00,205
8/23/2022 16:00,202
8/23/2022 17:00,220
8/23/2022 18:00,230
8/23/2022 19:00,231
8/23/2022 20:00,240
8/23/2022 21:00,240
8/23/2022 22:00,235
8/23/2022 23:00,228
8/24/2022 0:00,215
8/24/2022 1:00,198
8/24/2022 2:00,190
8/24/2022 3:00,172
8/24/2022 4:00,168
8/24/2022 5:00,150
8/24/2022 6:00,152
8/24/2022 7:00,155
8/24/2022 8:00,165
8/24/2022 9:00,170
8/24/2022 10:00,180
8/24/2022 11:00,192
8/24/2022 12:00,194
8/24/2022 13:00,200
8/24/2022 14:00,195
8/24/2022 15:00,200
8/24/2022 16:00,210
8/24/2022 17:00,220
8/24/2022 18:00,224
8/24/2022 19:00,230
8/24/2022 20:00,230
8/24/2022 21:00,240
8/24/2022 22:00,220
8/24/2022 23:00,224
8/25/2022 0:00,215
8/25/2022 1:00,200
8/25/2022 2:00,190
8/25/2022 3:00,180
8/25/2022 4:00,165
8/25/2022 5:00,160
8/25/2022 6:00,156
8/25/2022 7:00,150
8/25/2022 8:00,162
8/25/2022 9:00,171
8/25/2022 10:00,173
8/25/2022 11:00,180
8/25/2022 12:00,184
8/25/2022 13:00,195
8/25/2022 14:00,190
8/25/2022 15:00,194
8/25/2022 16:00,195
8/25/2022 17:00,210
8/25/2022 18:00,209
8/25/2022 19:00,220
8/25/2022 20:00,223
8/25/2022 21:00,220
8/25/2022 22:00,218
8/25/2022 23:00,210
8/26/2022 0:00,205
8/26/2022 1:00,195
8/26/2022 2:00,190
8/26/2022 3:00,186
8/26/2022 4:00,170
8/26/2022 5:00,164
8/26/2022 6:00,160
8/26/2022 7:00,162
8/26/2022 8:00,164
8/26/2022 9:00,170
8/26/2022 10:00,179
8/26/2022 11:00,187
8/26/2022 12:00,185
8/26/2022 13:00,190
8/26/2022 14:00,181
8/26/2022 15:00,192
8/26/2022 16:00,193
8/26/2022 17:00,203
8/26/2022 18:00,210
8/26/2022 19:00,215
8/26/2022 20:00,228
8/26/2022 21:00,231
8/26/2022 22:00,233
8/26/2022 23:00,220
8/27/2022 0:00,225
8/27/2022 1:00,213
8/27/2022 2:00,205
8/27/2022 3:00,207
8/27/2022 4:00,190
8/27/2022 5:00,190
8/27/2022 6:00,180
8/27/2022 7:00,182
8/27/2022 8:00,178
8/27/2022 9:00,175
8/27/2022 10:00,188
8/27/2022 11:00,189
8/27/2022 12:00,188
8/27/2022 13:00,195
8/27/2022 14:00,190
8/27/2022 15:00,192
8/27/2022 16:00,195
8/27/2022 17:00,210
8/27/2022 18:00,198
8/27/2022 19:00,215
8/27/2022 20:00,230
8/27/2022 21:00,240
8/27/2022 22:00,232
8/27/2022 23:00,230
8/28/2022 0:00,218
8/28/2022 1:00,220
8/28/2022 2:00,210
8/28/2022 3:00,192
8/28/2022 4:00,190
8/28/2022 5:00,185
8/28/2022 6:00,172
8/28/2022 7:00,180
8/28/2022 8:00,178
8/28/2022 9:00,183
8/28/2022 10:00,184
8/28/2022 11:00,192
8/28/2022 12:00,191
8/28/2022 13:00,194
8/28/2022 14:00,200
8/28/2022 15:00,205
8/28/2022 16:00,205
8/28/2022 17:00,200
8/28/2022 18:00,205
8/28/2022 19:00,210
8/28/2022 20:00,212
8/28/2022 21:00,223
8/28/2022 22:00,223
8/28/2022 23:00,227
8/29/2022 0:00,220
8/29/2022 1:00,210
8/29/2022 2:00,205
8/29/2022 3:00,198
8/29/2022 4:00,189
8/29/2022 5:00,180
8/29/2022 6:00,178
8/29/2022 7:00,178
8/29/2022 8:00,169
8/29/2022 9:00,180
8/29/2022 10:00,183
8/29/2022 11:00,190
8/29/2022 12:00,189
8/29/2022 13:00,192
8/29/2022 14:00,183
8/29/2022 15:00,183
8/29/2022 16:00,191
8/29/2022 17:00,203
8/29/2022 18:00,200
8/29/2022 19:00,204
8/29/2022 20:00,213
8/29/2022 21:00,210
8/29/2022 22:00,222
8/29/2022 23:00,215
8/30/2022 0:00,218
8/30/2022 1:00,203
8/30/2022 2:00,198
8/30/2022 3:00,198
8/30/2022 4:00,187
8/30/2022 5:00,175
8/30/2022 6:00,174
8/30/2022 7:00,177
8/30/2022 8:00,177
8/30/2022 9:00,178
8/30/2022 10:00,188
8/30/2022 11:00,190
8/30/2022 12:00,205
8/30/2022 13:00,192
8/30/2022 14:00,198
8/30/2022 15:00,197
8/30/2022 16:00,202
8/30/2022 17:00,200
8/30/2022 18:00,203
8/30/2022 19:00,208
8/30/2022 20:00,206
8/30/2022 21:00,200
8/30/2022 22:00,205
8/30/2022 23:00,200
8/31/2022 0:00,200
8/31/2022 1:00,195
8/31/2022 2:00,170
8/31/2022 3:00,180
8/31/2022 4:00,173
8/31/2022 5:00,172
8/31/2022 6:00,178
8/31/2022 7:00,170
8/31/2022 8:00,178
8/31/2022 9:00,185
8/31/2022 10:00,187
8/31/2022 11:00,190
8/31/2022 12:00,192
8/31/2022 13:00,195
8/31/2022 14:00,198
8/31/2022 15:00,200
8/31/2022 16:00,207
8/31/2022 17:00,200
8/31/2022 18:00,205
8/31/2022 19:00,194
8/31/2022 20:00,190
8/31/2022 21:00,188
8/31/2022 22:00,188
8/31/2022 23:00,183
9/1/2022 0:00,198
9/1/2022 1:00,193
9/1/2022 2:00,185
9/1/2022 3:00,185
9/1/2022 4:00,185
9/1/2022 5:00,180
9/1/2022 6:00,185
9/1/2022 7:00,190
9/1/2022 8:00,192
9/1/2022 9:00,200
9/1/2022 10:00,210
9/1/2022 11:00,214
9/1/2022 12:00,220
9/1/2022 13:00,222
9/1/2022 14:00,220
9/1/2022 15:00,225
9/1/2022 16:00,227
9/1/2022 17:00,225
9/1/2022 18:00,225
9/1/2022 19:00,225
9/1/2022 20:00,214
9/1/2022 21:00,200
9/1/2022 22:00,203
9/1/2022 23:00,192
9/2/2022 0:00,188
9/2/2022 1:00,180
9/2/2022 2:00,178
9/2/2022 3:00,173
9/2/2022 4:00,165
9/2/2022 5:00,160
9/2/2022 6:00,170
9/2/2022 7:00,198
9/2/2022 8:00,195
9/2/2022 9:00,200
9/2/2022 10:00,205
9/2/2022 11:00,205
9/2/2022 12:00,215
9/2/2022 13:00,218
9/2/2022 14:00,217
9/2/2022 15:00,220
9/2/2022 16:00,220
9/2/2022 17:00,222
9/2/2022 18:00,225
9/2/2022 19:00,220
9/2/2022 20:00,210
9/2/2022 21:00,203
9/2/2022 22:00,180
9/2/2022 23:00,185
9/3/2022 0:00,166
9/3/2022 1:00,164
9/3/2022 2:00,160
9/3/2022 3:00,165
9/3/2022 4:00,164
9/3/2022 5:00,175
9/3/2022 6:00,180
9/3/2022 7:00,188
9/3/2022 8:00,190
9/3/2022 9:00,188
9/3/2022 10:00,185
9/3/2022 11:00,204
9/3/2022 12:00,209
9/3/2022 13:00,220
9/3/2022 14:00,223
9/3/2022 15:00,215
9/3/2022 16:00,217
9/3/2022 17:00,217
9/3/2022 18:00,218
9/3/2022 19:00,205
9/3/2022 20:00,205
9/3/2022 21:00,190
9/3/2022 22:00,180
9/3/2022 23:00,170
9/4/2022 0:00,160
9/4/2022 1:00,156
9/4/2022 2:00,148
9/4/2022 3:00,140
9/4/2022 4:00,142
9/4/2022 5:00,146
9/4/2022 6:00,150
9/4/2022 7:00,170
9/4/2022 8:00,187
9/4/2022 9:00,190
9/4/2022 10:00,195
9/4/2022 11:00,194
9/4/2022 12:00,205
9/4/2022 13:00,212
9/4/2022 14:00,215
9/4/2022 15:00,223
9/4/2022 16:00,223
9/4/2022 17:00,222
9/4/2022 18:00,222
9/4/2022 19:00,225
9/4/2022 20:00,215
9/4/2022 21:00,194
9/4/2022 22:00,180
9/4/2022 23:00,168
9/5/2022 0:00,158
9/5/2022 1:00,150
9/5/2022 2:00,138
9/5/2022 3:00,134
9/5/2022 4:00,136
9/5/2022 5:00,138
9/5/2022 6:00,150
9/5/2022 7:00,170
9/5/2022 8:00,182
9/5/2022 9:00,190
9/5/2022 10:00,200
9/5/2022 11:00,202
9/5/2022 12:00,204
9/5/2022 13:00,205
9/5/2022 14:00,210
9/5/2022 15:00,214
9/5/2022 16:00,218
9/5/2022 17:00,220
9/5/2022 18:00,222
9/5/2022 19:00,230
9/5/2022 20:00,227
9/5/2022 21:00,220
9/5/2022 22:00,210
9/5/2022 23:00,182
9/6/2022 0:00,170
9/6/2022 1:00,164
9/6/2022 2:00,156
9/6/2022 3:00,145
9/6/2022 4:00,141
9/6/2022 5:00,148
9/6/2022 6:00,140
9/6/2022 7:00,170
9/6/2022 8:00,178
9/6/2022 9:00,191
9/6/2022 10:00,200
9/6/2022 11:00,205
9/6/2022 12:00,206
9/6/2022 13:00,200
9/6/2022 14:00,208
9/6/2022 15:00,215
9/6/2022 16:00,223
9/6/2022 17:00,228
9/6/2022 18:00,235
9/6/2022 19:00,238
9/6/2022 20:00,245
9/6/2022 21:00,238
9/6/2022 22:00,230
9/6/2022 23:00,215
9/7/2022 0:00,200
9/7/2022 1:00,189
9/7/2022 2:00,140
9/7/2022 3:00,158
9/7/2022 4:00,148
9/7/2022 5:00,145
9/7/2022 6:00,150
9/7/2022 7:00,160
9/7/2022 8:00,178
9/7/2022 9:00,183
9/7/2022 10:00,195
9/7/2022 11:00,202
9/7/2022 12:00,215
9/7/2022 13:00,212
9/7/2022 14:00,210
9/7/2022 15:00,215
9/7/2022 16:00,215
9/7/2022 17:00,225
9/7/2022 18:00,233
9/7/2022 19:00,240
9/7/2022 20:00,244
9/7/2022 21:00,247
9/7/2022 22:00,239
9/7/2022 23:00,230
9/8/2022 0:00,204
9/8/2022 1:00,205
9/8/2022 2:00,175
9/8/2022 3:00,165
9/8/2022 4:00,170
9/8/2022 5:00,150
9/8/2022 6:00,140
9/8/2022 7:00,168
9/8/2022 8:00,165
9/8/2022 9:00,180
9/8/2022 10:00,188
9/8/2022 11:00,200
9/8/2022 12:00,197
9/8/2022 13:00,200
9/8/2022 14:00,196
9/8/2022 15:00,197
9/8/2022 16:00,200
9/8/2022 17:00,202
9/8/2022 18:00,210
9/8/2022 19:00,220
9/8/2022 20:00,225
9/8/2022 21:00,230
9/8/2022 22:00,228
9/8/2022 23:00,216
9/9/2022 0:00,202
9/9/2022 1:00,192
9/9/2022 2:00,180
9/9/2022 3:00,167
9/9/2022 4:00,153
9/9/2022 5:00,155
9/9/2022 6:00,148
9/9/2022 7:00,150
9/9/2022 8:00,160
9/9/2022 9:00,165
9/9/2022 10:00,188
9/9/2022 11:00,190
9/9/2022 12:00,190
9/9/2022 13:00,197
9/9/2022 14:00,193
9/9/2022 15:00,190
9/9/2022 16:00,195
9/9/2022 17:00,202
9/9/2022 18:00,210
9/9/2022 19:00,215
9/9/2022 20:00,226
9/9/2022 21:00,233
9/9/2022 22:00,233
9/9/2022 23:00,234
9/10/2022 0:00,227
9/10/2022 1:00,195
9/10/2022 2:00,188
9/10/2022 3:00,185
9/10/2022 4:00,165
9/10/2022 5:00,146
9/10/2022 6:00,150
9/10/2022 7:00,160
9/10/2022 8:00,168
9/10/2022 9:00,178
9/10/2022 10:00,188
9/10/2022 11:00,192
9/10/2022 12:00,190
9/10/2022 13:00,190
9/10/2022 14:00,193
9/10/2022 15:00,190
9/10/2022 16:00,188
9/10/2022 17:00,198
9/10/2022 18:00,198
9/10/2022 19:00,197
9/10/2022 20:00,205
9/10/2022 21:00,227
9/10/2022 22:00,222
9/10/2022 23:00,220
9/11/2022 0:00,205
9/11/2022 1:00,190
9/11/2022 2:00,189
9/11/2022 3:00,182
9/11/2022 4:00,160
9/11/2022 5:00,155
9/11/2022 6:00,155
9/11/2022 7:00,153
9/11/2022 8:00,167
9/11/2022 9:00,178
9/11/2022 10:00,182
9/11/2022 11:00,190
9/11/2022 12:00,195
9/11/2022 13:00,195
9/11/2022 14:00,195
9/11/2022 15:00,198
9/11/2022 16:00,195
9/11/2022 17:00,190
9/11/2022 18:00,194
9/11/2022 19:00,195
9/11/2022 20:00,205
9/11/2022 21:00,210
9/11/2022 22:00,212
9/11/2022 23:00,214
9/12/2022 0:00,206
9/12/2022 1:00,202
9/12/2022 2:00,206
9/12/2022 3:00,190
9/12/2022 4:00,190
9/12/2022 5:00,188
9/12/2022 6:00,185
9/12/2022 7:00,178
9/12/2022 8:00,190
9/12/2022 9:00,192
9/12/2022 10:00,204
9/12/2022 11:00,220
9/12/2022 12:00,220
9/12/2022 13:00,210
9/12/2022 14:00,215
9/12/2022 15:00,205
9/12/2022 16:00,205
9/12/2022 17:00,204
9/12/2022 18:00,204
9/12/2022 19:00,205
9/12/2022 20:00,200
9/12/2022 21:00,198
9/12/2022 22:00,198
9/12/2022 23:00,200
9/13/2022 0:00,200
9/13/2022 1:00,190
9/13/2022 2:00,185
9/13/2022 3:00,186
9/13/2022 4:00,180
9/13/2022 5:00,180
9/13/2022 6:00,192
9/13/2022 7:00,187
9/13/2022 8:00,190
9/13/2022 9:00,190
9/13/2022 10:00,202
9/13/2022 11:00,210
9/13/2022 12:00,210
9/13/2022 13:00,214
9/13/2022 14:00,210
9/13/2022 15:00,210
9/13/2022 16:00,205
9/13/2022 17:00,205
9/13/2022 18:00,205
9/13/2022 19:00,192
9/13/2022 20:00,190
9/13/2022 21:00,190
9/13/2022 22:00,192
9/13/2022 23:00,194
9/14/2022 0:00,190
9/14/2022 1:00,180
9/14/2022 2:00,175
9/14/2022 3:00,182
9/14/2022 4:00,175
9/14/2022 5:00,178
9/14/2022 6:00,185
9/14/2022 7:00,185
9/14/2022 8:00,190
9/14/2022 9:00,190
9/14/2022 10:00,192
9/14/2022 11:00,205
9/14/2022 12:00,205
9/14/2022 13:00,210
9/14/2022 14:00,212
9/14/2022 15:00,220
9/14/2022 16:00,215
9/14/2022 17:00,210
9/14/2022 18:00,212
9/14/2022 19:00,205
9/14/2022 20:00,190
9/14/2022 21:00,185
9/14/2022 22:00,182
9/14/2022 23:00,180
9/15/2022 0:00,170
9/15/2022 1:00,163
9/15/2022 2:00,153
9/15/2022 3:00,165
9/15/2022 4:00,158
9/15/2022 5:00,155
9/15/2022 6:00,178
9/15/2022 7:00,180
9/15/2022 8:00,186
9/15/2022 9:00,193
9/15/2022 10:00,200
9/15/2022 11:00,208
9/15/2022 12:00,215
9/15/2022 13:00,214
9/15/2022 14:00,219
9/15/2022 15:00,218
9/15/2022 16:00,218
9/15/2022 17:00,216
9/15/2022 18:00,211
9/15/2022 19:00,212
9/15/2022 20:00,200
9/15/2022 21:00,188
9/15/2022 22:00,175
9/15/2022 23:00,165
9/16/2022 0:00,162
9/16/2022 1:00,160
9/16/2022 2:00,160
9/16/2022 3:00,158
9/16/2022 4:00,177
9/16/2022 5:00,182
9/16/2022 6:00,192
9/16/2022 7:00,204
9/16/2022 8:00,203
9/16/2022 9:00,210
9/16/2022 10:00,213
9/16/2022 11:00,218
9/16/2022 12:00,215
9/16/2022 13:00,212
9/16/2022 14:00,218
9/16/2022 15:00,213
9/16/2022 16:00,215
9/16/2022 17:00,215
9/16/2022 18:00,220
9/16/2022 19:00,212
9/16/2022 20:00,212
9/16/2022 21:00,200
9/16/2022 22:00,180
9/16/2022 23:00,168
9/17/2022 0:00,160
9/17/2022 1:00,155
9/17/2022 2:00,152
9/17/2022 3:00,150
9/17/2022 4:00,150
9/17/2022 5:00,160
9/17/2022 6:00,175
9/17/2022 7:00,185
9/17/2022 8:00,200
9/17/2022 9:00,205
9/17/2022 10:00,198
9/17/2022 11:00,204
9/17/2022 12:00,208
9/17/2022 13:00,210
9/17/2022 14:00,213
9/17/2022 15:00,220
9/17/2022 16:00,220
9/17/2022 17:00,220
9/17/2022 18:00,225
9/17/2022 19:00,219
9/17/2022 20:00,210
9/17/2022 21:00,204
9/17/2022 22:00,185
9/17/2022 23:00,166
9/18/2022 0:00,160
9/18/2022 1:00,157
9/18/2022 2:00,150
9/18/2022 3:00,150
9/18/2022 4:00,150
9/18/2022 5:00,165
9/18/2022 6:00,182
9/18/2022 7:00,195
9/18/2022 8:00,210
9/18/2022 9:00,213
9/18/2022 10:00,215
9/18/2022 11:00,210
9/18/2022 12:00,208
9/18/2022 13:00,205
9/18/2022 14:00,208
9/18/2022 15:00,210
9/18/2022 16:00,215
9/18/2022 17:00,214
9/18/2022 18:00,222
9/18/2022 19:00,222
9/18/2022 20:00,226
9/18/2022 21:00,215
9/18/2022 22:00,203
9/18/2022 23:00,190
9/19/2022 0:00,180
9/19/2022 1:00,165
9/19/2022 2:00,152
9/19/2022 3:00,156
9/19/2022 4:00,150
9/19/2022 5:00,152
9/19/2022 6:00,170
9/19/2022 7:00,188
9/19/2022 8:00,190
9/19/2022 9:00,206
9/19/2022 10:00,210
9/19/2022 11:00,207
9/19/2022 12:00,205
9/19/2022 13:00,205
9/19/2022 14:00,205
9/19/2022 15:00,203
9/19/2022 16:00,210
9/19/2022 17:00,220
9/19/2022 18:00,220
9/19/2022 19:00,215
9/19/2022 20:00,220
9/19/2022 21:00,215
9/19/2022 22:00,214
9/19/2022 23:00,210
9/20/2022 0:00,173
9/20/2022 1:00,165
9/20/2022 2:00,155
9/20/2022 3:00,148
9/20/2022 4:00,138
9/20/2022 5:00,150
9/20/2022 6:00,152
9/20/2022 7:00,168
9/20/2022 8:00,180
9/20/2022 9:00,190
9/20/2022 10:00,196
9/20/2022 11:00,196
9/20/2022 12:00,195
9/20/2022 13:00,196
9/20/2022 14:00,200
9/20/2022 15:00,202
9/20/2022 16:00,208
9/20/2022 17:00,208
9/20/2022 18:00,217
9/20/2022 19:00,220
9/20/2022 20:00,223
9/20/2022 21:00,218
9/20/2022 22:00,204
9/20/2022 23:00,196
9/21/2022 0:00,180
9/21/2022 1:00,166
9/21/2022 2:00,150
9/21/2022 3:00,150
9/21/2022 4:00,147
9/21/2022 5:00,140
9/21/2022 6:00,148
9/21/2022 7:00,165
9/21/2022 8:00,182
9/21/2022 9:00,195
9/21/2022 10:00,198
9/21/2022 11:00,200
9/21/2022 12:00,200
9/21/2022 13:00,198
9/21/2022 14:00,195
9/21/2022 15:00,203
9/21/2022 16:00,205
9/21/2022 17:00,210
9/21/2022 18:00,214
9/21/2022 19:00,225
9/21/2022 20:00,228
9/21/2022 21:00,229
9/21/2022 22:00,210
9/21/2022 23:00,200
9/22/2022 0:00,195
9/22/2022 1:00,180
9/22/2022 2:00,168
9/22/2022 3:00,157
9/22/2022 4:00,151
9/22/2022 5:00,158
9/22/2022 6:00,160
9/22/2022 7:00,167
9/22/2022 8:00,173
9/22/2022 9:00,187
9/22/2022 10:00,190
9/22/2022 11:00,198
9/22/2022 12:00,192
9/22/2022 13:00,189
9/22/2022 14:00,196
9/22/2022 15:00,200
9/22/2022 16:00,200
9/22/2022 17:00,205
9/22/2022 18:00,212
9/22/2022 19:00,213
9/22/2022 20:00,220
9/22/2022 21:00,219
9/22/2022 22:00,210
9/22/2022 23:00,205
9/23/2022 0:00,195
9/23/2022 1:00,185
9/23/2022 2:00,175
9/23/2022 3:00,172
9/23/2022 4:00,168
9/23/2022 5:00,145
9/23/2022 6:00,160
9/23/2022 7:00,170
9/23/2022 8:00,180
9/23/2022 9:00,185
9/23/2022 10:00,190
9/23/2022 11:00,180
9/23/2022 12:00,192
9/23/2022 13:00,195
9/23/2022 14:00,200
9/23/2022 15:00,195
9/23/2022 16:00,197
9/23/2022 17:00,198
9/23/2022 18:00,205
9/23/2022 19:00,214
9/23/2022 20:00,218
9/23/2022 21:00,209
9/23/2022 22:00,200
9/23/2022 23:00,190
9/24/2022 0:00,182
9/24/2022 1:00,166
9/24/2022 2:00,162
9/24/2022 3:00,165
9/24/2022 4:00,155
9/24/2022 5:00,163
9/24/2022 6:00,168
9/24/2022 7:00,178
9/24/2022 8:00,185
9/24/2022 9:00,189
9/24/2022 10:00,198
9/24/2022 11:00,200
9/24/2022 12:00,204
9/24/2022 13:00,200
9/24/2022 14:00,200
9/24/2022 15:00,204
9/24/2022 16:00,198
9/24/2022 17:00,202
9/24/2022 18:00,197
9/24/2022 19:00,204
9/24/2022 20:00,205
9/24/2022 21:00,208
9/24/2022 22:00,205
9/24/2022 23:00,208
9/25/2022 0:00,198
9/25/2022 1:00,195
9/25/2022 2:00,190
9/25/2022 3:00,178
9/25/2022 4:00,172
9/25/2022 5:00,163
9/25/2022 6:00,165
9/25/2022 7:00,163
9/25/2022 8:00,172
9/25/2022 9:00,195
9/25/2022 10:00,195
9/25/2022 11:00,186
9/25/2022 12:00,205
9/25/2022 13:00,193
9/25/2022 14:00,198
9/25/2022 15:00,195
9/25/2022 16:00,195
9/25/2022 17:00,200
9/25/2022 18:00,200
9/25/2022 19:00,207
9/25/2022 20:00,199
9/25/2022 21:00,215
9/25/2022 22:00,202
9/25/2022 23:00,202
9/26/2022 0:00,192
9/26/2022 1:00,190
9/26/2022 2:00,188
9/26/2022 3:00,180
9/26/2022 4:00,180
9/26/2022 5:00,172
9/26/2022 6:00,177
9/26/2022 7:00,180
9/26/2022 8:00,189
9/26/2022 9:00,190
9/26/2022 10:00,202
9/26/2022 11:00,200
9/26/2022 12:00,204
9/26/2022 13:00,200
9/26/2022 14:00,202
9/26/2022 15:00,200
9/26/2022 16:00,202
9/26/2022 17:00,200
9/26/2022 18:00,201
9/26/2022 19:00,190
9/26/2022 20:00,190
9/26/2022 21:00,195
9/26/2022 22:00,200
9/26/2022 23:00,195
9/27/2022 0:00,190
9/27/2022 1:00,185
9/27/2022 2:00,175
9/27/2022 3:00,180
9/27/2022 4:00,178
9/27/2022 5:00,180
9/27/2022 6:00,180
9/27/2022 7:00,178
9/27/2022 8:00,186
9/27/2022 9:00,195
9/27/2022 10:00,210
9/27/2022 11:00,205
9/27/2022 12:00,211
9/27/2022 13:00,210
9/27/2022 14:00,207
9/27/2022 15:00,205
9/27/2022 16:00,207
9/27/2022 17:00,205
9/27/2022 18:00,200
9/27/2022 19:00,192
9/27/2022 20:00,190
9/27/2022 21:00,193
9/27/2022 22:00,192
9/27/2022 23:00,193
9/28/2022 0:00,182
9/28/2022 1:00,180
9/28/2022 2:00,178
9/28/2022 3:00,186
9/28/2022 4:00,178
9/28/2022 5:00,200
9/28/2022 6:00,198
9/28/2022 7:00,195
9/28/2022 8:00,204
9/28/2022 9:00,219
9/28/2022 10:00,215
9/28/2022 11:00,220
9/28/2022 12:00,220
9/28/2022 13:00,220
9/28/2022 14:00,212
9/28/2022 15:00,211
9/28/2022 16:00,210
9/28/2022 17:00,204
9/28/2022 18:00,200
9/28/2022 19:00,186
9/28/2022 20:00,189
9/28/2022 21:00,180
9/28/2022 22:00,185
9/28/2022 23:00,185
9/29/2022 0:00,180
9/29/2022 1:00,176
9/29/2022 2:00,180
9/29/2022 3:00,180
9/29/2022 4:00,182
9/29/2022 5:00,189
9/29/2022 6:00,197
9/29/2022 7:00,194
9/29/2022 8:00,200
9/29/2022 9:00,210
9/29/2022 10:00,218
9/29/2022 11:00,220
9/29/2022 12:00,215
9/29/2022 13:00,217
9/29/2022 14:00,220
9/29/2022 15:00,219
9/29/2022 16:00,220
9/29/2022 17:00,215
9/29/2022 18:00,218
9/29/2022 19:00,200
9/29/2022 20:00,180
9/29/2022 21:00,182
9/29/2022 22:00,172
9/29/2022 23:00,165
9/30/2022 0:00,170
9/30/2022 1:00,162
9/30/2022 2:00,165
9/30/2022 3:00,175
9/30/2022 4:00,180
9/30/2022 5:00,190
9/30/2022 6:00,200
9/30/2022 7:00,208
9/30/2022 8:00,208
9/30/2022 9:00,210
9/30/2022 10:00,223
9/30/2022 11:00,242
9/30/2022 12:00,236
9/30/2022 13:00,230
9/30/2022 14:00,232
9/30/2022 15:00,230
9/30/2022 16:00,230
9/30/2022 17:00,225
9/30/2022 18:00,218
9/30/2022 19:00,206
9/30/2022 20:00,198
9/30/2022 21:00,190
9/30/2022 22:00,175
9/30/2022 23:00,172
10/1/2022 0:00,173
10/1/2022 1:00,168
10/1/2022 2:00,162
10/1/2022 3:00,175
10/1/2022 4:00,178
10/1/2022 5:00,182
10/1/2022 6:00,198
10/1/2022 7:00,205
10/1/2022 8:00,208
10/1/2022 9:00,203
10/1/2022 10:00,225
10/1/2022 11:00,232
10/1/2022 12:00,234
10/1/2022 13:00,228
10/1/2022 14:00,234
10/1/2022 15:00,237
10/1/2022 16:00,237
10/1/2022 17:00,233
10/1/2022 18:00,216
10/1/2022 19:00,203
10/1/2022 20:00,192
10/1/2022 21:00,180
10/1/2022 22:00,175
10/1/2022 23:00,160
10/2/2022 0:00,160
10/2/2022 1:00,155
10/2/2022 2:00,150
10/2/2022 3:00,145
10/2/2022 4:00,160
10/2/2022 5:00,173
10/2/2022 6:00,197
10/2/2022 7:00,197
10/2/2022 8:00,203
10/2/2022 9:00,203
10/2/2022 10:00,208
10/2/2022 11:00,210
10/2/2022 12:00,233
10/2/2022 13:00,230
10/2/2022 14:00,228
10/2/2022 15:00,226
10/2/2022 16:00,227
10/2/2022 17:00,220
10/2/2022 18:00,210
10/2/2022 19:00,210
10/2/2022 20:00,197
10/2/2022 21:00,185
10/2/2022 22:00,175
10/2/2022 23:00,160
10/3/2022 0:00,150
10/3/2022 1:00,152
10/3/2022 2:00,130
10/3/2022 3:00,140
10/3/2022 4:00,142
10/3/2022 5:00,152
10/3/2022 6:00,168
10/3/2022 7:00,175
10/3/2022 8:00,198
10/3/2022 9:00,200
10/3/2022 10:00,200
10/3/2022 11:00,205
10/3/2022 12:00,210
10/3/2022 13:00,213
10/3/2022 14:00,220
10/3/2022 15:00,224
10/3/2022 16:00,234
10/3/2022 17:00,230
10/3/2022 18:00,228
10/3/2022 19:00,220
10/3/2022 20:00,210
10/3/2022 21:00,208
10/3/2022 22:00,185
10/3/2022 23:00,173
10/4/2022 0:00,162
10/4/2022 1:00,138
10/4/2022 2:00,138
10/4/2022 3:00,138
10/4/2022 4:00,135
10/4/2022 5:00,150
10/4/2022 6:00,166
10/4/2022 7:00,179
10/4/2022 8:00,190
10/4/2022 9:00,193
10/4/2022 10:00,200
10/4/2022 11:00,190
10/4/2022 12:00,202
10/4/2022 13:00,204
10/4/2022 14:00,210
10/4/2022 15:00,215
10/4/2022 16:00,218
10/4/2022 17:00,230
10/4/2022 18:00,234
10/4/2022 19:00,230
10/4/2022 20:00,220
10/4/2022 21:00,210
10/4/2022 22:00,198
10/4/2022 23:00,180
10/5/2022 0:00,165
10/5/2022 1:00,150
10/5/2022 2:00,140
10/5/2022 3:00,140
10/5/2022 4:00,145
10/5/2022 5:00,146
10/5/2022 6:00,165
10/5/2022 7:00,180
10/5/2022 8:00,185
10/5/2022 9:00,190
10/5/2022 10:00,197
10/5/2022 11:00,198
10/5/2022 12:00,197
10/5/2022 13:00,195
10/5/2022 14:00,195
10/5/2022 15:00,193
10/5/2022 16:00,205
10/5/2022 17:00,216
10/5/2022 18:00,230
10/5/2022 19:00,223
10/5/2022 20:00,220
10/5/2022 21:00,220
10/5/2022 22:00,210
10/5/2022 23:00,198
10/6/2022 0:00,188
10/6/2022 1:00,160
10/6/2022 2:00,155
10/6/2022 3:00,150
10/6/2022 4:00,142
10/6/2022 5:00,148
10/6/2022 6:00,155
10/6/2022 7:00,169
10/6/2022 8:00,198
10/6/2022 9:00,195
10/6/2022 10:00,200
10/6/2022 11:00,202
10/6/2022 12:00,203
10/6/2022 13:00,197
10/6/2022 14:00,195
10/6/2022 15:00,206
10/6/2022 16:00,208
10/6/2022 17:00,210
10/6/2022 18:00,230
10/6/2022 19:00,235
10/6/2022 20:00,228
10/6/2022 21:00,225
10/6/2022 22:00,212
10/6/2022 23:00,214
10/7/2022 0:00,210
10/7/2022 1:00,183
10/7/2022 2:00,170
10/7/2022 3:00,160
10/7/2022 4:00,150
10/7/2022 5:00,157
10/7/2022 6:00,160
10/7/2022 7:00,170
10/7/2022 8:00,187
10/7/2022 9:00,190
10/7/2022 10:00,195
10/7/2022 11:00,203
10/7/2022 12:00,200
10/7/2022 13:00,197
10/7/2022 14:00,196
10/7/2022 15:00,185
10/7/2022 16:00,184
10/7/2022 17:00,187
10/7/2022 18:00,192
10/7/2022 19:00,210
10/7/2022 20:00,212
10/7/2022 21:00,211
10/7/2022 22:00,208
10/7/2022 23:00,200
10/8/2022 0:00,190
10/8/2022 1:00,175
10/8/2022 2:00,165
10/8/2022 3:00,150
10/8/2022 4:00,152
10/8/2022 5:00,152
10/8/2022 6:00,155
10/8/2022 7:00,173
10/8/2022 8:00,180
10/8/2022 9:00,200
10/8/2022 10:00,190
10/8/2022 11:00,196
10/8/2022 12:00,194
10/8/2022 13:00,195
10/8/2022 14:00,190
10/8/2022 15:00,188
10/8/2022 16:00,185
10/8/2022 17:00,183
10/8/2022 18:00,190
10/8/2022 19:00,180
10/8/2022 20:00,193
10/8/2022 21:00,195
10/8/2022 22:00,200
10/8/2022 23:00,202
10/9/2022 0:00,185
10/9/2022 1:00,190
10/9/2022 2:00,170
10/9/2022 3:00,156
10/9/2022 4:00,154
10/9/2022 5:00,156
10/9/2022 6:00,170
10/9/2022 7:00,180
10/9/2022 8:00,197
10/9/2022 9:00,200
10/9/2022 10:00,208
10/9/2022 11:00,205
10/9/2022 12:00,198
10/9/2022 13:00,195
10/9/2022 14:00,197
10/9/2022 15:00,198
10/9/2022 16:00,195
10/9/2022 17:00,198
10/9/2022 18:00,195
10/9/2022 19:00,190
10/9/2022 20:00,190
10/9/2022 21:00,190
10/9/2022 22:00,188
10/9/2022 23:00,188
10/10/2022 0:00,180
10/10/2022 1:00,178
10/10/2022 2:00,175
10/10/2022 3:00,180
10/10/2022 4:00,173
10/10/2022 5:00,170
10/10/2022 6:00,190
10/10/2022 7:00,185
10/10/2022 8:00,203
10/10/2022 9:00,210
10/10/2022 10:00,208
10/10/2022 11:00,210
10/10/2022 12:00,218
10/10/2022 13:00,220
10/10/2022 14:00,202
10/10/2022 15:00,204
10/10/2022 16:00,197
10/10/2022 17:00,180
10/10/2022 18:00,180
10/10/2022 19:00,179
10/10/2022 20:00,174
10/10/2022 21:00,178
10/10/2022 22:00,180
10/10/2022 23:00,178
10/11/2022 0:00,182
10/11/2022 1:00,167
10/11/2022 2:00,167
10/11/2022 3:00,174
10/11/2022 4:00,176
10/11/2022 5:00,180
10/11/2022 6:00,185
10/11/2022 7:00,190
10/11/2022 8:00,205
10/11/2022 9:00,215
10/11/2022 10:00,217
10/11/2022 11:00,220
10/11/2022 12:00,220
10/11/2022 13:00,220
10/11/2022 14:00,215
10/11/2022 15:00,213
10/11/2022 16:00,207
10/11/2022 17:00,202
10/11/2022 18:00,190
10/11/2022 19:00,170
10/11/2022 20:00,170
10/11/2022 21:00,150
10/11/2022 22:00,154
10/11/2022 23:00,165
10/12/2022 0:00,164
10/12/2022 1:00,170
10/12/2022 2:00,167
10/12/2022 3:00,170
10/12/2022 4:00,172
10/12/2022 5:00,176
10/12/2022 6:00,185
10/12/2022 7:00,192
10/12/2022 8:00,215
10/12/2022 9:00,225
10/12/2022 10:00,228
10/12/2022 11:00,232
10/12/2022 12:00,230
10/12/2022 13:00,235
10/12/2022 14:00,220
10/12/2022 15:00,215
10/12/2022 16:00,210
10/12/2022 17:00,195
10/12/2022 18:00,182
10/12/2022 19:00,170
10/12/2022 20:00,170
10/12/2022 21:00,170
10/12/2022 22:00,168
10/12/2022 23:00,170
10/13/2022 0:00,163
10/13/2022 1:00,165
10/13/2022 2:00,160
10/13/2022 3:00,170
10/13/2022 4:00,172
10/13/2022 5:00,182
10/13/2022 6:00,187
10/13/2022 7:00,190
10/13/2022 8:00,215
10/13/2022 9:00,220
10/13/2022 10:00,230
10/13/2022 11:00,239
10/13/2022 12:00,235
10/13/2022 13:00,225
10/13/2022 14:00,230
10/13/2022 15:00,219
10/13/2022 16:00,215
10/13/2022 17:00,198
10/13/2022 18:00,180
10/13/2022 19:00,180
10/13/2022 20:00,165
10/13/2022 21:00,150
10/13/2022 22:00,160
10/13/2022 23:00,158
10/14/2022 0:00,164
10/14/2022 1:00,165
10/14/2022 2:00,160
10/14/2022 3:00,170
10/14/2022 4:00,180
10/14/2022 5:00,183
10/14/2022 6:00,195
10/14/2022 7:00,205
10/14/2022 8:00,212
10/14/2022 9:00,215
10/14/2022 10:00,230
10/14/2022 11:00,232
10/14/2022 12:00,237
10/14/2022 13:00,230
10/14/2022 14:00,229
10/14/2022 15:00,220
10/14/2022 16:00,214
10/14/2022 17:00,203
10/14/2022 18:00,200
10/14/2022 19:00,190
10/14/2022 20:00,175
10/14/2022 21:00,160
10/14/2022 22:00,160
10/14/2022 23:00,160
10/15/2022 0:00,155
10/15/2022 1:00,158
10/15/2022 2:00,160
10/15/2022 3:00,162
10/15/2022 4:00,176
10/15/2022 5:00,182
10/15/2022 6:00,175
10/15/2022 7:00,200
10/15/2022 8:00,215
10/15/2022 9:00,220
10/15/2022 10:00,222
10/15/2022 11:00,230
10/15/2022 12:00,233
10/15/2022 13:00,235
10/15/2022 14:00,233
10/15/2022 15:00,230
10/15/2022 16:00,224
10/15/2022 17:00,210
10/15/2022 18:00,210
10/15/2022 19:00,190
10/15/2022 20:00,190
10/15/2022 21:00,185
10/15/2022 22:00,170
10/15/2022 23:00,162
10/16/2022 0:00,160
10/16/2022 1:00,160
10/16/2022 2:00,162
10/16/2022 3:00,152
10/16/2022 4:00,175
10/16/2022 5:00,182
10/16/2022 6:00,198
10/16/2022 7:00,200
10/16/2022 8:00,210
10/16/2022 9:00,215
10/16/2022 10:00,210
10/16/2022 11:00,210
10/16/2022 12:00,215
10/16/2022 13:00,215
10/16/2022 14:00,220
10/16/2022 15:00,215
10/16/2022 16:00,220
10/16/2022 17:00,215
10/16/2022 18:00,210
10/16/2022 19:00,205
10/16/2022 20:00,190
10/16/2022 21:00,190
10/16/2022 22:00,180
10/16/2022 23:00,160
10/17/2022 0:00,158
10/17/2022 1:00,157
10/17/2022 2:00,155
10/17/2022 3:00,160
10/17/2022 4:00,165
10/17/2022 5:00,178
10/17/2022 6:00,192
10/17/2022 7:00,203
10/17/2022 8:00,210
10/17/2022 9:00,215
10/17/2022 10:00,215
10/17/2022 11:00,220
10/17/2022 12:00,224
10/17/2022 13:00,223
10/17/2022 14:00,220
10/17/2022 15:00,218
10/17/2022 16:00,220
10/17/2022 17:00,215
10/17/2022 18:00,205
10/17/2022 19:00,200
10/17/2022 20:00,190
10/17/2022 21:00,191
10/17/2022 22:00,172
10/17/2022 23:00,172
10/18/2022 0:00,160
10/18/2022 1:00,155
10/18/2022 2:00,158
10/18/2022 3:00,154
10/18/2022 4:00,162
10/18/2022 5:00,172
10/18/2022 6:00,185
10/18/2022 7:00,200
10/18/2022 8:00,210
10/18/2022 9:00,210
10/18/2022 10:00,215
10/18/2022 11:00,217
10/18/2022 12:00,214
10/18/2022 13:00,213
10/18/2022 14:00,215
10/18/2022 15:00,216
10/18/2022 16:00,215
10/18/2022 17:00,216
10/18/2022 18:00,214
10/18/2022 19:00,212
10/18/2022 20:00,210
10/18/2022 21:00,200
10/18/2022 22:00,190
10/18/2022 23:00,175
10/19/2022 0:00,170
10/19/2022 1:00,162
10/19/2022 2:00,160
10/19/2022 3:00,146
10/19/2022 4:00,154
10/19/2022 5:00,165
10/19/2022 6:00,180
10/19/2022 7:00,192
10/19/2022 8:00,200
10/19/2022 9:00,205
10/19/2022 10:00,210
10/19/2022 11:00,208
10/19/2022 12:00,211
10/19/2022 13:00,210
10/19/2022 14:00,212
10/19/2022 15:00,217
10/19/2022 16:00,217
10/19/2022 17:00,210
10/19/2022 18:00,209
10/19/2022 19:00,209
10/19/2022 20:00,200
10/19/2022 21:00,210
10/19/2022 22:00,184
10/19/2022 23:00,180
10/20/2022 0:00,175
10/20/2022 1:00,165
10/20/2022 2:00,162
10/20/2022 3:00,160
10/20/2022 4:00,170
10/20/2022 5:00,168
10/20/2022 6:00,170
10/20/2022 7:00,200
10/20/2022 8:00,205
10/20/2022 9:00,205
10/20/2022 10:00,201
10/20/2022 11:00,205
10/20/2022 12:00,204
10/20/2022 13:00,200
10/20/2022 14:00,195
10/20/2022 15:00,192
10/20/2022 16:00,205
10/20/2022 17:00,205
10/20/2022 18:00,210
10/20/2022 19:00,200
10/20/2022 20:00,210
10/20/2022 21:00,185
10/20/2022 22:00,187
10/20/2022 23:00,190
10/21/2022 0:00,178
10/21/2022 1:00,172
10/21/2022 2:00,160
10/21/2022 3:00,156
10/21/2022 4:00,154
10/21/2022 5:00,158
10/21/2022 6:00,170
10/21/2022 7:00,184
10/21/2022 8:00,204
10/21/2022 9:00,201
10/21/2022 10:00,210
10/21/2022 11:00,215
10/21/2022 12:00,203
10/21/2022 13:00,194
10/21/2022 14:00,198
10/21/2022 15:00,198
10/21/2022 16:00,196
10/21/2022 17:00,195
10/21/2022 18:00,190
10/21/2022 19:00,225
10/21/2022 20:00,210
10/21/2022 21:00,203
10/21/2022 22:00,200
10/21/2022 23:00,190
10/22/2022 0:00,183
10/22/2022 1:00,175
10/22/2022 2:00,165
10/22/2022 3:00,166
10/22/2022 4:00,169
10/22/2022 5:00,175
10/22/2022 6:00,184
10/22/2022 7:00,200
10/22/2022 8:00,202
10/22/2022 9:00,205
10/22/2022 10:00,203
10/22/2022 11:00,208
10/22/2022 12:00,210
10/22/2022 13:00,202
10/22/2022 14:00,200
10/22/2022 15:00,206
10/22/2022 16:00,205
10/22/2022 17:00,202
10/22/2022 18:00,203
10/22/2022 19:00,210
10/22/2022 20:00,205
10/22/2022 21:00,210
10/22/2022 22:00,212
10/22/2022 23:00,204
10/23/2022 0:00,186
10/23/2022 1:00,178
10/23/2022 2:00,174
10/23/2022 3:00,165
10/23/2022 4:00,165
10/23/2022 5:00,175
10/23/2022 6:00,185
10/23/2022 7:00,203
10/23/2022 8:00,210
10/23/2022 9:00,220
10/23/2022 10:00,220
10/23/2022 11:00,214
10/23/2022 12:00,215
10/23/2022 13:00,210
10/23/2022 14:00,205
10/23/2022 15:00,198
10/23/2022 16:00,195
10/23/2022 17:00,190
10/23/2022 18:00,190
10/23/2022 19:00,192
10/23/2022 20:00,195
10/23/2022 21:00,195
10/23/2022 22:00,194
10/23/2022 23:00,202
10/24/2022 0:00,178
10/24/2022 1:00,170
10/24/2022 2:00,170
10/24/2022 3:00,170
10/24/2022 4:00,165
10/24/2022 5:00,168
10/24/2022 6:00,180
10/24/2022 7:00,190
10/24/2022 8:00,204
10/24/2022 9:00,205
10/24/2022 10:00,208
10/24/2022 11:00,208
10/24/2022 12:00,205
10/24/2022 13:00,198
10/24/2022 14:00,187
10/24/2022 15:00,185
10/24/2022 16:00,175
10/24/2022 17:00,170
10/24/2022 18:00,168
10/24/2022 19:00,172
10/24/2022 20:00,177
10/24/2022 21:00,182
10/24/2022 22:00,170
10/24/2022 23:00,175
10/25/2022 0:00,172
10/25/2022 1:00,165
10/25/2022 2:00,162
10/25/2022 3:00,172
10/25/2022 4:00,175
10/25/2022 5:00,170
10/25/2022 6:00,190
10/25/2022 7:00,201
10/25/2022 8:00,210
10/25/2022 9:00,212
10/25/2022 10:00,220
10/25/2022 11:00,208
10/25/2022 12:00,207
10/25/2022 13:00,209
10/25/2022 14:00,201
10/25/2022 15:00,201
10/25/2022 16:00,186
10/25/2022 17:00,180
10/25/2022 18:00,172
10/25/2022 19:00,175
10/25/2022 20:00,180
10/25/2022 21:00,184
10/25/2022 22:00,175
10/25/2022 23:00,181
10/26/2022 0:00,180
10/26/2022 1:00,170
10/26/2022 2:00,172
10/26/2022 3:00,160
10/26/2022 4:00,165
10/26/2022 5:00,172
10/26/2022 6:00,192
10/26/2022 7:00,198
10/26/2022 8:00,202
10/26/2022 9:00,215
10/26/2022 10:00,210
10/26/2022 11:00,210
10/26/2022 12:00,205
10/26/2022 13:00,200
10/26/2022 14:00,190
10/26/2022 15:00,180
10/26/2022 16:00,170
10/26/2022 17:00,165
10/26/2022 18:00,160
10/26/2022 19:00,165
10/26/2022 20:00,165
10/26/2022 21:00,167
10/26/2022 22:00,170
10/26/2022 23:00,165
10/27/2022 0:00,162
10/27/2022 1:00,157
10/27/2022 2:00,155
10/27/2022 3:00,152
10/27/2022 4:00,156
10/27/2022 5:00,160
10/27/2022 6:00,175
10/27/2022 7:00,187
10/27/2022 8:00,210
10/27/2022 9:00,217
10/27/2022 10:00,220
10/27/2022 11:00,228
10/27/2022 12:00,230
10/27/2022 13:00,220
10/27/2022 14:00,220
10/27/2022 15:00,215
10/27/2022 16:00,200
10/27/2022 17:00,190
10/27/2022 18:00,175
10/27/2022 19:00,170
10/27/2022 20:00,157
10/27/2022 21:00,162
10/27/2022 22:00,165
10/27/2022 23:00,164
10/28/2022 0:00,160
10/28/2022 1:00,160
10/28/2022 2:00,165
10/28/2022 3:00,167
10/28/2022 4:00,172
10/28/2022 5:00,185
10/28/2022 6:00,190
10/28/2022 7:00,205
10/28/2022 8:00,223
10/28/2022 9:00,235
10/28/2022 10:00,245
10/28/2022 11:00,252
10/28/2022 12:00,251
10/28/2022 13:00,245
10/28/2022 14:00,235
10/28/2022 15:00,225
10/28/2022 16:00,205
10/28/2022 17:00,195
10/28/2022 18:00,180
10/28/2022 19:00,165
10/28/2022 20:00,153
10/28/2022 21:00,152
10/28/2022 22:00,155
10/28/2022 23:00,155
10/29/2022 0:00,157
10/29/2022 1:00,160
10/29/2022 2:00,157
10/29/2022 3:00,170
10/29/2022 4:00,173
10/29/2022 5:00,182
10/29/2022 6:00,197
10/29/2022 7:00,210
10/29/2022 8:00,216
10/29/2022 9:00,230
10/29/2022 10:00,236
10/29/2022 11:00,245
10/29/2022 12:00,246
10/29/2022 13:00,245
10/29/2022 14:00,240
10/29/2022 15:00,232
10/29/2022 16:00,225
10/29/2022 17:00,203
10/29/2022 18:00,190
10/29/2022 19:00,172
10/29/2022 20:00,170
10/29/2022 21:00,155
10/29/2022 22:00,150
10/29/2022 23:00,148
10/30/2022 0:00,145
10/30/2022 1:00,147
10/30/2022 2:00,160
10/30/2022 3:00,168
10/30/2022 4:00,170
10/30/2022 5:00,182
10/30/2022 6:00,190
10/30/2022 7:00,208
10/30/2022 8:00,220
10/30/2022 9:00,230
10/30/2022 10:00,238
10/30/2022 11:00,248
10/30/2022 12:00,255
10/30/2022 13:00,255
10/30/2022 14:00,253
10/30/2022 15:00,251
10/30/2022 16:00,243
10/30/2022 17:00,231
10/30/2022 18:00,220
10/30/2022 19:00,205
10/30/2022 20:00,185
10/30/2022 21:00,171
10/30/2022 22:00,164
10/30/2022 23:00,160
10/31/2022 0:00,157
10/31/2022 1:00,148
10/31/2022 2:00,146
10/31/2022 3:00,162
10/31/2022 4:00,170
10/31/2022 5:00,181
10/31/2022 6:00,192
10/31/2022 7:00,200
10/31/2022 8:00,214
10/31/2022 9:00,220
10/31/2022 10:00,225
10/31/2022 11:00,232
10/31/2022 12:00,235
10/31/2022 13:00,247
10/31/2022 14:00,247
10/31/2022 15:00,248
10/31/2022 16:00,242
10/31/2022 17:00,236
10/31/2022 18:00,224
10/31/2022 19:00,215
10/31/2022 20:00,200
10/31/2022 21:00,178
10/31/2022 22:00,168
10/31/2022 23:00,160
11/1/2022 0:00,152
11/1/2022 1:00,145
11/1/2022 2:00,140
11/1/2022 3:00,152
11/1/2022 4:00,160
11/1/2022 5:00,167
11/1/2022 6:00,182
11/1/2022 7:00,190
11/1/2022 8:00,205
11/1/2022 9:00,210
11/1/2022 10:00,210
11/1/2022 11:00,215
11/1/2022 12:00,220
11/1/2022 13:00,225
11/1/2022 14:00,225
11/1/2022 15:00,228
11/1/2022 16:00,230
11/1/2022 17:00,229
11/1/2022 18:00,220
11/1/2022 19:00,215
11/1/2022 20:00,207
11/1/2022 21:00,185
11/1/2022 22:00,175
11/1/2022 23:00,165
11/2/2022 0:00,160
11/2/2022 1:00,150
11/2/2022 2:00,145
11/2/2022 3:00,137
11/2/2022 4:00,150
11/2/2022 5:00,170
11/2/2022 6:00,180
11/2/2022 7:00,195
11/2/2022 8:00,205
11/2/2022 9:00,210
11/2/2022 10:00,210
11/2/2022 11:00,206
11/2/2022 12:00,208
11/2/2022 13:00,211
11/2/2022 14:00,213
11/2/2022 15:00,220
11/2/2022 16:00,224
11/2/2022 17:00,225
11/2/2022 18:00,228
11/2/2022 19:00,223
11/2/2022 20:00,215
11/2/2022 21:00,217
11/2/2022 22:00,190
11/2/2022 23:00,185
11/3/2022 0:00,168
11/3/2022 1:00,163
11/3/2022 2:00,158
11/3/2022 3:00,150
11/3/2022 4:00,155
11/3/2022 5:00,170
11/3/2022 6:00,190
11/3/2022 7:00,200
11/3/2022 8:00,210
11/3/2022 9:00,215
11/3/2022 10:00,218
11/3/2022 11:00,210
11/3/2022 12:00,212
11/3/2022 13:00,205
11/3/2022 14:00,212
11/3/2022 15:00,212
11/3/2022 16:00,220
11/3/2022 17:00,225
11/3/2022 18:00,220
11/3/2022 19:00,223
11/3/2022 20:00,215
11/3/2022 21:00,205
11/3/2022 22:00,195
11/3/2022 23:00,188
11/4/2022 0:00,175
11/4/2022 1:00,175
11/4/2022 2:00,165
11/4/2022 3:00,160
11/4/2022 4:00,162
11/4/2022 5:00,180
11/4/2022 6:00,192
11/4/2022 7:00,200
11/4/2022 8:00,212
11/4/2022 9:00,215
11/4/2022 10:00,215
11/4/2022 11:00,210
11/4/2022 12:00,205
11/4/2022 13:00,203
11/4/2022 14:00,190
11/4/2022 15:00,188
11/4/2022 16:00,187
11/4/2022 17:00,205
11/4/2022 18:00,205
11/4/2022 19:00,212
11/4/2022 20:00,200
11/4/2022 21:00,205
11/4/2022 22:00,188
11/4/2022 23:00,180
11/5/2022 0:00,166
11/5/2022 1:00,170
11/5/2022 2:00,160
11/5/2022 3:00,160
11/5/2022 4:00,168
11/5/2022 5:00,178
11/5/2022 6:00,185
11/5/2022 7:00,201
11/5/2022 8:00,215
11/5/2022 9:00,222
11/5/2022 10:00,220
11/5/2022 11:00,215
11/5/2022 12:00,213
11/5/2022 13:00,205
11/5/2022 14:00,205
11/5/2022 15:00,196
11/5/2022 16:00,190
11/5/2022 17:00,193
11/5/2022 18:00,190
11/5/2022 19:00,195
11/5/2022 20:00,198
11/5/2022 21:00,195
11/5/2022 22:00,186
11/5/2022 23:00,182
11/6/2022 0:00,180
11/6/2022 1:00,173
11/6/2022 2:00,175
11/6/2022 3:00,176
11/6/2022 4:00,180
11/6/2022 5:00,195
11/6/2022 6:00,208
11/6/2022 7:00,220
11/6/2022 8:00,233
11/6/2022 9:00,230
11/6/2022 10:00,240
11/6/2022 11:00,235
11/6/2022 12:00,227
11/6/2022 13:00,220
11/6/2022 14:00,215
11/6/2022 15:00,200
11/6/2022 16:00,190
11/6/2022 17:00,190
11/6/2022 18:00,185
11/6/2022 19:00,190
11/6/2022 20:00,190
11/6/2022 21:00,192
11/6/2022 22:00,187
11/6/2022 23:00,190
11/7/2022 0:00,184
11/7/2022 1:00,180
11/7/2022 2:00,180
11/7/2022 3:00,185
11/7/2022 4:00,185
11/7/2022 5:00,190
11/7/2022 6:00,207
11/7/2022 7:00,213
11/7/2022 8:00,231
11/7/2022 9:00,230
11/7/2022 10:00,227
11/7/2022 11:00,220
11/7/2022 12:00,214
11/7/2022 13:00,202
11/7/2022 14:00,200
11/7/2022 15:00,190
11/7/2022 16:00,180
11/7/2022 17:00,168
11/7/2022 18:00,165
11/7/2022 19:00,170
11/7/2022 20:00,172
11/7/2022 21:00,170
11/7/2022 22:00,175
11/7/2022 23:00,170
11/8/2022 0:00,168
11/8/2022 1:00,172
11/8/2022 2:00,175
11/8/2022 3:00,175
11/8/2022 4:00,180
11/8/2022 5:00,190
11/8/2022 6:00,205
11/8/2022 7:00,210
11/8/2022 8:00,232
11/8/2022 9:00,235
11/8/2022 10:00,240
11/8/2022 11:00,240
11/8/2022 12:00,235
11/8/2022 13:00,228
11/8/2022 14:00,210
11/8/2022 15:00,197
11/8/2022 16:00,195
11/8/2022 17:00,175
11/8/2022 18:00,165
11/8/2022 19:00,160
11/8/2022 20:00,158
11/8/2022 21:00,159
11/8/2022 22:00,157
11/8/2022 23:00,164
11/9/2022 0:00,168
11/9/2022 1:00,172
11/9/2022 2:00,170
11/9/2022 3:00,185
11/9/2022 4:00,190
11/9/2022 5:00,202
11/9/2022 6:00,210
11/9/2022 7:00,223
11/9/2022 8:00,235
11/9/2022 9:00,243
11/9/2022 10:00,248
11/9/2022 11:00,248
11/9/2022 12:00,240
11/9/2022 13:00,232
11/9/2022 14:00,220
11/9/2022 15:00,195
11/9/2022 16:00,189
11/9/2022 17:00,172
11/9/2022 18:00,168
11/9/2022 19:00,160
11/9/2022 20:00,155
11/9/2022 21:00,145
11/9/2022 22:00,143
11/9/2022 23:00,162
11/10/2022 0:00,162
11/10/2022 1:00,165
11/10/2022 2:00,170
11/10/2022 3:00,172
11/10/2022 4:00,185
11/10/2022 5:00,185
11/10/2022 6:00,205
11/10/2022 7:00,210
11/10/2022 8:00,220
11/10/2022 9:00,233
11/10/2022 10:00,235
11/10/2022 11:00,235
11/10/2022 12:00,230
11/10/2022 13:00,230
11/10/2022 14:00,218
11/10/2022 15:00,203
11/10/2022 16:00,183
11/10/2022 17:00,170
11/10/2022 18:00,160
11/10/2022 19:00,150
11/10/2022 20:00,145
11/10/2022 21:00,148
11/10/2022 22:00,144
11/10/2022 23:00,144
11/11/2022 0:00,156
11/11/2022 1:00,154
11/11/2022 2:00,160
11/11/2022 3:00,165
11/11/2022 4:00,177
11/11/2022 5:00,190
11/11/2022 6:00,210
11/11/2022 7:00,220
11/11/2022 8:00,225
11/11/2022 9:00,230
11/11/2022 10:00,242
11/11/2022 11:00,243
11/11/2022 12:00,247
11/11/2022 13:00,232
11/11/2022 14:00,220
11/11/2022 15:00,210
11/11/2022 16:00,190
11/11/2022 17:00,172
11/11/2022 18:00,160
11/11/2022 19:00,150
11/11/2022 20:00,154
11/11/2022 21:00,148
11/11/2022 22:00,150
11/11/2022 23:00,150
11/12/2022 0:00,153
11/12/2022 1:00,153
11/12/2022 2:00,160
11/12/2022 3:00,170
11/12/2022 4:00,173
11/12/2022 5:00,188
11/12/2022 6:00,193
11/12/2022 7:00,210
11/12/2022 8:00,223
11/12/2022 9:00,228
11/12/2022 10:00,240
11/12/2022 11:00,228
11/12/2022 12:00,240
11/12/2022 13:00,230
11/12/2022 14:00,231
11/12/2022 15:00,211
11/12/2022 16:00,204
11/12/2022 17:00,185
11/12/2022 18:00,175
11/12/2022 19:00,160
11/12/2022 20:00,152
11/12/2022 21:00,148
11/12/2022 22:00,145
11/12/2022 23:00,148
11/13/2022 0:00,152
11/13/2022 1:00,150
11/13/2022 2:00,160
11/13/2022 3:00,166
11/13/2022 4:00,176
11/13/2022 5:00,185
11/13/2022 6:00,193
11/13/2022 7:00,210
11/13/2022 8:00,215
11/13/2022 9:00,224
11/13/2022 10:00,225
11/13/2022 11:00,235
11/13/2022 12:00,235
11/13/2022 13:00,222
11/13/2022 14:00,225
11/13/2022 15:00,216
11/13/2022 16:00,205
11/13/2022 17:00,195
11/13/2022 18:00,188
11/13/2022 19:00,172
11/13/2022 20:00,160
11/13/2022 21:00,155
11/13/2022 22:00,150
11/13/2022 23:00,152
11/14/2022 0:00,146
11/14/2022 1:00,148
11/14/2022 2:00,150
11/14/2022 3:00,165
11/14/2022 4:00,167
11/14/2022 5:00,180
11/14/2022 6:00,190
11/14/2022 7:00,205
11/14/2022 8:00,218
11/14/2022 9:00,220
11/14/2022 10:00,218
11/14/2022 11:00,225
11/14/2022 12:00,225
11/14/2022 13:00,228
11/14/2022 14:00,223
11/14/2022 15:00,218
11/14/2022 16:00,215
11/14/2022 17:00,210
11/14/2022 18:00,198
11/14/2022 19:00,190
11/14/2022 20:00,178
11/14/2022 21:00,168
11/14/2022 22:00,160
11/14/2022 23:00,158
11/15/2022 0:00,154
11/15/2022 1:00,150
11/15/2022 2:00,157
11/15/2022 3:00,165
11/15/2022 4:00,170
11/15/2022 5:00,190
11/15/2022 6:00,197
11/15/2022 7:00,202
11/15/2022 8:00,209
11/15/2022 9:00,205
11/15/2022 10:00,207
11/15/2022 11:00,218
11/15/2022 12:00,220
11/15/2022 13:00,222
11/15/2022 14:00,202
11/15/2022 15:00,202
11/15/2022 16:00,211
11/15/2022 17:00,212
11/15/2022 18:00,198
11/15/2022 19:00,190
11/15/2022 20:00,185
11/15/2022 21:00,170
11/15/2022 22:00,163
11/15/2022 23:00,160
11/16/2022 0:00,165
11/16/2022 1:00,150
11/16/2022 2:00,155
11/16/2022 3:00,145
11/16/2022 4:00,166
11/16/2022 5:00,180
11/16/2022 6:00,196
11/16/2022 7:00,202
11/16/2022 8:00,207
11/16/2022 9:00,210
11/16/2022 10:00,200
11/16/2022 11:00,213
11/16/2022 12:00,204
11/16/2022 13:00,210
11/16/2022 14:00,209
11/16/2022 15:00,212
11/16/2022 16:00,210
11/16/2022 17:00,200
11/16/2022 18:00,192
11/16/2022 19:00,195
11/16/2022 20:00,183
11/16/2022 21:00,180
11/16/2022 22:00,162
11/16/2022 23:00,159
11/17/2022 0:00,150
11/17/2022 1:00,150
11/17/2022 2:00,146
11/17/2022 3:00,155
11/17/2022 4:00,175
11/17/2022 5:00,175
11/17/2022 6:00,178
11/17/2022 7:00,200
11/17/2022 8:00,215
11/17/2022 9:00,222
11/17/2022 10:00,215
11/17/2022 11:00,217
11/17/2022 12:00,220
11/17/2022 13:00,202
11/17/2022 14:00,215
11/17/2022 15:00,205
11/17/2022 16:00,212
11/17/2022 17:00,218
11/17/2022 18:00,211
11/17/2022 19:00,210
11/17/2022 20:00,205
11/17/2022 21:00,178
11/17/2022 22:00,174
11/17/2022 23:00,165
11/18/2022 0:00,157
11/18/2022 1:00,153
11/18/2022 2:00,160
11/18/2022 3:00,166
11/18/2022 4:00,172
11/18/2022 5:00,182
11/18/2022 6:00,192
11/18/2022 7:00,200
11/18/2022 8:00,200
11/18/2022 9:00,208
11/18/2022 10:00,200
11/18/2022 11:00,208
11/18/2022 12:00,187
11/18/2022 13:00,185
11/18/2022 14:00,187
11/18/2022 15:00,188
11/18/2022 16:00,190
11/18/2022 17:00,195
11/18/2022 18:00,191
11/18/2022 19:00,195
11/18/2022 20:00,195
11/18/2022 21:00,190
11/18/2022 22:00,188
11/18/2022 23:00,184
11/19/2022 0:00,190
11/19/2022 1:00,190
11/19/2022 2:00,184
11/19/2022 3:00,175
11/19/2022 4:00,173
11/19/2022 5:00,190
11/19/2022 6:00,194
11/19/2022 7:00,200
11/19/2022 8:00,203
11/19/2022 9:00,205
11/19/2022 10:00,207
11/19/2022 11:00,200
11/19/2022 12:00,200
11/19/2022 13:00,202
11/19/2022 14:00,210
11/19/2022 15:00,209
11/19/2022 16:00,200
11/19/2022 17:00,190
11/19/2022 18:00,192
11/19/2022 19:00,193
11/19/2022 20:00,187
11/19/2022 21:00,190
11/19/2022 22:00,184
11/19/2022 23:00,170
11/20/2022 0:00,154
11/20/2022 1:00,150
11/20/2022 2:00,157
11/20/2022 3:00,165
11/20/2022 4:00,170
11/20/2022 5:00,190
11/20/2022 6:00,197
11/20/2022 7:00,202
11/20/2022 8:00,209
11/20/2022 9:00,205
11/20/2022 10:00,207
11/20/2022 11:00,218
11/20/2022 12:00,220
11/20/2022 13:00,222
11/20/2022 14:00,202
11/20/2022 15:00,202
11/20/2022 16:00,211
11/20/2022 17:00,212
11/20/2022 18:00,198
11/20/2022 19:00,190
11/20/2022 20:00,185
11/20/2022 21:00,170
11/20/2022 22:00,163
11/20/2022 23:00,160
11/21/2022 0:00,160
11/21/2022 1:00,160
11/21/2022 2:00,160
11/21/2022 3:00,162
11/21/2022 4:00,168
11/21/2022 5:00,185
11/21/2022 6:00,198
11/21/2022 7:00,204
11/21/2022 8:00,205
11/21/2022 9:00,204
11/21/2022 10:00,215
11/21/2022 11:00,212
11/21/2022 12:00,208
11/21/2022 13:00,209
11/21/2022 14:00,195
11/21/2022 15:00,183
11/21/2022 16:00,172
11/21/2022 17:00,169
11/21/2022 18:00,170
11/21/2022 19:00,175
11/21/2022 20:00,170
11/21/2022 21:00,173
11/21/2022 22:00,165
11/21/2022 23:00,160
11/22/2022 0:00,160
11/22/2022 1:00,163
11/22/2022 2:00,167
11/22/2022 3:00,160
11/22/2022 4:00,183
11/22/2022 5:00,190
11/22/2022 6:00,210
11/22/2022 7:00,215
11/22/2022 8:00,220
11/22/2022 9:00,223
11/22/2022 10:00,215
11/22/2022 11:00,216
11/22/2022 12:00,206
11/22/2022 13:00,205
11/22/2022 14:00,195
11/22/2022 15:00,175
11/22/2022 16:00,168
11/22/2022 17:00,150
11/22/2022 18:00,155
11/22/2022 19:00,150
11/22/2022 20:00,148
11/22/2022 21:00,150
11/22/2022 22:00,144
11/22/2022 23:00,146
11/23/2022 0:00,151
11/23/2022 1:00,150
11/23/2022 2:00,155
11/23/2022 3:00,177
11/23/2022 4:00,193
11/23/2022 5:00,210
11/23/2022 6:00,220
11/23/2022 7:00,250
11/23/2022 8:00,240
11/23/2022 9:00,245
11/23/2022 10:00,249
11/23/2022 11:00,240
11/23/2022 12:00,230
11/23/2022 13:00,220
11/23/2022 14:00,202
11/23/2022 15:00,195
11/23/2022 16:00,180
11/23/2022 17:00,175
11/23/2022 18:00,162
11/23/2022 19:00,162
11/23/2022 20:00,160
11/23/2022 21:00,160
11/23/2022 22:00,153
11/23/2022 23:00,160
11/24/2022 0:00,162
11/24/2022 1:00,165
11/24/2022 2:00,174
11/24/2022 3:00,190
11/24/2022 4:00,200
11/24/2022 5:00,200
11/24/2022 6:00,218
11/24/2022 7:00,230
11/24/2022 8:00,242
11/24/2022 9:00,244
11/24/2022 10:00,244
11/24/2022 11:00,244
11/24/2022 12:00,218
11/24/2022 13:00,215
11/24/2022 14:00,198
11/24/2022 15:00,180
11/24/2022 16:00,167
11/24/2022 17:00,155
11/24/2022 18:00,140
11/24/2022 19:00,146
11/24/2022 20:00,135
11/24/2022 21:00,135
11/24/2022 22:00,147
11/24/2022 23:00,145
11/25/2022 0:00,154
11/25/2022 1:00,165
11/25/2022 2:00,168
11/25/2022 3:00,172
11/25/2022 4:00,192
11/25/2022 5:00,202
11/25/2022 6:00,222
11/25/2022 7:00,232
11/25/2022 8:00,245
11/25/2022 9:00,257
11/25/2022 10:00,260
11/25/2022 11:00,255
11/25/2022 12:00,247
11/25/2022 13:00,245
11/25/2022 14:00,225
11/25/2022 15:00,212
11/25/2022 16:00,195
11/25/2022 17:00,180
11/25/2022 18:00,165
11/25/2022 19:00,150
11/25/2022 20:00,145
11/25/2022 21:00,147
11/25/2022 22:00,145
11/25/2022 23:00,150
11/26/2022 0:00,165
11/26/2022 1:00,140
11/26/2022 2:00,150
11/26/2022 3:00,164
11/26/2022 4:00,175
11/26/2022 5:00,190
11/26/2022 6:00,205
11/26/2022 7:00,210
11/26/2022 8:00,226
11/26/2022 9:00,241
11/26/2022 10:00,252
11/26/2022 11:00,255
11/26/2022 12:00,248
11/26/2022 13:00,242
11/26/2022 14:00,230
11/26/2022 15:00,215
11/26/2022 16:00,190
11/26/2022 17:00,187
11/26/2022 18:00,172
11/26/2022 19:00,165
11/26/2022 20:00,145
11/26/2022 21:00,140
11/26/2022 22:00,140
11/26/2022 23:00,135
11/27/2022 0:00,130
11/27/2022 1:00,130
11/27/2022 2:00,145
11/27/2022 3:00,160
11/27/2022 4:00,165
11/27/2022 5:00,188
11/27/2022 6:00,194
11/27/2022 7:00,209
11/27/2022 8:00,221
11/27/2022 9:00,238
11/27/2022 10:00,248
11/27/2022 11:00,257
11/27/2022 12:00,259
11/27/2022 13:00,247
11/27/2022 14:00,244
11/27/2022 15:00,235
11/27/2022 16:00,222
11/27/2022 17:00,193
11/27/2022 18:00,183
11/27/2022 19:00,188
11/27/2022 20:00,162
11/27/2022 21:00,150
11/27/2022 22:00,145
11/27/2022 23:00,140
11/28/2022 0:00,144
11/28/2022 1:00,145
11/28/2022 2:00,147
11/28/2022 3:00,158
11/28/2022 4:00,162
11/28/2022 5:00,178
11/28/2022 6:00,193
11/28/2022 7:00,205
11/28/2022 8:00,215
11/28/2022 9:00,225
11/28/2022 10:00,231
11/28/2022 11:00,240
11/28/2022 12:00,248
11/28/2022 13:00,248
11/28/2022 14:00,244
11/28/2022 15:00,238
11/28/2022 16:00,225
11/28/2022 17:00,215
11/28/2022 18:00,200
11/28/2022 19:00,180
11/28/2022 20:00,165
11/28/2022 21:00,160
11/28/2022 22:00,144
11/28/2022 23:00,140
11/29/2022 0:00,138
11/29/2022 1:00,142
11/29/2022 2:00,145
11/29/2022 3:00,155
11/29/2022 4:00,168
11/29/2022 5:00,180
11/29/2022 6:00,188
11/29/2022 7:00,200
11/29/2022 8:00,208
11/29/2022 9:00,220
11/29/2022 10:00,218
11/29/2022 11:00,230
11/29/2022 12:00,235
11/29/2022 13:00,242
11/29/2022 14:00,235
11/29/2022 15:00,240
11/29/2022 16:00,230
11/29/2022 17:00,229
11/29/2022 18:00,220
11/29/2022 19:00,200
11/29/2022 20:00,190
11/29/2022 21:00,175
11/29/2022 22:00,164
11/29/2022 23:00,152
11/30/2022 0:00,145
11/30/2022 1:00,143
11/30/2022 2:00,147
11/30/2022 3:00,163
11/30/2022 4:00,170
11/30/2022 5:00,185
11/30/2022 6:00,198
11/30/2022 7:00,205
11/30/2022 8:00,215
11/30/2022 9:00,220
11/30/2022 10:00,214
11/30/2022 11:00,218
11/30/2022 12:00,225
11/30/2022 13:00,228
11/30/2022 14:00,227
11/30/2022 15:00,230
11/30/2022 16:00,230
11/30/2022 17:00,221
11/30/2022 18:00,222
11/30/2022 19:00,203
11/30/2022 20:00,198
11/30/2022 21:00,187
11/30/2022 22:00,163
11/30/2022 23:00,162
12/1/2022 0:00,150
12/1/2022 1:00,159
12/1/2022 2:00,157
12/1/2022 3:00,170
12/1/2022 4:00,168
12/1/2022 5:00,180
12/1/2022 6:00,196
12/1/2022 7:00,200
12/1/2022 8:00,210
12/1/2022 9:00,212
12/1/2022 10:00,214
12/1/2022 11:00,210
12/1/2022 12:00,205
12/1/2022 13:00,205
12/1/2022 14:00,205
12/1/2022 15:00,215
12/1/2022 16:00,210
12/1/2022 17:00,214
12/1/2022 18:00,213
12/1/2022 19:00,215
12/1/2022 20:00,200
12/1/2022 21:00,190
12/1/2022 22:00,189
12/1/2022 23:00,180
12/2/2022 0:00,168
12/2/2022 1:00,170
12/2/2022 2:00,170
12/2/2022 3:00,174
12/2/2022 4:00,184
12/2/2022 5:00,196
12/2/2022 6:00,210
12/2/2022 7:00,220
12/2/2022 8:00,228
12/2/2022 9:00,230
12/2/2022 10:00,225
12/2/2022 11:00,225
12/2/2022 12:00,220
12/2/2022 13:00,212
12/2/2022 14:00,208
12/2/2022 15:00,210
12/2/2022 16:00,205
12/2/2022 17:00,202
12/2/2022 18:00,200
12/2/2022 19:00,195
12/2/2022 20:00,193
12/2/2022 21:00,180
12/2/2022 22:00,182
12/2/2022 23:00,180
12/3/2022 0:00,168
12/3/2022 1:00,163
12/3/2022 2:00,167
12/3/2022 3:00,172
12/3/2022 4:00,185
12/3/2022 5:00,202
12/3/2022 6:00,202
12/3/2022 7:00,214
12/3/2022 8:00,219
12/3/2022 9:00,222
12/3/2022 10:00,220
12/3/2022 11:00,217
12/3/2022 12:00,210
12/3/2022 13:00,204
12/3/2022 14:00,200
12/3/2022 15:00,193
12/3/2022 16:00,184
12/3/2022 17:00,190
12/3/2022 18:00,188
12/3/2022 19:00,182
12/3/2022 20:00,182
12/3/2022 21:00,175
12/3/2022 22:00,175
12/3/2022 23:00,177
12/4/2022 0:00,167
12/4/2022 1:00,180
12/4/2022 2:00,180
12/4/2022 3:00,189
12/4/2022 4:00,193
12/4/2022 5:00,205
12/4/2022 6:00,222
12/4/2022 7:00,230
12/4/2022 8:00,235
12/4/2022 9:00,236
12/4/2022 10:00,227
12/4/2022 11:00,230
12/4/2022 12:00,220
12/4/2022 13:00,210
12/4/2022 14:00,202
12/4/2022 15:00,197
12/4/2022 16:00,186
12/4/2022 17:00,168
12/4/2022 18:00,169
12/4/2022 19:00,155
12/4/2022 20:00,165
12/4/2022 21:00,167
12/4/2022 22:00,169
12/4/2022 23:00,175
12/5/2022 0:00,175
12/5/2022 1:00,180
12/5/2022 2:00,180
12/5/2022 3:00,185
12/5/2022 4:00,195
12/5/2022 5:00,207
12/5/2022 6:00,220
12/5/2022 7:00,232
12/5/2022 8:00,240
12/5/2022 9:00,245
12/5/2022 10:00,235
12/5/2022 11:00,233
12/5/2022 12:00,225
12/5/2022 13:00,215
12/5/2022 14:00,216
12/5/2022 15:00,190
12/5/2022 16:00,178
12/5/2022 17:00,170
12/5/2022 18:00,168
12/5/2022 19:00,160
12/5/2022 20:00,162
12/5/2022 21:00,163
12/5/2022 22:00,168
12/5/2022 23:00,175
12/6/2022 0:00,186
12/6/2022 1:00,190
12/6/2022 2:00,200
12/6/2022 3:00,200
12/6/2022 4:00,212
12/6/2022 5:00,220
12/6/2022 6:00,232
12/6/2022 7:00,247
12/6/2022 8:00,254
12/6/2022 9:00,256
12/6/2022 10:00,260
12/6/2022 11:00,250
12/6/2022 12:00,235
12/6/2022 13:00,224
12/6/2022 14:00,210
12/6/2022 15:00,199
12/6/2022 16:00,184
12/6/2022 17:00,175
12/6/2022 18:00,168
12/6/2022 19:00,166
12/6/2022 20:00,160
12/6/2022 21:00,168
12/6/2022 22:00,168
12/6/2022 23:00,174
12/7/2022 0:00,175
12/7/2022 1:00,180
12/7/2022 2:00,185
12/7/2022 3:00,188
12/7/2022 4:00,208
12/7/2022 5:00,213
12/7/2022 6:00,224
12/7/2022 7:00,239
12/7/2022 8:00,240
12/7/2022 9:00,250
12/7/2022 10:00,250
12/7/2022 11:00,250
12/7/2022 12:00,233
12/7/2022 13:00,220
12/7/2022 14:00,205
12/7/2022 15:00,192
12/7/2022 16:00,172
12/7/2022 17:00,162
12/7/2022 18:00,150
12/7/2022 19:00,145
12/7/2022 20:00,148
12/7/2022 21:00,155
12/7/2022 22:00,160
12/7/2022 23:00,170
12/8/2022 0:00,170
12/8/2022 1:00,170
12/8/2022 2:00,175
12/8/2022 3:00,185
12/8/2022 4:00,192
12/8/2022 5:00,195
12/8/2022 6:00,212
12/8/2022 7:00,225
12/8/2022 8:00,235
12/8/2022 9:00,245
12/8/2022 10:00,248
12/8/2022 11:00,245
12/8/2022 12:00,240
12/8/2022 13:00,230
12/8/2022 14:00,210
12/8/2022 15:00,195
12/8/2022 16:00,180
12/8/2022 17:00,165
12/8/2022 18:00,160
12/8/2022 19:00,155
12/8/2022 20:00,150
12/8/2022 21:00,150
12/8/2022 22:00,150
12/8/2022 23:00,155
12/9/2022 0:00,164
12/9/2022 1:00,168
12/9/2022 2:00,175
12/9/2022 3:00,180
12/9/2022 4:00,194
12/9/2022 5:00,205
12/9/2022 6:00,220
12/9/2022 7:00,224
12/9/2022 8:00,234
12/9/2022 9:00,235
12/9/2022 10:00,239
12/9/2022 11:00,240
12/9/2022 12:00,231
12/9/2022 13:00,225
12/9/2022 14:00,206
12/9/2022 15:00,193
12/9/2022 16:00,173
12/9/2022 17:00,153
12/9/2022 18:00,144
12/9/2022 19:00,142
12/9/2022 20:00,142
12/9/2022 21:00,135
12/9/2022 22:00,142
12/9/2022 23:00,150
12/10/2022 0:00,155
12/10/2022 1:00,165
12/10/2022 2:00,167
12/10/2022 3:00,172
12/10/2022 4:00,185
12/10/2022 5:00,197
12/10/2022 6:00,205
12/10/2022 7:00,215
12/10/2022 8:00,224
12/10/2022 9:00,235
12/10/2022 10:00,238
12/10/2022 11:00,245
12/10/2022 12:00,240
12/10/2022 13:00,235
12/10/2022 14:00,218
12/10/2022 15:00,208
12/10/2022 16:00,190
12/10/2022 17:00,180
12/10/2022 18:00,165
12/10/2022 19:00,155
12/10/2022 20:00,145
12/10/2022 21:00,145
12/10/2022 22:00,152
12/10/2022 23:00,147
12/11/2022 0:00,155
12/11/2022 1:00,150
12/11/2022 2:00,165
12/11/2022 3:00,170
12/11/2022 4:00,178
12/11/2022 5:00,192
12/11/2022 6:00,198
12/11/2022 7:00,206
12/11/2022 8:00,222
12/11/2022 9:00,230
12/11/2022 10:00,240
12/11/2022 11:00,247
12/11/2022 12:00,235
12/11/2022 13:00,225
12/11/2022 14:00,215
12/11/2022 15:00,202
12/11/2022 16:00,182
12/11/2022 17:00,172
12/11/2022 18:00,150
12/11/2022 19:00,150
12/11/2022 20:00,145
12/11/2022 21:00,140
12/11/2022 22:00,145
12/11/2022 23:00,150
12/12/2022 0:00,150
12/12/2022 1:00,152
12/12/2022 2:00,160
12/12/2022 3:00,166
12/12/2022 4:00,172
12/12/2022 5:00,180
12/12/2022 6:00,195
12/12/2022 7:00,208
12/12/2022 8:00,223
12/12/2022 9:00,230
12/12/2022 10:00,235
12/12/2022 11:00,245
12/12/2022 12:00,245
12/12/2022 13:00,238
12/12/2022 14:00,220
12/12/2022 15:00,213
12/12/2022 16:00,195
12/12/2022 17:00,185
12/12/2022 18:00,172
12/12/2022 19:00,163
12/12/2022 20:00,157
12/12/2022 21:00,142
12/12/2022 22:00,149
12/12/2022 23:00,148
12/13/2022 0:00,140
12/13/2022 1:00,143
12/13/2022 2:00,162
12/13/2022 3:00,168
12/13/2022 4:00,168
12/13/2022 5:00,180
12/13/2022 6:00,192
12/13/2022 7:00,200
12/13/2022 8:00,210
12/13/2022 9:00,215
12/13/2022 10:00,220
12/13/2022 11:00,225
12/13/2022 12:00,230
12/13/2022 13:00,227
12/13/2022 14:00,224
12/13/2022 15:00,210
12/13/2022 16:00,192
12/13/2022 17:00,185
12/13/2022 18:00,172
12/13/2022 19:00,168
12/13/2022 20:00,157
12/13/2022 21:00,157
12/13/2022 22:00,152
12/13/2022 23:00,150
12/14/2022 0:00,153
12/14/2022 1:00,151
12/14/2022 2:00,160
12/14/2022 3:00,166
12/14/2022 4:00,174
12/14/2022 5:00,184
12/14/2022 6:00,195
12/14/2022 7:00,202
12/14/2022 8:00,210
12/14/2022 9:00,218
12/14/2022 10:00,222
12/14/2022 11:00,223
12/14/2022 12:00,229
12/14/2022 13:00,220
12/14/2022 14:00,220
12/14/2022 15:00,214
12/14/2022 16:00,209
12/14/2022 17:00,198
12/14/2022 18:00,189
12/14/2022 19:00,185
12/14/2022 20:00,170
12/14/2022 21:00,158
12/14/2022 22:00,160
12/14/2022 23:00,160
12/15/2022 0:00,165
12/15/2022 1:00,167
12/15/2022 2:00,170
12/15/2022 3:00,175
12/15/2022 4:00,178
12/15/2022 5:00,188
12/15/2022 6:00,195
12/15/2022 7:00,205
12/15/2022 8:00,205
12/15/2022 9:00,215
12/15/2022 10:00,220
12/15/2022 11:00,224
12/15/2022 12:00,230
12/15/2022 13:00,228
12/15/2022 14:00,220
12/15/2022 15:00,218
12/15/2022 16:00,210
12/15/2022 17:00,204
12/15/2022 18:00,200
12/15/2022 19:00,190
12/15/2022 20:00,172
12/15/2022 21:00,168
12/15/2022 22:00,150
12/15/2022 23:00,154
12/16/2022 0:00,143
12/16/2022 1:00,165
12/16/2022 2:00,164
12/16/2022 3:00,173
12/16/2022 4:00,172
12/16/2022 5:00,187
12/16/2022 6:00,198
12/16/2022 7:00,213
12/16/2022 8:00,210
12/16/2022 9:00,210
12/16/2022 10:00,213
12/16/2022 11:00,209
12/16/2022 12:00,210
12/16/2022 13:00,208
12/16/2022 14:00,210
12/16/2022 15:00,200
12/16/2022 16:00,196
12/16/2022 17:00,193
12/16/2022 18:00,190
12/16/2022 19:00,187
12/16/2022 20:00,174
12/16/2022 21:00,180
12/16/2022 22:00,170
12/16/2022 23:00,160
12/17/2022 0:00,165
12/17/2022 1:00,153
12/17/2022 2:00,170
12/17/2022 3:00,174
12/17/2022 4:00,176
12/17/2022 5:00,183
12/17/2022 6:00,193
12/17/2022 7:00,202
12/17/2022 8:00,208
12/17/2022 9:00,212
12/17/2022 10:00,216
12/17/2022 11:00,210
12/17/2022 12:00,205
12/17/2022 13:00,203
12/17/2022 14:00,209
12/17/2022 15:00,208
12/17/2022 16:00,200
12/17/2022 17:00,197
12/17/2022 18:00,195
12/17/2022 19:00,190
12/17/2022 20:00,187
12/17/2022 21:00,180
12/17/2022 22:00,175
12/17/2022 23:00,173
12/18/2022 0:00,170
12/18/2022 1:00,175
12/18/2022 2:00,183
12/18/2022 3:00,196
12/18/2022 4:00,200
12/18/2022 5:00,215
12/18/2022 6:00,215
12/18/2022 7:00,221
12/18/2022 8:00,214
12/18/2022 9:00,225
12/18/2022 10:00,230
12/18/2022 11:00,224
12/18/2022 12:00,208
12/18/2022 13:00,210
12/18/2022 14:00,204
12/18/2022 15:00,195
12/18/2022 16:00,187
12/18/2022 17:00,189
12/18/2022 18:00,187
12/18/2022 19:00,182
12/18/2022 20:00,186
12/18/2022 21:00,185
12/18/2022 22:00,180
12/18/2022 23:00,180
12/19/2022 0:00,180
12/19/2022 1:00,188
12/19/2022 2:00,189
12/19/2022 3:00,198
12/19/2022 4:00,215
12/19/2022 5:00,221
12/19/2022 6:00,234
12/19/2022 7:00,238
12/19/2022 8:00,243
12/19/2022 9:00,238
12/19/2022 10:00,227
12/19/2022 11:00,221
12/19/2022 12:00,219
12/19/2022 13:00,207
12/19/2022 14:00,192
12/19/2022 15:00,200
12/19/2022 16:00,188
12/19/2022 17:00,185
12/19/2022 18:00,177
12/19/2022 19:00,180
12/19/2022 20:00,179
12/19/2022 21:00,175
12/19/2022 22:00,180
12/19/2022 23:00,190
12/20/2022 0:00,192
12/20/2022 1:00,187
12/20/2022 2:00,190
12/20/2022 3:00,210
12/20/2022 4:00,214
12/20/2022 5:00,230
12/20/2022 6:00,239
12/20/2022 7:00,244
12/20/2022 8:00,245
12/20/2022 9:00,249
12/20/2022 10:00,236
12/20/2022 11:00,218
12/20/2022 12:00,210
12/20/2022 13:00,198
12/20/2022 14:00,190
12/20/2022 15:00,180
12/20/2022 16:00,173
12/20/2022 17:00,175
12/20/2022 18:00,170
12/20/2022 19:00,172
12/20/2022 20:00,167
12/20/2022 21:00,172
12/20/2022 22:00,175
12/20/2022 23:00,178
12/21/2022 0:00,180
12/21/2022 1:00,182
12/21/2022 2:00,198
12/21/2022 3:00,205
12/21/2022 4:00,211
12/21/2022 5:00,228
12/21/2022 6:00,232
12/21/2022 7:00,246
12/21/2022 8:00,250
12/21/2022 9:00,244
12/21/2022 10:00,244
12/21/2022 11:00,240
12/21/2022 12:00,222
12/21/2022 13:00,210
12/21/2022 14:00,194
12/21/2022 15:00,175
12/21/2022 16:00,167
12/21/2022 17:00,155
12/21/2022 18:00,152
12/21/2022 19:00,154
12/21/2022 20:00,154
12/21/2022 21:00,156
12/21/2022 22:00,150
12/21/2022 23:00,170
12/22/2022 0:00,170
12/22/2022 1:00,178
12/22/2022 2:00,185
12/22/2022 3:00,198
12/22/2022 4:00,215
12/22/2022 5:00,222
12/22/2022 6:00,238
12/22/2022 7:00,250
12/22/2022 8:00,255
12/22/2022 9:00,252
12/22/2022 10:00,252
12/22/2022 11:00,240
12/22/2022 12:00,230
12/22/2022 13:00,213
12/22/2022 14:00,190
12/22/2022 15:00,170
12/22/2022 16:00,155
12/22/2022 17:00,145
12/22/2022 18:00,140
12/22/2022 19:00,136
12/22/2022 20:00,130
12/22/2022 21:00,135
12/22/2022 22:00,138
12/22/2022 23:00,140
12/23/2022 0:00,137
12/23/2022 1:00,140
12/23/2022 2:00,145
12/23/2022 3:00,140
12/23/2022 4:00,143
12/23/2022 5:00,187
12/23/2022 6:00,198
12/23/2022 7:00,220
12/23/2022 8:00,233
12/23/2022 9:00,235
12/23/2022 10:00,236
12/23/2022 11:00,232
12/23/2022 12:00,222
12/23/2022 13:00,212
12/23/2022 14:00,187
12/23/2022 15:00,170
12/23/2022 16:00,159
12/23/2022 17:00,147
12/23/2022 18:00,140
12/23/2022 19:00,132
12/23/2022 20:00,132
12/23/2022 21:00,130
12/23/2022 22:00,128
12/23/2022 23:00,128
12/24/2022 0:00,125
12/24/2022 1:00,126
12/24/2022 2:00,130
12/24/2022 3:00,132
12/24/2022 4:00,150
12/24/2022 5:00,160
12/24/2022 6:00,190
12/24/2022 7:00,207
12/24/2022 8:00,225
12/24/2022 9:00,237
12/24/2022 10:00,240
12/24/2022 11:00,235
12/24/2022 12:00,233
12/24/2022 13:00,215
12/24/2022 14:00,200
12/24/2022 15:00,185
12/24/2022 16:00,160
12/24/2022 17:00,146
12/24/2022 18:00,146
12/24/2022 19:00,140
12/24/2022 20:00,142
12/24/2022 21:00,136
12/24/2022 22:00,137
12/24/2022 23:00,138
12/25/2022 0:00,138
12/25/2022 1:00,140
12/25/2022 2:00,145
12/25/2022 3:00,158
12/25/2022 4:00,163
12/25/2022 5:00,184
12/25/2022 6:00,198
12/25/2022 7:00,220
12/25/2022 8:00,240
12/25/2022 9:00,247
12/25/2022 10:00,261
12/25/2022 11:00,260
12/25/2022 12:00,268
12/25/2022 13:00,250
12/25/2022 14:00,230
12/25/2022 15:00,212
12/25/2022 16:00,190
12/25/2022 17:00,170
12/25/2022 18:00,145
12/25/2022 19:00,147
12/25/2022 20:00,135
12/25/2022 21:00,140
12/25/2022 22:00,142
12/25/2022 23:00,140
12/26/2022 0:00,147
12/26/2022 1:00,142
12/26/2022 2:00,140
12/26/2022 3:00,152
12/26/2022 4:00,155
12/26/2022 5:00,153
12/26/2022 6:00,165
12/26/2022 7:00,185
12/26/2022 8:00,200
12/26/2022 9:00,210
12/26/2022 10:00,230
12/26/2022 11:00,235
12/26/2022 12:00,230
12/26/2022 13:00,229
12/26/2022 14:00,230
12/26/2022 15:00,210
12/26/2022 16:00,198
12/26/2022 17:00,185
12/26/2022 18:00,170
12/26/2022 19:00,150
12/26/2022 20:00,140
12/26/2022 21:00,133
12/26/2022 22:00,130
12/26/2022 23:00,131
12/27/2022 0:00,135
12/27/2022 1:00,145
12/27/2022 2:00,135
12/27/2022 3:00,138
12/27/2022 4:00,142
12/27/2022 5:00,148
12/27/2022 6:00,157
12/27/2022 7:00,172
12/27/2022 8:00,190
12/27/2022 9:00,198
12/27/2022 10:00,205
12/27/2022 11:00,220
12/27/2022 12:00,222
12/27/2022 13:00,223
12/27/2022 14:00,223
12/27/2022 15:00,220
12/27/2022 16:00,208
12/27/2022 17:00,200
12/27/2022 18:00,185
12/27/2022 19:00,168
12/27/2022 20:00,170
12/27/2022 21:00,150
12/27/2022 22:00,145
12/27/2022 23:00,143
12/28/2022 0:00,135
12/28/2022 1:00,145
12/28/2022 2:00,135
12/28/2022 3:00,138
12/28/2022 4:00,142
12/28/2022 5:00,148
12/28/2022 6:00,157
12/28/2022 7:00,172
12/28/2022 8:00,190
12/28/2022 9:00,198
12/28/2022 10:00,205
12/28/2022 11:00,220
12/28/2022 12:00,222
12/28/2022 13:00,223
12/28/2022 14:00,223
12/28/2022 15:00,220
12/28/2022 16:00,208
12/28/2022 17:00,200
12/28/2022 18:00,185
12/28/2022 19:00,168
12/28/2022 20:00,170
12/28/2022 21:00,150
12/28/2022 22:00,145
12/28/2022 23:00,143
12/29/2022 0:00,140
12/29/2022 1:00,145
12/29/2022 2:00,157
12/29/2022 3:00,165
12/29/2022 4:00,160
12/29/2022 5:00,172
12/29/2022 6:00,175
12/29/2022 7:00,178
12/29/2022 8:00,185
12/29/2022 9:00,198
12/29/2022 10:00,199
12/29/2022 11:00,204
12/29/2022 12:00,205
12/29/2022 13:00,208
12/29/2022 14:00,208
12/29/2022 15:00,208
12/29/2022 16:00,205
12/29/2022 17:00,200
12/29/2022 18:00,180
12/29/2022 19:00,182
12/29/2022 20:00,155
12/29/2022 21:00,148
12/29/2022 22:00,142
12/29/2022 23:00,147
12/30/2022 0:00,145
12/30/2022 1:00,150
12/30/2022 2:00,153
12/30/2022 3:00,158
12/30/2022 4:00,165
12/30/2022 5:00,170
12/30/2022 6:00,173
12/30/2022 7:00,180
12/30/2022 8:00,190
12/30/2022 9:00,202
12/30/2022 10:00,203
12/30/2022 11:00,195
12/30/2022 12:00,200
12/30/2022 13:00,202
12/30/2022 14:00,191
12/30/2022 15:00,190
12/30/2022 16:00,190
12/30/2022 17:00,182
12/30/2022 18:00,169
12/30/2022 19:00,174
12/30/2022 20:00,165
12/30/2022 21:00,166
12/30/2022 22:00,154
12/30/2022 23:00,170
12/31/2022 0:00,160
12/31/2022 1:00,165
12/31/2022 2:00,173
12/31/2022 3:00,185
12/31/2022 4:00,192
12/31/2022 5:00,198
12/31/2022 6:00,198
12/31/2022 7:00,205
12/31/2022 8:00,205
12/31/2022 9:00,209
12/31/2022 10:00,208
12/31/2022 11:00,210
12/31/2022 12:00,198
12/31/2022 13:00,190
12/31/2022 14:00,193
12/31/2022 15:00,192
12/31/2022 16:00,193
12/31/2022 17:00,183
12/31/2022 18:00,175
12/31/2022 19:00,167
12/31/2022 20:00,169
12/31/2022 21:00,160
12/31/2022 22:00,158
12/31/2022 23:00,165
1/1/2023 0:00,158
1/1/2023 1:00,165
1/1/2023 2:00,168
1/1/2023 3:00,184
1/1/2023 4:00,190
1/1/2023 5:00,198
1/1/2023 6:00,200
1/1/2023 7:00,207
1/1/2023 8:00,200
1/1/2023 9:00,210
1/1/2023 10:00,205
1/1/2023 11:00,200
1/1/2023 12:00,185
1/1/2023 13:00,185
1/1/2023 14:00,175
1/1/2023 15:00,176
1/1/2023 16:00,171
1/1/2023 17:00,164
1/1/2023 18:00,160
1/1/2023 19:00,153
1/1/2023 20:00,150
1/1/2023 21:00,147
1/1/2023 22:00,150
1/1/2023 23:00,155
1/2/2023 0:00,158
1/2/2023 1:00,160
1/2/2023 2:00,168
1/2/2023 3:00,180
1/2/2023 4:00,180
1/2/2023 5:00,205
1/2/2023 6:00,212
1/2/2023 7:00,211
1/2/2023 8:00,212
1/2/2023 9:00,215
1/2/2023 10:00,210
1/2/2023 11:00,202
1/2/2023 12:00,195
1/2/2023 13:00,180
1/2/2023 14:00,170
1/2/2023 15:00,160
1/2/2023 16:00,145
1/2/2023 17:00,153
1/2/2023 18:00,148
1/2/2023 19:00,151
1/2/2023 20:00,140
1/2/2023 21:00,138
1/2/2023 22:00,135
1/2/2023 23:00,145
1/3/2023 0:00,145
1/3/2023 1:00,155
1/3/2023 2:00,162
1/3/2023 3:00,175
1/3/2023 4:00,185
1/3/2023 5:00,200
1/3/2023 6:00,205
1/3/2023 7:00,219
1/3/2023 8:00,215
1/3/2023 9:00,215
1/3/2023 10:00,210
1/3/2023 11:00,205
1/3/2023 12:00,185
1/3/2023 13:00,178
1/3/2023 14:00,158
1/3/2023 15:00,150
1/3/2023 16:00,140
1/3/2023 17:00,127
1/3/2023 18:00,133
1/3/2023 19:00,136
1/3/2023 20:00,130
1/3/2023 21:00,134
1/3/2023 22:00,140
1/3/2023 23:00,138
1/4/2023 0:00,136
1/4/2023 1:00,145
1/4/2023 2:00,155
1/4/2023 3:00,155
1/4/2023 4:00,180
1/4/2023 5:00,194
1/4/2023 6:00,200
1/4/2023 7:00,210
1/4/2023 8:00,220
1/4/2023 9:00,218
1/4/2023 10:00,219
1/4/2023 11:00,213
1/4/2023 12:00,190
1/4/2023 13:00,185
1/4/2023 14:00,175
1/4/2023 15:00,157
1/4/2023 16:00,142
1/4/2023 17:00,138
1/4/2023 18:00,140
1/4/2023 19:00,137
1/4/2023 20:00,141
1/4/2023 21:00,142
1/4/2023 22:00,140
1/4/2023 23:00,150
1/5/2023 0:00,150
1/5/2023 1:00,168
1/5/2023 2:00,150
1/5/2023 3:00,178
1/5/2023 4:00,180
1/5/2023 5:00,195
1/5/2023 6:00,208
1/5/2023 7:00,222
1/5/2023 8:00,228
1/5/2023 9:00,230
1/5/2023 10:00,230
1/5/2023 11:00,221
1/5/2023 12:00,210
1/5/2023 13:00,195
1/5/2023 14:00,182
1/5/2023 15:00,165
1/5/2023 16:00,151
1/5/2023 17:00,147
1/5/2023 18:00,140
1/5/2023 19:00,140
1/5/2023 20:00,146
1/5/2023 21:00,145
1/5/2023 22:00,149
1/5/2023 23:00,159
1/6/2023 0:00,150
1/6/2023 1:00,160
1/6/2023 2:00,170
1/6/2023 3:00,175
1/6/2023 4:00,184
1/6/2023 5:00,190
1/6/2023 6:00,207
1/6/2023 7:00,232
1/6/2023 8:00,230
1/6/2023 9:00,235
1/6/2023 10:00,238
1/6/2023 11:00,236
1/6/2023 12:00,220
1/6/2023 13:00,209
1/6/2023 14:00,190
1/6/2023 15:00,172
1/6/2023 16:00,160
1/6/2023 17:00,140
1/6/2023 18:00,132
1/6/2023 19:00,130
1/6/2023 20:00,140
1/6/2023 21:00,135
1/6/2023 22:00,138
1/6/2023 23:00,142
1/7/2023 0:00,148
1/7/2023 1:00,158
1/7/2023 2:00,156
1/7/2023 3:00,168
1/7/2023 4:00,180
1/7/2023 5:00,190
1/7/2023 6:00,205
1/7/2023 7:00,210
1/7/2023 8:00,230
1/7/2023 9:00,238
1/7/2023 10:00,248
1/7/2023 11:00,238
1/7/2023 12:00,235
1/7/2023 13:00,218
1/7/2023 14:00,208
1/7/2023 15:00,193
1/7/2023 16:00,177
1/7/2023 17:00,158
1/7/2023 18:00,150
1/7/2023 19:00,140
1/7/2023 20:00,148
1/7/2023 21:00,145
1/7/2023 22:00,155
1/7/2023 23:00,167
1/8/2023 0:00,170
1/8/2023 1:00,164
1/8/2023 2:00,170
1/8/2023 3:00,179
1/8/2023 4:00,182
1/8/2023 5:00,200
1/8/2023 6:00,202
1/8/2023 7:00,214
1/8/2023 8:00,224
1/8/2023 9:00,233
1/8/2023 10:00,245
1/8/2023 11:00,240
1/8/2023 12:00,234
1/8/2023 13:00,228
1/8/2023 14:00,205
1/8/2023 15:00,192
1/8/2023 16:00,180
1/8/2023 17:00,160
1/8/2023 18:00,148
1/8/2023 19:00,153
1/8/2023 20:00,147
1/8/2023 21:00,130
1/8/2023 22:00,147
1/8/2023 23:00,145
1/9/2023 0:00,156
1/9/2023 1:00,155
1/9/2023 2:00,165
1/9/2023 3:00,167
1/9/2023 4:00,168
1/9/2023 5:00,182
1/9/2023 6:00,190
1/9/2023 7:00,201
1/9/2023 8:00,211
1/9/2023 9:00,222
1/9/2023 10:00,238
1/9/2023 11:00,238
1/9/2023 12:00,238
1/9/2023 13:00,228
1/9/2023 14:00,218
1/9/2023 15:00,210
1/9/2023 16:00,190
1/9/2023 17:00,177
1/9/2023 18:00,163
1/9/2023 19:00,160
1/9/2023 20:00,145
1/9/2023 21:00,147
1/9/2023 22:00,145
1/9/2023 23:00,140
1/10/2023 0:00,154
1/10/2023 1:00,162
1/10/2023 2:00,170
1/10/2023 3:00,180
1/10/2023 4:00,185
1/10/2023 5:00,190
1/10/2023 6:00,188
1/10/2023 7:00,208
1/10/2023 8:00,214
1/10/2023 9:00,218
1/10/2023 10:00,230
1/10/2023 11:00,233
1/10/2023 12:00,235
1/10/2023 13:00,225
1/10/2023 14:00,220
1/10/2023 15:00,210
1/10/2023 16:00,198
1/10/2023 17:00,180
1/10/2023 18:00,167
1/10/2023 19:00,165
1/10/2023 20:00,155
1/10/2023 21:00,150
1/10/2023 22:00,150
1/10/2023 23:00,157
1/11/2023 0:00,160
1/11/2023 1:00,164
1/11/2023 2:00,170
1/11/2023 3:00,173
1/11/2023 4:00,170
1/11/2023 5:00,180
1/11/2023 6:00,170
1/11/2023 7:00,198
1/11/2023 8:00,205
1/11/2023 9:00,217
1/11/2023 10:00,230
1/11/2023 11:00,227
1/11/2023 12:00,225
1/11/2023 13:00,220
1/11/2023 14:00,220
1/11/2023 15:00,203
1/11/2023 16:00,195
1/11/2023 17:00,185
1/11/2023 18:00,180
1/11/2023 19:00,178
1/11/2023 20:00,175
1/11/2023 21:00,167
1/11/2023 22:00,155
1/11/2023 23:00,162
1/12/2023 0:00,160
1/12/2023 1:00,169
1/12/2023 2:00,167
1/12/2023 3:00,176
1/12/2023 4:00,180
1/12/2023 5:00,188
1/12/2023 6:00,198
1/12/2023 7:00,200
1/12/2023 8:00,200
1/12/2023 9:00,210
1/12/2023 10:00,211
1/12/2023 11:00,215
1/12/2023 12:00,220
1/12/2023 13:00,215
1/12/2023 14:00,209
1/12/2023 15:00,202
1/12/2023 16:00,195
1/12/2023 17:00,190
1/12/2023 18:00,182
1/12/2023 19:00,172
1/12/2023 20:00,170
1/12/2023 21:00,160
1/12/2023 22:00,161
1/12/2023 23:00,155
1/13/2023 0:00,170
1/13/2023 1:00,173
1/13/2023 2:00,178
1/13/2023 3:00,180
1/13/2023 4:00,188
1/13/2023 5:00,190
1/13/2023 6:00,197
1/13/2023 7:00,203
1/13/2023 8:00,208
1/13/2023 9:00,213
1/13/2023 10:00,218
1/13/2023 11:00,215
1/13/2023 12:00,213
1/13/2023 13:00,221
1/13/2023 14:00,215
1/13/2023 15:00,205
1/13/2023 16:00,197
1/13/2023 17:00,195
1/13/2023 18:00,185
1/13/2023 19:00,180
1/13/2023 20:00,178
1/13/2023 21:00,170
1/13/2023 22:00,170
1/13/2023 23:00,168
1/14/2023 0:00,170
1/14/2023 1:00,174
1/14/2023 2:00,187
1/14/2023 3:00,192
1/14/2023 4:00,190
1/14/2023 5:00,202
1/14/2023 6:00,208
1/14/2023 7:00,205
1/14/2023 8:00,218
1/14/2023 9:00,211
1/14/2023 10:00,210
1/14/2023 11:00,208
1/14/2023 12:00,205
1/14/2023 13:00,205
1/14/2023 14:00,199
1/14/2023 15:00,190
1/14/2023 16:00,190
1/14/2023 17:00,180
1/14/2023 18:00,178
1/14/2023 19:00,170
1/14/2023 20:00,175
1/14/2023 21:00,173
1/14/2023 22:00,163
1/14/2023 23:00,167
1/15/2023 0:00,170
1/15/2023 1:00,177
1/15/2023 2:00,183
1/15/2023 3:00,192
1/15/2023 4:00,200
1/15/2023 5:00,206
1/15/2023 6:00,208
1/15/2023 7:00,215
1/15/2023 8:00,214
1/15/2023 9:00,210
1/15/2023 10:00,210
1/15/2023 11:00,208
1/15/2023 12:00,195
1/15/2023 13:00,190
1/15/2023 14:00,180
1/15/2023 15:00,178
1/15/2023 16:00,168
1/15/2023 17:00,167
1/15/2023 18:00,173
1/15/2023 19:00,165
1/15/2023 20:00,170
1/15/2023 21:00,170
1/15/2023 22:00,162
1/15/2023 23:00,168
1/16/2023 0:00,170
1/16/2023 1:00,168
1/16/2023 2:00,172
1/16/2023 3:00,190
1/16/2023 4:00,193
1/16/2023 5:00,200
1/16/2023 6:00,210
1/16/2023 7:00,215
1/16/2023 8:00,210
1/16/2023 9:00,218
1/16/2023 10:00,215
1/16/2023 11:00,210
1/16/2023 12:00,195
1/16/2023 13:00,189
1/16/2023 14:00,180
1/16/2023 15:00,178
1/16/2023 16:00,170
1/16/2023 17:00,165
1/16/2023 18:00,165
1/16/2023 19:00,160
1/16/2023 20:00,177
1/16/2023 21:00,170
1/16/2023 22:00,168
1/16/2023 23:00,172
1/17/2023 0:00,180
1/17/2023 1:00,185
1/17/2023 2:00,198
1/17/2023 3:00,200
1/17/2023 4:00,210
1/17/2023 5:00,220
1/17/2023 6:00,232
1/17/2023 7:00,224
1/17/2023 8:00,232
1/17/2023 9:00,218
1/17/2023 10:00,210
1/17/2023 11:00,205
1/17/2023 12:00,182
1/17/2023 13:00,178
1/17/2023 14:00,160
1/17/2023 15:00,155
1/17/2023 16:00,150
1/17/2023 17:00,150
1/17/2023 18:00,158
1/17/2023 19:00,160
1/17/2023 20:00,164
1/17/2023 21:00,160
1/17/2023 22:00,162
1/17/2023 23:00,165
1/18/2023 0:00,170
1/18/2023 1:00,175
1/18/2023 2:00,190
1/18/2023 3:00,192
1/18/2023 4:00,207
1/18/2023 5:00,217
1/18/2023 6:00,215
1/18/2023 7:00,220
1/18/2023 8:00,215
1/18/2023 9:00,217
1/18/2023 10:00,207
1/18/2023 11:00,200
1/18/2023 12:00,190
1/18/2023 13:00,173
1/18/2023 14:00,150
1/18/2023 15:00,145
1/18/2023 16:00,140
1/18/2023 17:00,136
1/18/2023 18:00,135
1/18/2023 19:00,130
1/18/2023 20:00,150
1/18/2023 21:00,150
1/18/2023 22:00,154
1/18/2023 23:00,163
1/19/2023 0:00,168
1/19/2023 1:00,169
1/19/2023 2:00,180
1/19/2023 3:00,190
1/19/2023 4:00,196
1/19/2023 5:00,218
1/19/2023 6:00,215
1/19/2023 7:00,227
1/19/2023 8:00,232
1/19/2023 9:00,226
1/19/2023 10:00,220
1/19/2023 11:00,215
1/19/2023 12:00,190
1/19/2023 13:00,189
1/19/2023 14:00,172
1/19/2023 15:00,165
1/19/2023 16:00,135
1/19/2023 17:00,135
1/19/2023 18:00,133
1/19/2023 19:00,135
1/19/2023 20:00,133
1/19/2023 21:00,140
1/19/2023 22:00,140
1/19/2023 23:00,160
1/20/2023 0:00,163
1/20/2023 1:00,165
1/20/2023 2:00,173
1/20/2023 3:00,180
1/20/2023 4:00,195
1/20/2023 5:00,206
1/20/2023 6:00,219
1/20/2023 7:00,233
1/20/2023 8:00,240
1/20/2023 9:00,237
1/20/2023 10:00,238
1/20/2023 11:00,227
1/20/2023 12:00,212
1/20/2023 13:00,200
1/20/2023 14:00,178
1/20/2023 15:00,150
1/20/2023 16:00,140
1/20/2023 17:00,140
1/20/2023 18:00,120
1/20/2023 19:00,128
1/20/2023 20:00,129
1/20/2023 21:00,130
1/20/2023 22:00,145
1/20/2023 23:00,155
1/21/2023 0:00,159
1/21/2023 1:00,162
1/21/2023 2:00,165
1/21/2023 3:00,178
1/21/2023 4:00,190
1/21/2023 5:00,200
1/21/2023 6:00,218
1/21/2023 7:00,241
1/21/2023 8:00,242
1/21/2023 9:00,247
1/21/2023 10:00,248
1/21/2023 11:00,240
1/21/2023 12:00,230
1/21/2023 13:00,212
1/21/2023 14:00,200
1/21/2023 15:00,180
1/21/2023 16:00,157
1/21/2023 17:00,145
1/21/2023 18:00,133
1/21/2023 19:00,127
1/21/2023 20:00,130
1/21/2023 21:00,132
1/21/2023 22:00,135
1/21/2023 23:00,138
1/22/2023 0:00,150
1/22/2023 1:00,157
1/22/2023 2:00,160
1/22/2023 3:00,175
1/22/2023 4:00,180
1/22/2023 5:00,187
1/22/2023 6:00,200
1/22/2023 7:00,200
1/22/2023 8:00,241
1/22/2023 9:00,246
1/22/2023 10:00,255
1/22/2023 11:00,254
1/22/2023 12:00,242
1/22/2023 13:00,230
1/22/2023 14:00,215
1/22/2023 15:00,195
1/22/2023 16:00,172
1/22/2023 17:00,150
1/22/2023 18:00,140
1/22/2023 19:00,135
1/22/2023 20:00,133
1/22/2023 21:00,137
1/22/2023 22:00,140
1/22/2023 23:00,147
1/23/2023 0:00,150
1/23/2023 1:00,155
1/23/2023 2:00,158
1/23/2023 3:00,165
1/23/2023 4:00,170
1/23/2023 5:00,171
1/23/2023 6:00,182
1/23/2023 7:00,204
1/23/2023 8:00,218
1/23/2023 9:00,245
1/23/2023 10:00,245
1/23/2023 11:00,250
1/23/2023 12:00,247
1/23/2023 13:00,235
1/23/2023 14:00,223
1/23/2023 15:00,203
1/23/2023 16:00,182
1/23/2023 17:00,168
1/23/2023 18:00,148
1/23/2023 19:00,140
1/23/2023 20:00,135
1/23/2023 21:00,136
1/23/2023 22:00,132
1/23/2023 23:00,135
1/24/2023 0:00,150
1/24/2023 1:00,155
1/24/2023 2:00,165
1/24/2023 3:00,170
1/24/2023 4:00,168
1/24/2023 5:00,170
1/24/2023 6:00,178
1/24/2023 7:00,183
1/24/2023 8:00,197
1/24/2023 9:00,208
1/24/2023 10:00,228
1/24/2023 11:00,230
1/24/2023 12:00,240
1/24/2023 13:00,232
1/24/2023 14:00,217
1/24/2023 15:00,200
1/24/2023 16:00,190
1/24/2023 17:00,168
1/24/2023 18:00,152
1/24/2023 19:00,138
1/24/2023 20:00,136
1/24/2023 21:00,135
1/24/2023 22:00,138
1/24/2023 23:00,145
1/25/2023 0:00,156
1/25/2023 1:00,158
1/25/2023 2:00,165
1/25/2023 3:00,178
1/25/2023 4:00,170
1/25/2023 5:00,188
1/25/2023 6:00,190
1/25/2023 7:00,190
1/25/2023 8:00,186
1/25/2023 9:00,212
1/25/2023 10:00,215
1/25/2023 11:00,224
1/25/2023 12:00,227
1/25/2023 13:00,225
1/25/2023 14:00,210
1/25/2023 15:00,195
1/25/2023 16:00,183
1/25/2023 17:00,168
1/25/2023 18:00,165
1/25/2023 19:00,152
1/25/2023 20:00,143
1/25/2023 21:00,138
1/25/2023 22:00,143
1/25/2023 23:00,165
1/26/2023 0:00,168
1/26/2023 1:00,175
1/26/2023 2:00,177
1/26/2023 3:00,180
1/26/2023 4:00,183
1/26/2023 5:00,181
1/26/2023 6:00,183
1/26/2023 7:00,190
1/26/2023 8:00,202
1/26/2023 9:00,203
1/26/2023 10:00,205
1/26/2023 11:00,213
1/26/2023 12:00,205
1/26/2023 13:00,205
1/26/2023 14:00,200
1/26/2023 15:00,195
1/26/2023 16:00,177
1/26/2023 17:00,178
1/26/2023 18:00,167
1/26/2023 19:00,155
1/26/2023 20:00,160
1/26/2023 21:00,158
1/26/2023 22:00,145
1/26/2023 23:00,145
1/27/2023 0:00,180
1/27/2023 1:00,185
1/27/2023 2:00,190
1/27/2023 3:00,192
1/27/2023 4:00,195
1/27/2023 5:00,190
1/27/2023 6:00,187
1/27/2023 7:00,185
1/27/2023 8:00,187
1/27/2023 9:00,188
1/27/2023 10:00,186
1/27/2023 11:00,190
1/27/2023 12:00,190
1/27/2023 13:00,190
1/27/2023 14:00,183
1/27/2023 15:00,182
1/27/2023 16:00,184
1/27/2023 17:00,173
1/27/2023 18:00,162
1/27/2023 19:00,158
1/27/2023 20:00,160
1/27/2023 21:00,155
1/27/2023 22:00,157
1/27/2023 23:00,164
1/28/2023 0:00,170
1/28/2023 1:00,188
1/28/2023 2:00,190
1/28/2023 3:00,192
1/28/2023 4:00,194
1/28/2023 5:00,195
1/28/2023 6:00,200
1/28/2023 7:00,205
1/28/2023 8:00,205
1/28/2023 9:00,202
1/28/2023 10:00,193
1/28/2023 11:00,195
1/28/2023 12:00,190
1/28/2023 13:00,190
1/28/2023 14:00,183
1/28/2023 15:00,175
1/28/2023 16:00,172
1/28/2023 17:00,172
1/28/2023 18:00,163
1/28/2023 19:00,168
1/28/2023 20:00,169
1/28/2023 21:00,170
1/28/2023 22:00,173
1/28/2023 23:00,180
1/29/2023 0:00,198
1/29/2023 1:00,198
1/29/2023 2:00,203
1/29/2023 3:00,210
1/29/2023 4:00,218
1/29/2023 5:00,220
1/29/2023 6:00,216
1/29/2023 7:00,220
1/29/2023 8:00,215
1/29/2023 9:00,220
1/29/2023 10:00,218
1/29/2023 11:00,200
1/29/2023 12:00,198
1/29/2023 13:00,192
1/29/2023 14:00,170
1/29/2023 15:00,178
1/29/2023 16:00,166
1/29/2023 17:00,168
1/29/2023 18:00,168
1/29/2023 19:00,175
1/29/2023 20:00,170
1/29/2023 21:00,166
1/29/2023 22:00,173
1/29/2023 23:00,180
1/30/2023 0:00,183
1/30/2023 1:00,187
1/30/2023 2:00,197
1/30/2023 3:00,205
1/30/2023 4:00,210
1/30/2023 5:00,210
1/30/2023 6:00,215
1/30/2023 7:00,208
1/30/2023 8:00,210
1/30/2023 9:00,200
1/30/2023 10:00,195
1/30/2023 11:00,190
1/30/2023 12:00,175
1/30/2023 13:00,170
1/30/2023 14:00,165
1/30/2023 15:00,160
1/30/2023 16:00,152
1/30/2023 17:00,150
1/30/2023 18:00,148
1/30/2023 19:00,145
1/30/2023 20:00,155
1/30/2023 21:00,155
1/30/2023 22:00,156
1/30/2023 23:00,153
1/31/2023 0:00,167
1/31/2023 1:00,172
1/31/2023 2:00,183
1/31/2023 3:00,203
1/31/2023 4:00,210
1/31/2023 5:00,218
1/31/2023 6:00,220
1/31/2023 7:00,228
1/31/2023 8:00,223
1/31/2023 9:00,225
1/31/2023 10:00,215
1/31/2023 11:00,212
1/31/2023 12:00,199
1/31/2023 13:00,195
1/31/2023 14:00,172
1/31/2023 15:00,154
1/31/2023 16:00,145
1/31/2023 17:00,142
1/31/2023 18:00,145
1/31/2023 19:00,148
1/31/2023 20:00,152
1/31/2023 21:00,160
1/31/2023 22:00,167
1/31/2023 23:00,175
2/1/2023 0:00,180
2/1/2023 1:00,185
2/1/2023 2:00,197
2/1/2023 3:00,202
2/1/2023 4:00,210
2/1/2023 5:00,219
2/1/2023 6:00,230
2/1/2023 7:00,233
2/1/2023 8:00,233
2/1/2023 9:00,228
2/1/2023 10:00,213
2/1/2023 11:00,200
2/1/2023 12:00,186
2/1/2023 13:00,170
2/1/2023 14:00,160
2/1/2023 15:00,145
2/1/2023 16:00,140
2/1/2023 17:00,140
2/1/2023 18:00,135
2/1/2023 19:00,137
2/1/2023 20:00,135
2/1/2023 21:00,147
2/1/2023 22:00,155
2/1/2023 23:00,164
2/2/2023 0:00,174
2/2/2023 1:00,180
2/2/2023 2:00,180
2/2/2023 3:00,185
2/2/2023 4:00,193
2/2/2023 5:00,205
2/2/2023 6:00,213
2/2/2023 7:00,225
2/2/2023 8:00,227
2/2/2023 9:00,224
2/2/2023 10:00,228
2/2/2023 11:00,210
2/2/2023 12:00,198
2/2/2023 13:00,183
2/2/2023 14:00,168
2/2/2023 15:00,162
2/2/2023 16:00,142
2/2/2023 17:00,142
2/2/2023 18:00,137
2/2/2023 19:00,138
2/2/2023 20:00,134
2/2/2023 21:00,140
2/2/2023 22:00,170
2/2/2023 23:00,168
2/3/2023 0:00,180
2/3/2023 1:00,163
2/3/2023 2:00,170
2/3/2023 3:00,175
2/3/2023 4:00,185
2/3/2023 5:00,192
2/3/2023 6:00,212
2/3/2023 7:00,210
2/3/2023 8:00,228
2/3/2023 9:00,222
2/3/2023 10:00,222
2/3/2023 11:00,210
2/3/2023 12:00,201
2/3/2023 13:00,190
2/3/2023 14:00,172
2/3/2023 15:00,160
2/3/2023 16:00,148
2/3/2023 17:00,145
2/3/2023 18:00,148
2/3/2023 19:00,145
2/3/2023 20:00,148
2/3/2023 21:00,150
2/3/2023 22:00,165
2/3/2023 23:00,170
2/4/2023 0:00,173
2/4/2023 1:00,173
2/4/2023 2:00,178
2/4/2023 3:00,186
2/4/2023 4:00,192
2/4/2023 5:00,196
2/4/2023 6:00,204
2/4/2023 7:00,217
2/4/2023 8:00,228
2/4/2023 9:00,229
2/4/2023 10:00,226
2/4/2023 11:00,222
2/4/2023 12:00,220
2/4/2023 13:00,208
2/4/2023 14:00,190
2/4/2023 15:00,184
2/4/2023 16:00,160
2/4/2023 17:00,155
2/4/2023 18:00,145
2/4/2023 19:00,148
2/4/2023 20:00,150
2/4/2023 21:00,157
2/4/2023 22:00,165
2/4/2023 23:00,170
2/5/2023 0:00,170
2/5/2023 1:00,177
2/5/2023 2:00,182
2/5/2023 3:00,182
2/5/2023 4:00,190
2/5/2023 5:00,198
2/5/2023 6:00,207
2/5/2023 7:00,214
2/5/2023 8:00,220
2/5/2023 9:00,230
2/5/2023 10:00,230
2/5/2023 11:00,228
2/5/2023 12:00,218
2/5/2023 13:00,204
2/5/2023 14:00,190
2/5/2023 15:00,175
2/5/2023 16:00,167
2/5/2023 17:00,150
2/5/2023 18:00,140
2/5/2023 19:00,137
2/5/2023 20:00,147
2/5/2023 21:00,150
2/5/2023 22:00,155
2/5/2023 23:00,158
2/6/2023 0:00,165
2/6/2023 1:00,170
2/6/2023 2:00,170
2/6/2023 3:00,172
2/6/2023 4:00,180
2/6/2023 5:00,186
2/6/2023 6:00,190
2/6/2023 7:00,202
2/6/2023 8:00,219
2/6/2023 9:00,225
2/6/2023 10:00,228
2/6/2023 11:00,230
2/6/2023 12:00,218
2/6/2023 13:00,209
2/6/2023 14:00,200
2/6/2023 15:00,185
2/6/2023 16:00,174
2/6/2023 17:00,160
2/6/2023 18:00,150
2/6/2023 19:00,148
2/6/2023 20:00,150
2/6/2023 21:00,152
2/6/2023 22:00,163
2/6/2023 23:00,172
2/7/2023 0:00,175
2/7/2023 1:00,173
2/7/2023 2:00,177
2/7/2023 3:00,180
2/7/2023 4:00,182
2/7/2023 5:00,192
2/7/2023 6:00,200
2/7/2023 7:00,202
2/7/2023 8:00,212
2/7/2023 9:00,220
2/7/2023 10:00,237
2/7/2023 11:00,223
2/7/2023 12:00,220
2/7/2023 13:00,217
2/7/2023 14:00,208
2/7/2023 15:00,191
2/7/2023 16:00,180
2/7/2023 17:00,168
2/7/2023 18:00,160
2/7/2023 19:00,157
2/7/2023 20:00,152
2/7/2023 21:00,163
2/7/2023 22:00,166
2/7/2023 23:00,171
2/8/2023 0:00,175
2/8/2023 1:00,180
2/8/2023 2:00,175
2/8/2023 3:00,175
2/8/2023 4:00,171
2/8/2023 5:00,170
2/8/2023 6:00,180
2/8/2023 7:00,193
2/8/2023 8:00,190
2/8/2023 9:00,200
2/8/2023 10:00,220
2/8/2023 11:00,218
2/8/2023 12:00,208
2/8/2023 13:00,205
2/8/2023 14:00,202
2/8/2023 15:00,183
2/8/2023 16:00,170
2/8/2023 17:00,167
2/8/2023 18:00,160
2/8/2023 19:00,155
2/8/2023 20:00,153
2/8/2023 21:00,157
2/8/2023 22:00,167
2/8/2023 23:00,177
2/9/2023 0:00,179
2/9/2023 1:00,177
2/9/2023 2:00,180
2/9/2023 3:00,184
2/9/2023 4:00,185
2/9/2023 5:00,186
2/9/2023 6:00,190
2/9/2023 7:00,193
2/9/2023 8:00,208
2/9/2023 9:00,218
2/9/2023 10:00,222
2/9/2023 11:00,224
2/9/2023 12:00,220
2/9/2023 13:00,208
2/9/2023 14:00,207
2/9/2023 15:00,195
2/9/2023 16:00,191
2/9/2023 17:00,180
2/9/2023 18:00,170
2/9/2023 19:00,163
2/9/2023 20:00,160
2/9/2023 21:00,163
2/9/2023 22:00,170
2/9/2023 23:00,175
2/10/2023 0:00,178
2/10/2023 1:00,180
2/10/2023 2:00,180
2/10/2023 3:00,182
2/10/2023 4:00,183
2/10/2023 5:00,185
2/10/2023 6:00,188
2/10/2023 7:00,190
2/10/2023 8:00,200
2/10/2023 9:00,200
2/10/2023 10:00,205
2/10/2023 11:00,202
2/10/2023 12:00,208
2/10/2023 13:00,207
2/10/2023 14:00,198
2/10/2023 15:00,190
2/10/2023 16:00,193
2/10/2023 17:00,182
2/10/2023 18:00,173
2/10/2023 19:00,164
2/10/2023 20:00,163
2/10/2023 21:00,158
2/10/2023 22:00,180
2/10/2023 23:00,195
2/11/2023 0:00,205
2/11/2023 1:00,199
2/11/2023 2:00,200
2/11/2023 3:00,200
2/11/2023 4:00,200
2/11/2023 5:00,208
2/11/2023 6:00,210
2/11/2023 7:00,198
2/11/2023 8:00,210
2/11/2023 9:00,195
2/11/2023 10:00,215
2/11/2023 11:00,202
2/11/2023 12:00,196
2/11/2023 13:00,197
2/11/2023 14:00,199
2/11/2023 15:00,184
2/11/2023 16:00,188
2/11/2023 17:00,186
2/11/2023 18:00,169
2/11/2023 19:00,167
2/11/2023 20:00,168
2/11/2023 21:00,177
2/11/2023 22:00,170
2/11/2023 23:00,188
2/12/2023 0:00,195
2/12/2023 1:00,192
2/12/2023 2:00,207
2/12/2023 3:00,210
2/12/2023 4:00,210
2/12/2023 5:00,208
2/12/2023 6:00,215
2/12/2023 7:00,195
2/12/2023 8:00,194
2/12/2023 9:00,185
2/12/2023 10:00,180
2/12/2023 11:00,172
2/12/2023 12:00,174
2/12/2023 13:00,169
2/12/2023 14:00,166
2/12/2023 15:00,168
2/12/2023 16:00,173
2/12/2023 17:00,165
2/12/2023 18:00,160
2/12/2023 19:00,153
2/12/2023 20:00,163
2/12/2023 21:00,165
2/12/2023 22:00,177
2/12/2023 23:00,170
2/13/2023 0:00,176
2/13/2023 1:00,185
2/13/2023 2:00,188
2/13/2023 3:00,188
2/13/2023 4:00,200
2/13/2023 5:00,200
2/13/2023 6:00,195
2/13/2023 7:00,190
2/13/2023 8:00,186
2/13/2023 9:00,168
2/13/2023 10:00,165
2/13/2023 11:00,165
2/13/2023 12:00,159
2/13/2023 13:00,164
2/13/2023 14:00,162
2/13/2023 15:00,160
2/13/2023 16:00,158
2/13/2023 17:00,158
2/13/2023 18:00,158
2/13/2023 19:00,155
2/13/2023 20:00,173
2/13/2023 21:00,180
2/13/2023 22:00,180
2/13/2023 23:00,185
2/14/2023 0:00,190
2/14/2023 1:00,202
2/14/2023 2:00,200
2/14/2023 3:00,200
2/14/2023 4:00,205
2/14/2023 5:00,210
2/14/2023 6:00,218
2/14/2023 7:00,215
2/14/2023 8:00,210
2/14/2023 9:00,200
2/14/2023 10:00,193
2/14/2023 11:00,180
2/14/2023 12:00,165
2/14/2023 13:00,155
2/14/2023 14:00,150
2/14/2023 15:00,146
2/14/2023 16:00,145
2/14/2023 17:00,150
2/14/2023 18:00,147
2/14/2023 19:00,145
2/14/2023 20:00,150
2/14/2023 21:00,160
2/14/2023 22:00,168
2/14/2023 23:00,170
2/15/2023 0:00,178
2/15/2023 1:00,185
2/15/2023 2:00,190
2/15/2023 3:00,197
2/15/2023 4:00,205
2/15/2023 5:00,210
2/15/2023 6:00,218
2/15/2023 7:00,220
2/15/2023 8:00,209
2/15/2023 9:00,205
2/15/2023 10:00,195
2/15/2023 11:00,186
2/15/2023 12:00,163
2/15/2023 13:00,164
2/15/2023 14:00,153
2/15/2023 15:00,155
2/15/2023 16:00,152
2/15/2023 17:00,148
2/15/2023 18:00,150
2/15/2023 19:00,154
2/15/2023 20:00,150
2/15/2023 21:00,156
2/15/2023 22:00,163
2/15/2023 23:00,160
2/16/2023 0:00,173
2/16/2023 1:00,180
2/16/2023 2:00,184
2/16/2023 3:00,195
2/16/2023 4:00,195
2/16/2023 5:00,212
2/16/2023 6:00,217
2/16/2023 7:00,225
2/16/2023 8:00,225
2/16/2023 9:00,215
2/16/2023 10:00,200
2/16/2023 11:00,196
2/16/2023 12:00,175
2/16/2023 13:00,170
2/16/2023 14:00,155
2/16/2023 15:00,150
2/16/2023 16:00,147
2/16/2023 17:00,140
2/16/2023 18:00,138
2/16/2023 19:00,135
2/16/2023 20:00,145
2/16/2023 21:00,157
2/16/2023 22:00,135
2/16/2023 23:00,170
2/17/2023 0:00,174
2/17/2023 1:00,176
2/17/2023 2:00,185
2/17/2023 3:00,194
2/17/2023 4:00,210
2/17/2023 5:00,215
2/17/2023 6:00,220
2/17/2023 7:00,228
2/17/2023 8:00,229
2/17/2023 9:00,225
2/17/2023 10:00,220
2/17/2023 11:00,205
2/17/2023 12:00,195
2/17/2023 13:00,168
2/17/2023 14:00,153
2/17/2023 15:00,150
2/17/2023 16:00,135
2/17/2023 17:00,130
2/17/2023 18:00,130
2/17/2023 19:00,130
2/17/2023 20:00,145
2/17/2023 21:00,150
2/17/2023 22:00,153
2/17/2023 23:00,160
2/18/2023 0:00,165
2/18/2023 1:00,173
2/18/2023 2:00,188
2/18/2023 3:00,187
2/18/2023 4:00,193
2/18/2023 5:00,198
2/18/2023 6:00,202
2/18/2023 7:00,218
2/18/2023 8:00,225
2/18/2023 9:00,218
2/18/2023 10:00,227
2/18/2023 11:00,215
2/18/2023 12:00,200
2/18/2023 13:00,190
2/18/2023 14:00,168
2/18/2023 15:00,152
2/18/2023 16:00,147
2/18/2023 17:00,144
2/18/2023 18:00,133
2/18/2023 19:00,133
2/18/2023 20:00,140
2/18/2023 21:00,138
2/18/2023 22:00,145
2/18/2023 23:00,160
2/19/2023 0:00,165
2/19/2023 1:00,167
2/19/2023 2:00,172
2/19/2023 3:00,165
2/19/2023 4:00,183
2/19/2023 5:00,198
2/19/2023 6:00,217
2/19/2023 7:00,219
2/19/2023 8:00,230
2/19/2023 9:00,235
2/19/2023 10:00,239
2/19/2023 11:00,232
2/19/2023 12:00,218
2/19/2023 13:00,200
2/19/2023 14:00,182
2/19/2023 15:00,168
2/19/2023 16:00,164
2/19/2023 17:00,145
2/19/2023 18:00,138
2/19/2023 19:00,137
2/19/2023 20:00,130
2/19/2023 21:00,140
2/19/2023 22:00,156
2/19/2023 23:00,160
2/20/2023 0:00,162
2/20/2023 1:00,160
2/20/2023 2:00,165
2/20/2023 3:00,163
2/20/2023 4:00,174
2/20/2023 5:00,185
2/20/2023 6:00,200
2/20/2023 7:00,213
2/20/2023 8:00,225
2/20/2023 9:00,235
2/20/2023 10:00,240
2/20/2023 11:00,240
2/20/2023 12:00,230
2/20/2023 13:00,212
2/20/2023 14:00,196
2/20/2023 15:00,180
2/20/2023 16:00,160
2/20/2023 17:00,140
2/20/2023 18:00,135
2/20/2023 19:00,130
2/20/2023 20:00,140
2/20/2023 21:00,140
2/20/2023 22:00,145
2/20/2023 23:00,170
2/21/2023 0:00,175
2/21/2023 1:00,175
2/21/2023 2:00,170
2/21/2023 3:00,175
2/21/2023 4:00,171
2/21/2023 5:00,175
2/21/2023 6:00,183
2/21/2023 7:00,183
2/21/2023 8:00,210
2/21/2023 9:00,216
2/21/2023 10:00,228
2/21/2023 11:00,235
2/21/2023 12:00,220
2/21/2023 13:00,220
2/21/2023 14:00,205
2/21/2023 15:00,190
2/21/2023 16:00,174
2/21/2023 17:00,163
2/21/2023 18:00,157
2/21/2023 19:00,155
2/21/2023 20:00,157
2/21/2023 21:00,168
2/21/2023 22:00,158
2/21/2023 23:00,170
2/22/2023 0:00,175
2/22/2023 1:00,177
2/22/2023 2:00,175
2/22/2023 3:00,170
2/22/2023 4:00,179
2/22/2023 5:00,180
2/22/2023 6:00,188
2/22/2023 7:00,189
2/22/2023 8:00,200
2/22/2023 9:00,201
2/22/2023 10:00,220
2/22/2023 11:00,225
2/22/2023 12:00,222
2/22/2023 13:00,217
2/22/2023 14:00,205
2/22/2023 15:00,190
2/22/2023 16:00,170
2/22/2023 17:00,160
2/22/2023 18:00,155
2/22/2023 19:00,147
2/22/2023 20:00,150
2/22/2023 21:00,160
2/22/2023 22:00,163
2/22/2023 23:00,183
2/23/2023 0:00,183
2/23/2023 1:00,185
2/23/2023 2:00,185
2/23/2023 3:00,183
2/23/2023 4:00,176
2/23/2023 5:00,170
2/23/2023 6:00,172
2/23/2023 7:00,178
2/23/2023 8:00,165
2/23/2023 9:00,180
2/23/2023 10:00,192
2/23/2023 11:00,200
2/23/2023 12:00,205
2/23/2023 13:00,200
2/23/2023 14:00,195
2/23/2023 15:00,182
2/23/2023 16:00,167
2/23/2023 17:00,160
2/23/2023 18:00,158
2/23/2023 19:00,140
2/23/2023 20:00,155
2/23/2023 21:00,160
2/23/2023 22:00,178
2/23/2023 23:00,180
2/24/2023 0:00,185
2/24/2023 1:00,205
2/24/2023 2:00,198
2/24/2023 3:00,198
2/24/2023 4:00,190
2/24/2023 5:00,183
2/24/2023 6:00,180
2/24/2023 7:00,180
2/24/2023 8:00,180
2/24/2023 9:00,185
2/24/2023 10:00,183
2/24/2023 11:00,192
2/24/2023 12:00,190
2/24/2023 13:00,192
2/24/2023 14:00,188
2/24/2023 15:00,186
2/24/2023 16:00,172
2/24/2023 17:00,163
2/24/2023 18:00,160
2/24/2023 19:00,156
2/24/2023 20:00,153
2/24/2023 21:00,150
2/24/2023 22:00,165
2/24/2023 23:00,189
2/25/2023 0:00,201
2/25/2023 1:00,208
2/25/2023 2:00,205
2/25/2023 3:00,208
2/25/2023 4:00,200
2/25/2023 5:00,195
2/25/2023 6:00,198
2/25/2023 7:00,188
2/25/2023 8:00,182
2/25/2023 9:00,175
2/25/2023 10:00,167
2/25/2023 11:00,174
2/25/2023 12:00,180
2/25/2023 13:00,175
2/25/2023 14:00,170
2/25/2023 15:00,165
2/25/2023 16:00,160
2/25/2023 17:00,155
2/25/2023 18:00,152
2/25/2023 19:00,156
2/25/2023 20:00,160
2/25/2023 21:00,170
2/25/2023 22:00,173
2/25/2023 23:00,203
2/26/2023 0:00,186
2/26/2023 1:00,203
2/26/2023 2:00,207
2/26/2023 3:00,205
2/26/2023 4:00,208
2/26/2023 5:00,196
2/26/2023 6:00,190
2/26/2023 7:00,185
2/26/2023 8:00,185
2/26/2023 9:00,180
2/26/2023 10:00,183
2/26/2023 11:00,186
2/26/2023 12:00,172
2/26/2023 13:00,170
2/26/2023 14:00,165
2/26/2023 15:00,162
2/26/2023 16:00,155
2/26/2023 17:00,155
2/26/2023 18:00,142
2/26/2023 19:00,160
2/26/2023 20:00,175
2/26/2023 21:00,160
2/26/2023 22:00,175
2/26/2023 23:00,175
2/27/2023 0:00,200
2/27/2023 1:00,198
2/27/2023 2:00,200
2/27/2023 3:00,208
2/27/2023 4:00,205
2/27/2023 5:00,203
2/27/2023 6:00,193
2/27/2023 7:00,190
2/27/2023 8:00,190
2/27/2023 9:00,195
2/27/2023 10:00,182
2/27/2023 11:00,175
2/27/2023 12:00,178
2/27/2023 13:00,165
2/27/2023 14:00,160
2/27/2023 15:00,152
2/27/2023 16:00,150
2/27/2023 17:00,150
2/27/2023 18:00,148
2/27/2023 19:00,145
2/27/2023 20:00,155
2/27/2023 21:00,190
2/27/2023 22:00,180
2/27/2023 23:00,185
2/28/2023 0:00,200
2/28/2023 1:00,197
2/28/2023 2:00,202
2/28/2023 3:00,205
2/28/2023 4:00,212
2/28/2023 5:00,212
2/28/2023 6:00,203
2/28/2023 7:00,200
2/28/2023 8:00,201
2/28/2023 9:00,195
2/28/2023 10:00,183
2/28/2023 11:00,165
2/28/2023 12:00,155
2/28/2023 13:00,155
2/28/2023 14:00,145
2/28/2023 15:00,145
2/28/2023 16:00,143
2/28/2023 17:00,140
2/28/2023 18:00,134
2/28/2023 19:00,143
2/28/2023 20:00,147
2/28/2023 21:00,140
2/28/2023 22:00,160
2/28/2023 23:00,152
3/1/2023 0:00,163
3/1/2023 1:00,175
3/1/2023 2:00,170
3/1/2023 3:00,181
3/1/2023 4:00,185
3/1/2023 5:00,195
3/1/2023 6:00,200
3/1/2023 7:00,205
3/1/2023 8:00,197
3/1/2023 9:00,185
3/1/2023 10:00,180
3/1/2023 11:00,170
3/1/2023 12:00,160
3/1/2023 13:00,155
3/1/2023 14:00,148
3/1/2023 15:00,150
3/1/2023 16:00,137
3/1/2023 17:00,145
3/1/2023 18:00,140
3/1/2023 19:00,147
3/1/2023 20:00,150
3/1/2023 21:00,158
3/1/2023 22:00,166
3/1/2023 23:00,170
3/2/2023 0:00,178
3/2/2023 1:00,184
3/2/2023 2:00,190
3/2/2023 3:00,192
3/2/2023 4:00,205
3/2/2023 5:00,218
3/2/2023 6:00,215
3/2/2023 7:00,208
3/2/2023 8:00,219
3/2/2023 9:00,205
3/2/2023 10:00,202
3/2/2023 11:00,190
3/2/2023 12:00,175
3/2/2023 13:00,155
3/2/2023 14:00,142
3/2/2023 15:00,137
3/2/2023 16:00,135
3/2/2023 17:00,130
3/2/2023 18:00,128
3/2/2023 19:00,140
3/2/2023 20:00,140
3/2/2023 21:00,150
3/2/2023 22:00,160
3/2/2023 23:00,165
3/3/2023 0:00,170
3/3/2023 1:00,175
3/3/2023 2:00,180
3/3/2023 3:00,186
3/3/2023 4:00,193
3/3/2023 5:00,202
3/3/2023 6:00,208
3/3/2023 7:00,210
3/3/2023 8:00,218
3/3/2023 9:00,220
3/3/2023 10:00,210
3/3/2023 11:00,200
3/3/2023 12:00,180
3/3/2023 13:00,177
3/3/2023 14:00,162
3/3/2023 15:00,153
3/3/2023 16:00,145
3/3/2023 17:00,145
3/3/2023 18:00,150
3/3/2023 19:00,159
3/3/2023 20:00,168
3/3/2023 21:00,172
3/3/2023 22:00,179
3/3/2023 23:00,180
3/4/2023 0:00,180
3/4/2023 1:00,175
3/4/2023 2:00,174
3/4/2023 3:00,180
3/4/2023 4:00,185
3/4/2023 5:00,190
3/4/2023 6:00,207
3/4/2023 7:00,220
3/4/2023 8:00,210
3/4/2023 9:00,208
3/4/2023 10:00,202
3/4/2023 11:00,197
3/4/2023 12:00,185
3/4/2023 13:00,165
3/4/2023 14:00,160
3/4/2023 15:00,150
3/4/2023 16:00,140
3/4/2023 17:00,140
3/4/2023 18:00,143
3/4/2023 19:00,147
3/4/2023 20:00,154
3/4/2023 21:00,160
3/4/2023 22:00,167
3/4/2023 23:00,175
3/5/2023 0:00,180
3/5/2023 1:00,175
3/5/2023 2:00,180
3/5/2023 3:00,185
3/5/2023 4:00,188
3/5/2023 5:00,190
3/5/2023 6:00,201
3/5/2023 7:00,205
3/5/2023 8:00,212
3/5/2023 9:00,205
3/5/2023 10:00,200
3/5/2023 11:00,197
3/5/2023 12:00,180
3/5/2023 13:00,170
3/5/2023 14:00,160
3/5/2023 15:00,155
3/5/2023 16:00,150
3/5/2023 17:00,145
3/5/2023 18:00,146
3/5/2023 19:00,150
3/5/2023 20:00,148
3/5/2023 21:00,160
3/5/2023 22:00,163
3/5/2023 23:00,160
3/6/2023 0:00,160
3/6/2023 1:00,165
3/6/2023 2:00,170
3/6/2023 3:00,166
3/6/2023 4:00,170
3/6/2023 5:00,178
3/6/2023 6:00,182
3/6/2023 7:00,195
3/6/2023 8:00,200
3/6/2023 9:00,210
3/6/2023 10:00,208
3/6/2023 11:00,196
3/6/2023 12:00,197
3/6/2023 13:00,185
3/6/2023 14:00,173
3/6/2023 15:00,160
3/6/2023 16:00,155
3/6/2023 17:00,148
3/6/2023 18:00,135
3/6/2023 19:00,145
3/6/2023 20:00,160
3/6/2023 21:00,170
3/6/2023 22:00,171
3/6/2023 23:00,170
3/7/2023 0:00,173
3/7/2023 1:00,175
3/7/2023 2:00,182
3/7/2023 3:00,178
3/7/2023 4:00,180
3/7/2023 5:00,180
3/7/2023 6:00,192
3/7/2023 7:00,200
3/7/2023 8:00,205
3/7/2023 9:00,210
3/7/2023 10:00,210
3/7/2023 11:00,202
3/7/2023 12:00,197
3/7/2023 13:00,200
3/7/2023 14:00,185
3/7/2023 15:00,175
3/7/2023 16:00,162
3/7/2023 17:00,155
3/7/2023 18:00,157
3/7/2023 19:00,155
3/7/2023 20:00,152
3/7/2023 21:00,167
3/7/2023 22:00,175
3/7/2023 23:00,176
3/8/2023 0:00,180
3/8/2023 1:00,184
3/8/2023 2:00,187
3/8/2023 3:00,180
3/8/2023 4:00,160
3/8/2023 5:00,176
3/8/2023 6:00,170
3/8/2023 7:00,180
3/8/2023 8:00,192
3/8/2023 9:00,195
3/8/2023 10:00,203
3/8/2023 11:00,202
3/8/2023 12:00,204
3/8/2023 13:00,195
3/8/2023 14:00,188
3/8/2023 15:00,176
3/8/2023 16:00,167
3/8/2023 17:00,155
3/8/2023 18:00,160
3/8/2023 19:00,165
3/8/2023 20:00,168
3/8/2023 21:00,180
3/8/2023 22:00,186
3/8/2023 23:00,185
3/9/2023 0:00,194
3/9/2023 1:00,193
3/9/2023 2:00,195
3/9/2023 3:00,180
3/9/2023 4:00,170
3/9/2023 5:00,175
3/9/2023 6:00,175
3/9/2023 7:00,195
3/9/2023 8:00,193
3/9/2023 9:00,198
3/9/2023 10:00,205
3/9/2023 11:00,204
3/9/2023 12:00,205
3/9/2023 13:00,195
3/9/2023 14:00,185
3/9/2023 15:00,180
3/9/2023 16:00,177
3/9/2023 17:00,170
3/9/2023 18:00,158
3/9/2023 19:00,170
3/9/2023 20:00,174
3/9/2023 21:00,180
3/9/2023 22:00,190
3/9/2023 23:00,198
3/10/2023 0:00,204
3/10/2023 1:00,200
3/10/2023 2:00,190
3/10/2023 3:00,189
3/10/2023 4:00,180
3/10/2023 5:00,181
3/10/2023 6:00,180
3/10/2023 7:00,185
3/10/2023 8:00,190
3/10/2023 9:00,194
3/10/2023 10:00,205
3/10/2023 11:00,205
3/10/2023 12:00,204
3/10/2023 13:00,195
3/10/2023 14:00,180
3/10/2023 15:00,185
3/10/2023 16:00,175
3/10/2023 17:00,170
3/10/2023 18:00,172
3/10/2023 19:00,165
3/10/2023 20:00,160
3/10/2023 21:00,177
3/10/2023 22:00,180
3/10/2023 23:00,200
3/11/2023 0:00,208
3/11/2023 1:00,205
3/11/2023 2:00,205
3/11/2023 3:00,197
3/11/2023 4:00,200
3/11/2023 5:00,190
3/11/2023 6:00,180
3/11/2023 7:00,190
3/11/2023 8:00,182
3/11/2023 9:00,190
3/11/2023 10:00,193
3/11/2023 11:00,190
3/11/2023 12:00,188
3/11/2023 13:00,178
3/11/2023 14:00,175
3/11/2023 15:00,170
3/11/2023 16:00,168
3/11/2023 17:00,173
3/11/2023 18:00,175
3/11/2023 19:00,185
3/11/2023 20:00,193
3/11/2023 21:00,193
3/11/2023 22:00,205
3/11/2023 23:00,210
3/12/2023 0:00,220
3/12/2023 1:00,215
3/12/2023 2:00,220
3/12/2023 3:00,208
3/12/2023 4:00,204
3/12/2023 5:00,198
3/12/2023 6:00,194
3/12/2023 7:00,191
3/12/2023 8:00,193
3/12/2023 9:00,195
3/12/2023 10:00,180
3/12/2023 11:00,175
3/12/2023 12:00,172
3/12/2023 13:00,175
3/12/2023 14:00,170
3/12/2023 15:00,170
3/12/2023 16:00,170
3/12/2023 17:00,165
3/12/2023 18:00,169
3/12/2023 19:00,178
3/12/2023 20:00,180
3/12/2023 21:00,193
3/12/2023 22:00,195
3/12/2023 23:00,203
3/13/2023 0:00,210
3/13/2023 1:00,213
3/13/2023 2:00,210
3/13/2023 3:00,202
3/13/2023 4:00,210
3/13/2023 5:00,205
3/13/2023 6:00,198
3/13/2023 7:00,192
3/13/2023 8:00,185
3/13/2023 9:00,180
3/13/2023 10:00,175
3/13/2023 11:00,165
3/13/2023 12:00,165
3/13/2023 13:00,165
3/13/2023 14:00,170
3/13/2023 15:00,170
3/13/2023 16:00,167
3/13/2023 17:00,172
3/13/2023 18:00,172
3/13/2023 19:00,180
3/13/2023 20:00,183
3/13/2023 21:00,197
3/13/2023 22:00,198
3/13/2023 23:00,210
3/14/2023 0:00,217
3/14/2023 1:00,220
3/14/2023 2:00,223
3/14/2023 3:00,227
3/14/2023 4:00,235
3/14/2023 5:00,228
3/14/2023 6:00,220
3/14/2023 7:00,205
3/14/2023 8:00,203
3/14/2023 9:00,198
3/14/2023 10:00,190
3/14/2023 11:00,175
3/14/2023 12:00,172
3/14/2023 13:00,169
3/14/2023 14:00,155
3/14/2023 15:00,165
3/14/2023 16:00,160
3/14/2023 17:00,165
3/14/2023 18:00,170
3/14/2023 19:00,175
3/14/2023 20:00,188
3/14/2023 21:00,193
3/14/2023 22:00,197
3/14/2023 23:00,205
3/15/2023 0:00,208
3/15/2023 1:00,215
3/15/2023 2:00,215
3/15/2023 3:00,218
3/15/2023 4:00,220
3/15/2023 5:00,222
3/15/2023 6:00,215
3/15/2023 7:00,201
3/15/2023 8:00,205
3/15/2023 9:00,192
3/15/2023 10:00,183
3/15/2023 11:00,177
3/15/2023 12:00,167
3/15/2023 13:00,154
3/15/2023 14:00,153
3/15/2023 15:00,153
3/15/2023 16:00,155
3/15/2023 17:00,150
3/15/2023 18:00,154
3/15/2023 19:00,155
3/15/2023 20:00,172
3/15/2023 21:00,180
3/15/2023 22:00,190
3/15/2023 23:00,192
3/16/2023 0:00,200
3/16/2023 1:00,202
3/16/2023 2:00,210
3/16/2023 3:00,215
3/16/2023 4:00,218
3/16/2023 5:00,224
3/16/2023 6:00,230
3/16/2023 7:00,228
3/16/2023 8:00,213
3/16/2023 9:00,208
3/16/2023 10:00,192
3/16/2023 11:00,190
3/16/2023 12:00,180
3/16/2023 13:00,165
3/16/2023 14:00,160
3/16/2023 15:00,153
3/16/2023 16:00,145
3/16/2023 17:00,137
3/16/2023 18:00,144
3/16/2023 19:00,158
3/16/2023 20:00,170
3/16/2023 21:00,180
3/16/2023 22:00,175
3/16/2023 23:00,175
3/17/2023 0:00,194
3/17/2023 1:00,189
3/17/2023 2:00,198
3/17/2023 3:00,210
3/17/2023 4:00,218
3/17/2023 5:00,220
3/17/2023 6:00,232
3/17/2023 7:00,232
3/17/2023 8:00,233
3/17/2023 9:00,225
3/17/2023 10:00,212
3/17/2023 11:00,198
3/17/2023 12:00,183
3/17/2023 13:00,181
3/17/2023 14:00,162
3/17/2023 15:00,150
3/17/2023 16:00,146
3/17/2023 17:00,145
3/17/2023 18:00,150
3/17/2023 19:00,160
3/17/2023 20:00,168
3/17/2023 21:00,178
3/17/2023 22:00,180
3/17/2023 23:00,183
3/18/2023 0:00,183
3/18/2023 1:00,185
3/18/2023 2:00,190
3/18/2023 3:00,197
3/18/2023 4:00,210
3/18/2023 5:00,215
3/18/2023 6:00,232
3/18/2023 7:00,235
3/18/2023 8:00,237
3/18/2023 9:00,232
3/18/2023 10:00,223
3/18/2023 11:00,198
3/18/2023 12:00,195
3/18/2023 13:00,175
3/18/2023 14:00,165
3/18/2023 15:00,155
3/18/2023 16:00,145
3/18/2023 17:00,143
3/18/2023 18:00,150
3/18/2023 19:00,159
3/18/2023 20:00,172
3/18/2023 21:00,175
3/18/2023 22:00,183
3/18/2023 23:00,190
3/19/2023 0:00,187
3/19/2023 1:00,185
3/19/2023 2:00,182
3/19/2023 3:00,189
3/19/2023 4:00,202
3/19/2023 5:00,208
3/19/2023 6:00,227
3/19/2023 7:00,238
3/19/2023 8:00,238
3/19/2023 9:00,240
3/19/2023 10:00,230
3/19/2023 11:00,222
3/19/2023 12:00,205
3/19/2023 13:00,190
3/19/2023 14:00,180
3/19/2023 15:00,165
3/19/2023 16:00,150
3/19/2023 17:00,152
3/19/2023 18:00,150
3/19/2023 19:00,160
3/19/2023 20:00,162
3/19/2023 21:00,178
3/19/2023 22:00,186
3/19/2023 23:00,190
3/20/2023 0:00,185
3/20/2023 1:00,175
3/20/2023 2:00,177
3/20/2023 3:00,180
3/20/2023 4:00,190
3/20/2023 5:00,197
3/20/2023 6:00,205
3/20/2023 7:00,219
3/20/2023 8:00,230
3/20/2023 9:00,233
3/20/2023 10:00,225
3/20/2023 11:00,210
3/20/2023 12:00,210
3/20/2023 13:00,206
3/20/2023 14:00,183
3/20/2023 15:00,179
3/20/2023 16:00,170
3/20/2023 17:00,160
3/20/2023 18:00,158
3/20/2023 19:00,170
3/20/2023 20:00,180
3/20/2023 21:00,182
3/20/2023 22:00,185
3/20/2023 23:00,185
3/21/2023 0:00,183
3/21/2023 1:00,178
3/21/2023 2:00,175
3/21/2023 3:00,180
3/21/2023 4:00,182
3/21/2023 5:00,185
3/21/2023 6:00,198
3/21/2023 7:00,199
3/21/2023 8:00,220
3/21/2023 9:00,222
3/21/2023 10:00,224
3/21/2023 11:00,220
3/21/2023 12:00,215
3/21/2023 13:00,205
3/21/2023 14:00,200
3/21/2023 15:00,185
3/21/2023 16:00,170
3/21/2023 17:00,170
3/21/2023 18:00,165
3/21/2023 19:00,165
3/21/2023 20:00,180
3/21/2023 21:00,188
3/21/2023 22:00,195
3/21/2023 23:00,200
3/22/2023 0:00,198
3/22/2023 1:00,197
3/22/2023 2:00,192
3/22/2023 3:00,175
3/22/2023 4:00,180
3/22/2023 5:00,189
3/22/2023 6:00,193
3/22/2023 7:00,197
3/22/2023 8:00,205
3/22/2023 9:00,211
3/22/2023 10:00,210
3/22/2023 11:00,218
3/22/2023 12:00,205
3/22/2023 13:00,202
3/22/2023 14:00,185
3/22/2023 15:00,178
3/22/2023 16:00,180
3/22/2023 17:00,172
3/22/2023 18:00,170
3/22/2023 19:00,178
3/22/2023 20:00,180
3/22/2023 21:00,185
3/22/2023 22:00,195
3/22/2023 23:00,202
3/23/2023 0:00,183
3/23/2023 1:00,208
3/23/2023 2:00,204
3/23/2023 3:00,197
3/23/2023 4:00,183
3/23/2023 5:00,187
3/23/2023 6:00,190
3/23/2023 7:00,187
3/23/2023 8:00,192
3/23/2023 9:00,198
3/23/2023 10:00,201
3/23/2023 11:00,200
3/23/2023 12:00,196
3/23/2023 13:00,185
3/23/2023 14:00,178
3/23/2023 15:00,180
3/23/2023 16:00,175
3/23/2023 17:00,175
3/23/2023 18:00,173
3/23/2023 19:00,176
3/23/2023 20:00,187
3/23/2023 21:00,198
3/23/2023 22:00,200
3/23/2023 23:00,215
3/24/2023 0:00,220
3/24/2023 1:00,220
3/24/2023 2:00,208
3/24/2023 3:00,205
3/24/2023 4:00,200
3/24/2023 5:00,202
3/24/2023 6:00,197
3/24/2023 7:00,198
3/24/2023 8:00,190
3/24/2023 9:00,192
3/24/2023 10:00,182
3/24/2023 11:00,185
3/24/2023 12:00,179
3/24/2023 13:00,170
3/24/2023 14:00,170
3/24/2023 15:00,174
3/24/2023 16:00,170
3/24/2023 17:00,180
3/24/2023 18:00,180
3/24/2023 19:00,175
3/24/2023 20:00,185
3/24/2023 21:00,202
3/24/2023 22:00,205
3/24/2023 23:00,215
3/25/2023 0:00,225
3/25/2023 1:00,228
3/25/2023 2:00,225
3/25/2023 3:00,212
3/25/2023 4:00,215
3/25/2023 5:00,205
3/25/2023 6:00,200
3/25/2023 7:00,192
3/25/2023 8:00,180
3/25/2023 9:00,178
3/25/2023 10:00,167
3/25/2023 11:00,163
3/25/2023 12:00,160
3/25/2023 13:00,165
3/25/2023 14:00,160
3/25/2023 15:00,160
3/25/2023 16:00,162
3/25/2023 17:00,160
3/25/2023 18:00,166
3/25/2023 19:00,175
3/25/2023 20:00,185
3/25/2023 21:00,190
3/25/2023 22:00,195
3/25/2023 23:00,208
3/26/2023 0:00,210
3/26/2023 1:00,213
3/26/2023 2:00,212
3/26/2023 3:00,215
3/26/2023 4:00,205
3/26/2023 5:00,205
3/26/2023 6:00,190
3/26/2023 7:00,175
3/26/2023 8:00,176
3/26/2023 9:00,168
3/26/2023 10:00,156
3/26/2023 11:00,145
3/26/2023 12:00,150
3/26/2023 13:00,145
3/26/2023 14:00,147
3/26/2023 15:00,153
3/26/2023 16:00,152
3/26/2023 17:00,150
3/26/2023 18:00,160
3/26/2023 19:00,174
3/26/2023 20:00,184
3/26/2023 21:00,190
3/26/2023 22:00,195
3/26/2023 23:00,200
3/27/2023 0:00,205
3/27/2023 1:00,205
3/27/2023 2:00,207
3/27/2023 3:00,209
3/27/2023 4:00,205
3/27/2023 5:00,206
3/27/2023 6:00,194
3/27/2023 7:00,195
3/27/2023 8:00,187
3/27/2023 9:00,171
3/27/2023 10:00,162
3/27/2023 11:00,155
3/27/2023 12:00,147
3/27/2023 13:00,145
3/27/2023 14:00,145
3/27/2023 15:00,156
3/27/2023 16:00,140
3/27/2023 17:00,150
3/27/2023 18:00,170
3/27/2023 19:00,183
3/27/2023 20:00,189
3/27/2023 21:00,200
3/27/2023 22:00,195
3/27/2023 23:00,195
3/28/2023 0:00,198
3/28/2023 1:00,204
3/28/2023 2:00,206
3/28/2023 3:00,207
3/28/2023 4:00,218
3/28/2023 5:00,202
3/28/2023 6:00,200
3/28/2023 7:00,183
3/28/2023 8:00,190
3/28/2023 9:00,180
3/28/2023 10:00,168
3/28/2023 11:00,160
3/28/2023 12:00,145
3/28/2023 13:00,145
3/28/2023 14:00,133
3/28/2023 15:00,130
3/28/2023 16:00,140
3/28/2023 17:00,142
3/28/2023 18:00,160
3/28/2023 19:00,168
3/28/2023 20:00,185
3/28/2023 21:00,195
3/28/2023 22:00,187
3/28/2023 23:00,188
3/29/2023 0:00,192
3/29/2023 1:00,190
3/29/2023 2:00,194
3/29/2023 3:00,200
3/29/2023 4:00,205
3/29/2023 5:00,207
3/29/2023 6:00,215
3/29/2023 7:00,210
3/29/2023 8:00,203
3/29/2023 9:00,188
3/29/2023 10:00,175
3/29/2023 11:00,160
3/29/2023 12:00,155
3/29/2023 13:00,145
3/29/2023 14:00,135
3/29/2023 15:00,143
3/29/2023 16:00,145
3/29/2023 17:00,155
3/29/2023 18:00,163
3/29/2023 19:00,170
3/29/2023 20:00,187
3/29/2023 21:00,192
3/29/2023 22:00,198
3/29/2023 23:00,193
3/30/2023 0:00,195
3/30/2023 1:00,197
3/30/2023 2:00,198
3/30/2023 3:00,192
3/30/2023 4:00,200
3/30/2023 5:00,198
3/30/2023 6:00,202
3/30/2023 7:00,205
3/30/2023 8:00,197
3/30/2023 9:00,197
3/30/2023 10:00,185
3/30/2023 11:00,165
3/30/2023 12:00,150
3/30/2023 13:00,153
3/30/2023 14:00,135
3/30/2023 15:00,135
3/30/2023 16:00,142
3/30/2023 17:00,146
3/30/2023 18:00,158
3/30/2023 19:00,174
3/30/2023 20:00,195
3/30/2023 21:00,196
3/30/2023 22:00,196
3/30/2023 23:00,185
3/31/2023 0:00,185
3/31/2023 1:00,185
3/31/2023 2:00,180
3/31/2023 3:00,188
3/31/2023 4:00,197
3/31/2023 5:00,201
3/31/2023 6:00,204
3/31/2023 7:00,210
3/31/2023 8:00,200
3/31/2023 9:00,197
3/31/2023 10:00,190
3/31/2023 11:00,180
3/31/2023 12:00,155
3/31/2023 13:00,160
3/31/2023 14:00,145
3/31/2023 15:00,135
3/31/2023 16:00,138
3/31/2023 17:00,142
3/31/2023 18:00,151
3/31/2023 19:00,162
3/31/2023 20:00,166
3/31/2023 21:00,168
3/31/2023 22:00,172
3/31/2023 23:00,168
4/1/2023 0:00,170
4/1/2023 1:00,173
4/1/2023 2:00,164
4/1/2023 3:00,170
4/1/2023 4:00,180
4/1/2023 5:00,188
4/1/2023 6:00,192
4/1/2023 7:00,195
4/1/2023 8:00,200
4/1/2023 9:00,190
4/1/2023 10:00,185
4/1/2023 11:00,180
4/1/2023 12:00,172
4/1/2023 13:00,176
4/1/2023 14:00,155
4/1/2023 15:00,150
4/1/2023 16:00,148
4/1/2023 17:00,150
4/1/2023 18:00,165
4/1/2023 19:00,172
4/1/2023 20:00,180
4/1/2023 21:00,181
4/1/2023 22:00,185
4/1/2023 23:00,185
4/2/2023 0:00,183
4/2/2023 1:00,188
4/2/2023 2:00,190
4/2/2023 3:00,190
4/2/2023 4:00,190
4/2/2023 5:00,192
4/2/2023 6:00,195
4/2/2023 7:00,205
4/2/2023 8:00,205
4/2/2023 9:00,200
4/2/2023 10:00,195
4/2/2023 11:00,187
4/2/2023 12:00,178
4/2/2023 13:00,168
4/2/2023 14:00,160
4/2/2023 15:00,150
4/2/2023 16:00,150
4/2/2023 17:00,155
4/2/2023 18:00,155
4/2/2023 19:00,165
4/2/2023 20:00,178
4/2/2023 21:00,180
4/2/2023 22:00,185
4/2/2023 23:00,180
4/3/2023 0:00,186
4/3/2023 1:00,177
4/3/2023 2:00,180
4/3/2023 3:00,180
4/3/2023 4:00,182
4/3/2023 5:00,188
4/3/2023 6:00,190
4/3/2023 7:00,193
4/3/2023 8:00,193
4/3/2023 9:00,200
4/3/2023 10:00,200
4/3/2023 11:00,183
4/3/2023 12:00,180
4/3/2023 13:00,168
4/3/2023 14:00,165
4/3/2023 15:00,155
4/3/2023 16:00,150
4/3/2023 17:00,160
4/3/2023 18:00,163
4/3/2023 19:00,170
4/3/2023 20:00,175
4/3/2023 21:00,180
4/3/2023 22:00,185
4/3/2023 23:00,188
4/4/2023 0:00,182
4/4/2023 1:00,185
4/4/2023 2:00,180
4/4/2023 3:00,185
4/4/2023 4:00,182
4/4/2023 5:00,174
4/4/2023 6:00,172
4/4/2023 7:00,173
4/4/2023 8:00,184
4/4/2023 9:00,188
4/4/2023 10:00,190
4/4/2023 11:00,185
4/4/2023 12:00,182
4/4/2023 13:00,175
4/4/2023 14:00,168
4/4/2023 15:00,165
4/4/2023 16:00,159
4/4/2023 17:00,155
4/4/2023 18:00,155
4/4/2023 19:00,163
4/4/2023 20:00,167
4/4/2023 21:00,185
4/4/2023 22:00,180
4/4/2023 23:00,188
4/5/2023 0:00,189
4/5/2023 1:00,180
4/5/2023 2:00,175
4/5/2023 3:00,179
4/5/2023 4:00,183
4/5/2023 5:00,178
4/5/2023 6:00,181
4/5/2023 7:00,184
4/5/2023 8:00,185
4/5/2023 9:00,190
4/5/2023 10:00,190
4/5/2023 11:00,196
4/5/2023 12:00,175
4/5/2023 13:00,182
4/5/2023 14:00,175
4/5/2023 15:00,180
4/5/2023 16:00,177
4/5/2023 17:00,170
4/5/2023 18:00,172
4/5/2023 19:00,170
4/5/2023 20:00,188
4/5/2023 21:00,197
4/5/2023 22:00,190
4/5/2023 23:00,194
4/6/2023 0:00,190
4/6/2023 1:00,190
4/6/2023 2:00,174
4/6/2023 3:00,175
4/6/2023 4:00,186
4/6/2023 5:00,195
4/6/2023 6:00,183
4/6/2023 7:00,170
4/6/2023 8:00,170
4/6/2023 9:00,172
4/6/2023 10:00,174
4/6/2023 11:00,175
4/6/2023 12:00,175
4/6/2023 13:00,166
4/6/2023 14:00,167
4/6/2023 15:00,170
4/6/2023 16:00,171
4/6/2023 17:00,172
4/6/2023 18:00,172
4/6/2023 19:00,185
4/6/2023 20:00,187
4/6/2023 21:00,189
4/6/2023 22:00,198
4/6/2023 23:00,196
4/7/2023 0:00,190
4/7/2023 1:00,191
4/7/2023 2:00,180
4/7/2023 3:00,184
4/7/2023 4:00,168
4/7/2023 5:00,166
4/7/2023 6:00,172
4/7/2023 7:00,160
4/7/2023 8:00,170
4/7/2023 9:00,165
4/7/2023 10:00,170
4/7/2023 11:00,168
4/7/2023 12:00,166
4/7/2023 13:00,160
4/7/2023 14:00,165
4/7/2023 15:00,172
4/7/2023 16:00,175
4/7/2023 17:00,185
4/7/2023 18:00,180
4/7/2023 19:00,190
4/7/2023 20:00,195
4/7/2023 21:00,190
4/7/2023 22:00,200
4/7/2023 23:00,210
4/8/2023 0:00,205
4/8/2023 1:00,202
4/8/2023 2:00,200
4/8/2023 3:00,199
4/8/2023 4:00,187
4/8/2023 5:00,185
4/8/2023 6:00,173
4/8/2023 7:00,167
4/8/2023 8:00,162
4/8/2023 9:00,163
4/8/2023 10:00,169
4/8/2023 11:00,165
4/8/2023 12:00,165
4/8/2023 13:00,168
4/8/2023 14:00,173
4/8/2023 15:00,176
4/8/2023 16:00,175
4/8/2023 17:00,175
4/8/2023 18:00,195
4/8/2023 19:00,200
4/8/2023 20:00,205
4/8/2023 21:00,200
4/8/2023 22:00,212
4/8/2023 23:00,215
4/9/2023 0:00,215
4/9/2023 1:00,205
4/9/2023 2:00,195
4/9/2023 3:00,200
4/9/2023 4:00,200
4/9/2023 5:00,180
4/9/2023 6:00,184
4/9/2023 7:00,170
4/9/2023 8:00,163
4/9/2023 9:00,151
4/9/2023 10:00,164
4/9/2023 11:00,160
4/9/2023 12:00,160
4/9/2023 13:00,150
4/9/2023 14:00,143
4/9/2023 15:00,158
4/9/2023 16:00,168
4/9/2023 17:00,170
4/9/2023 18:00,184
4/9/2023 19:00,185
4/9/2023 20:00,187
4/9/2023 21:00,200
4/9/2023 22:00,202
4/9/2023 23:00,210
4/10/2023 0:00,204
4/10/2023 1:00,206
4/10/2023 2:00,202
4/10/2023 3:00,192
4/10/2023 4:00,190
4/10/2023 5:00,182
4/10/2023 6:00,170
4/10/2023 7:00,156
4/10/2023 8:00,148
4/10/2023 9:00,145
4/10/2023 10:00,142
4/10/2023 11:00,140
4/10/2023 12:00,145
4/10/2023 13:00,140
4/10/2023 14:00,143
4/10/2023 15:00,144
4/10/2023 16:00,160
4/10/2023 17:00,164
4/10/2023 18:00,170
4/10/2023 19:00,176
4/10/2023 20:00,190
4/10/2023 21:00,190
4/10/2023 22:00,198
4/10/2023 23:00,200
4/11/2023 0:00,210
4/11/2023 1:00,207
4/11/2023 2:00,205
4/11/2023 3:00,204
4/11/2023 4:00,195
4/11/2023 5:00,186
4/11/2023 6:00,174
4/11/2023 7:00,163
4/11/2023 8:00,155
4/11/2023 9:00,145
4/11/2023 10:00,140
4/11/2023 11:00,145
4/11/2023 12:00,142
4/11/2023 13:00,145
4/11/2023 14:00,140
4/11/2023 15:00,138
4/11/2023 16:00,140
4/11/2023 17:00,145
4/11/2023 18:00,155
4/11/2023 19:00,170
4/11/2023 20:00,182
4/11/2023 21:00,185
4/11/2023 22:00,192
4/11/2023 23:00,194
4/12/2023 0:00,200
4/12/2023 1:00,205
4/12/2023 2:00,205
4/12/2023 3:00,201
4/12/2023 4:00,200
4/12/2023 5:00,195
4/12/2023 6:00,198
4/12/2023 7:00,180
4/12/2023 8:00,168
4/12/2023 9:00,152
4/12/2023 10:00,144
4/12/2023 11:00,146
4/12/2023 12:00,122
4/12/2023 13:00,135
4/12/2023 14:00,140
4/12/2023 15:00,138
4/12/2023 16:00,138
4/12/2023 17:00,148
4/12/2023 18:00,145
4/12/2023 19:00,160
4/12/2023 20:00,167
4/12/2023 21:00,170
4/12/2023 22:00,180
4/12/2023 23:00,190
4/13/2023 0:00,195
4/13/2023 1:00,205
4/13/2023 2:00,200
4/13/2023 3:00,202
4/13/2023 4:00,210
4/13/2023 5:00,196
4/13/2023 6:00,190
4/13/2023 7:00,184
4/13/2023 8:00,183
4/13/2023 9:00,166
4/13/2023 10:00,155
4/13/2023 11:00,145
4/13/2023 12:00,135
4/13/2023 13:00,130
4/13/2023 14:00,130
4/13/2023 15:00,132
4/13/2023 16:00,140
4/13/2023 17:00,148
4/13/2023 18:00,144
4/13/2023 19:00,165
4/13/2023 20:00,170
4/13/2023 21:00,179
4/13/2023 22:00,188
4/13/2023 23:00,185
4/14/2023 0:00,190
4/14/2023 1:00,200
4/14/2023 2:00,198
4/14/2023 3:00,198
4/14/2023 4:00,204
4/14/2023 5:00,200
4/14/2023 6:00,201
4/14/2023 7:00,203
4/14/2023 8:00,189
4/14/2023 9:00,184
4/14/2023 10:00,170
4/14/2023 11:00,160
4/14/2023 12:00,145
4/14/2023 13:00,140
4/14/2023 14:00,140
4/14/2023 15:00,131
4/14/2023 16:00,140
4/14/2023 17:00,145
4/14/2023 18:00,142
4/14/2023 19:00,165
4/14/2023 20:00,180
4/14/2023 21:00,183
4/14/2023 22:00,183
4/14/2023 23:00,184
4/15/2023 0:00,187
4/15/2023 1:00,193
4/15/2023 2:00,196
4/15/2023 3:00,200
4/15/2023 4:00,205
4/15/2023 5:00,214
4/15/2023 6:00,210
4/15/2023 7:00,215
4/15/2023 8:00,200
4/15/2023 9:00,200
4/15/2023 10:00,202
4/15/2023 11:00,172
4/15/2023 12:00,162
4/15/2023 13:00,148
4/15/2023 14:00,140
4/15/2023 15:00,137
4/15/2023 16:00,134
4/15/2023 17:00,140
4/15/2023 18:00,150
4/15/2023 19:00,168
4/15/2023 20:00,178
4/15/2023 21:00,185
4/15/2023 22:00,190
4/15/2023 23:00,187
4/16/2023 0:00,185
4/16/2023 1:00,177
4/16/2023 2:00,180
4/16/2023 3:00,182
4/16/2023 4:00,180
4/16/2023 5:00,188
4/16/2023 6:00,200
4/16/2023 7:00,205
4/16/2023 8:00,208
4/16/2023 9:00,205
4/16/2023 10:00,196
4/16/2023 11:00,186
4/16/2023 12:00,175
4/16/2023 13:00,158
4/16/2023 14:00,155
4/16/2023 15:00,135
4/16/2023 16:00,145
4/16/2023 17:00,140
4/16/2023 18:00,150
4/16/2023 19:00,170
4/16/2023 20:00,180
4/16/2023 21:00,180
4/16/2023 22:00,185
4/16/2023 23:00,187
4/17/2023 0:00,189
4/17/2023 1:00,195
4/17/2023 2:00,185
4/17/2023 3:00,174
4/17/2023 4:00,170
4/17/2023 5:00,188
4/17/2023 6:00,190
4/17/2023 7:00,205
4/17/2023 8:00,200
4/17/2023 9:00,200
4/17/2023 10:00,186
4/17/2023 11:00,190
4/17/2023 12:00,195
4/17/2023 13:00,180
4/17/2023 14:00,173
4/17/2023 15:00,165
4/17/2023 16:00,165
4/17/2023 17:00,150
4/17/2023 18:00,160
4/17/2023 19:00,175
4/17/2023 20:00,185
4/17/2023 21:00,190
4/17/2023 22:00,200
4/17/2023 23:00,193
4/18/2023 0:00,195
4/18/2023 1:00,185
4/18/2023 2:00,195
4/18/2023 3:00,182
4/18/2023 4:00,180
4/18/2023 5:00,178
4/18/2023 6:00,182
4/18/2023 7:00,185
4/18/2023 8:00,180
4/18/2023 9:00,185
4/18/2023 10:00,190
4/18/2023 11:00,177
4/18/2023 12:00,180
4/18/2023 13:00,170
4/18/2023 14:00,167
4/18/2023 15:00,165
4/18/2023 16:00,160
4/18/2023 17:00,175
4/18/2023 18:00,170
4/18/2023 19:00,188
4/18/2023 20:00,195
4/18/2023 21:00,202
4/18/2023 22:00,205
4/18/2023 23:00,214
4/19/2023 0:00,202
4/19/2023 1:00,190
4/19/2023 2:00,190
4/19/2023 3:00,180
4/19/2023 4:00,185
4/19/2023 5:00,180
4/19/2023 6:00,177
4/19/2023 7:00,180
4/19/2023 8:00,183
4/19/2023 9:00,195
4/19/2023 10:00,190
4/19/2023 11:00,185
4/19/2023 12:00,185
4/19/2023 13:00,170
4/19/2023 14:00,185
4/19/2023 15:00,182
4/19/2023 16:00,186
4/19/2023 17:00,175
4/19/2023 18:00,185
4/19/2023 19:00,190
4/19/2023 20:00,208
4/19/2023 21:00,208
4/19/2023 22:00,208
4/19/2023 23:00,218
4/20/2023 0:00,210
4/20/2023 1:00,200
4/20/2023 2:00,205
4/20/2023 3:00,192
4/20/2023 4:00,190
4/20/2023 5:00,190
4/20/2023 6:00,177
4/20/2023 7:00,178
4/20/2023 8:00,187
4/20/2023 9:00,182
4/20/2023 10:00,180
4/20/2023 11:00,183
4/20/2023 12:00,175
4/20/2023 13:00,170
4/20/2023 14:00,180
4/20/2023 15:00,173
4/20/2023 16:00,180
4/20/2023 17:00,189
4/20/2023 18:00,190
4/20/2023 19:00,203
4/20/2023 20:00,210
4/20/2023 21:00,220
4/20/2023 22:00,225
4/20/2023 23:00,228
4/21/2023 0:00,218
4/21/2023 1:00,215
4/21/2023 2:00,210
4/21/2023 3:00,207
4/21/2023 4:00,205
4/21/2023 5:00,195
4/21/2023 6:00,180
4/21/2023 7:00,172
4/21/2023 8:00,160
4/21/2023 9:00,158
4/21/2023 10:00,165
4/21/2023 11:00,160
4/21/2023 12:00,150
4/21/2023 13:00,157
4/21/2023 14:00,159
4/21/2023 15:00,165
4/21/2023 16:00,170
4/21/2023 17:00,169
4/21/2023 18:00,187
4/21/2023 19:00,195
4/21/2023 20:00,205
4/21/2023 21:00,217
4/21/2023 22:00,230
4/21/2023 23:00,220
4/22/2023 0:00,230
4/22/2023 1:00,220
4/22/2023 2:00,220
4/22/2023 3:00,205
4/22/2023 4:00,197
4/22/2023 5:00,197
4/22/2023 6:00,180
4/22/2023 7:00,180
4/22/2023 8:00,165
4/22/2023 9:00,160
4/22/2023 10:00,158
4/22/2023 11:00,160
4/22/2023 12:00,162
4/22/2023 13:00,165
4/22/2023 14:00,168
4/22/2023 15:00,173
4/22/2023 16:00,170
4/22/2023 17:00,185
4/22/2023 18:00,210
4/22/2023 19:00,205
4/22/2023 20:00,215
4/22/2023 21:00,228
4/22/2023 22:00,230
4/22/2023 23:00,240
4/23/2023 0:00,238
4/23/2023 1:00,235
4/23/2023 2:00,230
4/23/2023 3:00,221
4/23/2023 4:00,215
4/23/2023 5:00,208
4/23/2023 6:00,195
4/23/2023 7:00,180
4/23/2023 8:00,165
4/23/2023 9:00,160
4/23/2023 10:00,145
4/23/2023 11:00,146
4/23/2023 12:00,150
4/23/2023 13:00,153
4/23/2023 14:00,160
4/23/2023 15:00,173
4/23/2023 16:00,176
4/23/2023 17:00,190
4/23/2023 18:00,200
4/23/2023 19:00,210
4/23/2023 20:00,215
4/23/2023 21:00,220
4/23/2023 22:00,230
4/23/2023 23:00,230
4/24/2023 0:00,237
4/24/2023 1:00,225
4/24/2023 2:00,238
4/24/2023 3:00,225
4/24/2023 4:00,215
4/24/2023 5:00,208
4/24/2023 6:00,198
4/24/2023 7:00,185
4/24/2023 8:00,180
4/24/2023 9:00,158
4/24/2023 10:00,156
4/24/2023 11:00,144
4/24/2023 12:00,145
4/24/2023 13:00,150
4/24/2023 14:00,152
4/24/2023 15:00,162
4/24/2023 16:00,175
4/24/2023 17:00,180
4/24/2023 18:00,195
4/24/2023 19:00,198
4/24/2023 20:00,202
4/24/2023 21:00,210
4/24/2023 22:00,220
4/24/2023 23:00,235
4/25/2023 0:00,235
4/25/2023 1:00,227
4/25/2023 2:00,235
4/25/2023 3:00,225
4/25/2023 4:00,228
4/25/2023 5:00,220
4/25/2023 6:00,204
4/25/2023 7:00,200
4/25/2023 8:00,190
4/25/2023 9:00,172
4/25/2023 10:00,162
4/25/2023 11:00,155
4/25/2023 12:00,147
4/25/2023 13:00,140
4/25/2023 14:00,147
4/25/2023 15:00,152
4/25/2023 16:00,165
4/25/2023 17:00,176
4/25/2023 18:00,190
4/25/2023 19:00,197
4/25/2023 20:00,203
4/25/2023 21:00,205
4/25/2023 22:00,210
4/25/2023 23:00,220
4/26/2023 0:00,222
4/26/2023 1:00,218
4/26/2023 2:00,217
4/26/2023 3:00,220
4/26/2023 4:00,221
4/26/2023 5:00,215
4/26/2023 6:00,205
4/26/2023 7:00,192
4/26/2023 8:00,187
4/26/2023 9:00,174
4/26/2023 10:00,170
4/26/2023 11:00,157
4/26/2023 12:00,150
4/26/2023 13:00,140
4/26/2023 14:00,142
4/26/2023 15:00,145
4/26/2023 16:00,153
4/26/2023 17:00,165
4/26/2023 18:00,185
4/26/2023 19:00,185
4/26/2023 20:00,205
4/26/2023 21:00,209
4/26/2023 22:00,205
4/26/2023 23:00,208
4/27/2023 0:00,208
4/27/2023 1:00,210
4/27/2023 2:00,215
4/27/2023 3:00,203
4/27/2023 4:00,213
4/27/2023 5:00,210
4/27/2023 6:00,205
4/27/2023 7:00,198
4/27/2023 8:00,187
4/27/2023 9:00,179
4/27/2023 10:00,165
4/27/2023 11:00,155
4/27/2023 12:00,158
4/27/2023 13:00,160
4/27/2023 14:00,146
4/27/2023 15:00,143
4/27/2023 16:00,155
4/27/2023 17:00,165
4/27/2023 18:00,177
4/27/2023 19:00,195
4/27/2023 20:00,198
4/27/2023 21:00,207
4/27/2023 22:00,205
4/27/2023 23:00,205
4/28/2023 0:00,208
4/28/2023 1:00,206
4/28/2023 2:00,210
4/28/2023 3:00,208
4/28/2023 4:00,212
4/28/2023 5:00,208
4/28/2023 6:00,200
4/28/2023 7:00,202
4/28/2023 8:00,197
4/28/2023 9:00,190
4/28/2023 10:00,180
4/28/2023 11:00,172
4/28/2023 12:00,162
4/28/2023 13:00,156
4/28/2023 14:00,150
4/28/2023 15:00,148
4/28/2023 16:00,146
4/28/2023 17:00,165
4/28/2023 18:00,170
4/28/2023 19:00,185
4/28/2023 20:00,195
4/28/2023 21:00,203
4/28/2023 22:00,203
4/28/2023 23:00,205
4/29/2023 0:00,200
4/29/2023 1:00,202
4/29/2023 2:00,200
4/29/2023 3:00,208
4/29/2023 4:00,205
4/29/2023 5:00,200
4/29/2023 6:00,205
4/29/2023 7:00,206
4/29/2023 8:00,205
4/29/2023 9:00,195
4/29/2023 10:00,185
4/29/2023 11:00,180
4/29/2023 12:00,165
4/29/2023 13:00,160
4/29/2023 14:00,150
4/29/2023 15:00,150
4/29/2023 16:00,152
4/29/2023 17:00,169
4/29/2023 18:00,180
4/29/2023 19:00,185
4/29/2023 20:00,192
4/29/2023 21:00,200
4/29/2023 22:00,194
4/29/2023 23:00,195
4/30/2023 0:00,190
4/30/2023 1:00,187
4/30/2023 2:00,185
4/30/2023 3:00,194
4/30/2023 4:00,195
4/30/2023 5:00,198
4/30/2023 6:00,205
4/30/2023 7:00,199
4/30/2023 8:00,195
4/30/2023 9:00,188
4/30/2023 10:00,184
4/30/2023 11:00,167
4/30/2023 12:00,170
4/30/2023 13:00,163
4/30/2023 14:00,162
4/30/2023 15:00,160
4/30/2023 16:00,155
4/30/2023 17:00,170
4/30/2023 18:00,175
4/30/2023 19:00,190
4/30/2023 20:00,200
4/30/2023 21:00,200
4/30/2023 22:00,205
4/30/2023 23:00,200
5/1/2023 0:00,197
5/1/2023 1:00,205
5/1/2023 2:00,203
5/1/2023 3:00,200
5/1/2023 4:00,197
5/1/2023 5:00,192
5/1/2023 6:00,196
5/1/2023 7:00,203
5/1/2023 8:00,206
5/1/2023 9:00,200
5/1/2023 10:00,195
5/1/2023 11:00,190
5/1/2023 12:00,182
5/1/2023 13:00,177
5/1/2023 14:00,170
5/1/2023 15:00,168
5/1/2023 16:00,167
5/1/2023 17:00,178
5/1/2023 18:00,180
5/1/2023 19:00,193
5/1/2023 20:00,200
5/1/2023 21:00,204
5/1/2023 22:00,207
5/1/2023 23:00,205
5/2/2023 0:00,202
5/2/2023 1:00,200
5/2/2023 2:00,195
5/2/2023 3:00,198
5/2/2023 4:00,194
5/2/2023 5:00,195
5/2/2023 6:00,191
5/2/2023 7:00,190
5/2/2023 8:00,192
5/2/2023 9:00,185
5/2/2023 10:00,182
5/2/2023 11:00,190
5/2/2023 12:00,182
5/2/2023 13:00,175
5/2/2023 14:00,173
5/2/2023 15:00,167
5/2/2023 16:00,172
5/2/2023 17:00,185
5/2/2023 18:00,195
5/2/2023 19:00,206
5/2/2023 20:00,213
5/2/2023 21:00,208
5/2/2023 22:00,218
5/2/2023 23:00,210
5/3/2023 0:00,209
5/3/2023 1:00,202
5/3/2023 2:00,202
5/3/2023 3:00,191
5/3/2023 4:00,195
5/3/2023 5:00,190
5/3/2023 6:00,188
5/3/2023 7:00,190
5/3/2023 8:00,190
5/3/2023 9:00,184
5/3/2023 10:00,183
5/3/2023 11:00,190
5/3/2023 12:00,192
5/3/2023 13:00,180
5/3/2023 14:00,180
5/3/2023 15:00,185
5/3/2023 16:00,180
5/3/2023 17:00,190
5/3/2023 18:00,200
5/3/2023 19:00,205
5/3/2023 20:00,215
5/3/2023 21:00,217
5/3/2023 22:00,220
5/3/2023 23:00,212
5/4/2023 0:00,207
5/4/2023 1:00,202
5/4/2023 2:00,200
5/4/2023 3:00,195
5/4/2023 4:00,192
5/4/2023 5:00,185
5/4/2023 6:00,175
5/4/2023 7:00,175
5/4/2023 8:00,182
5/4/2023 9:00,170
5/4/2023 10:00,182
5/4/2023 11:00,175
5/4/2023 12:00,177
5/4/2023 13:00,180
5/4/2023 14:00,183
5/4/2023 15:00,180
5/4/2023 16:00,184
5/4/2023 17:00,185
5/4/2023 18:00,200
5/4/2023 19:00,205
5/4/2023 20:00,212
5/4/2023 21:00,220
5/4/2023 22:00,210
5/4/2023 23:00,215
5/5/2023 0:00,204
5/5/2023 1:00,200
5/5/2023 2:00,198
5/5/2023 3:00,193
5/5/2023 4:00,185
5/5/2023 5:00,168
5/5/2023 6:00,167
5/5/2023 7:00,165
5/5/2023 8:00,163
5/5/2023 9:00,166
5/5/2023 10:00,164
5/5/2023 11:00,173
5/5/2023 12:00,170
5/5/2023 13:00,173
5/5/2023 14:00,172
5/5/2023 15:00,175
5/5/2023 16:00,185
5/5/2023 17:00,193
5/5/2023 18:00,200
5/5/2023 19:00,214
5/5/2023 20:00,225
5/5/2023 21:00,230
5/5/2023 22:00,230
5/5/2023 23:00,225
5/6/2023 0:00,222
5/6/2023 1:00,215
5/6/2023 2:00,212
5/6/2023 3:00,195
5/6/2023 4:00,190
5/6/2023 5:00,185
5/6/2023 6:00,177
5/6/2023 7:00,167
5/6/2023 8:00,162
5/6/2023 9:00,165
5/6/2023 10:00,162
5/6/2023 11:00,169
5/6/2023 12:00,167
5/6/2023 13:00,175
5/6/2023 14:00,160
5/6/2023 15:00,172
5/6/2023 16:00,178
5/6/2023 17:00,185
5/6/2023 18:00,205
5/6/2023 19:00,215
5/6/2023 20:00,217
5/6/2023 21:00,230
5/6/2023 22:00,232
5/6/2023 23:00,230
5/7/2023 0:00,222
5/7/2023 1:00,218
5/7/2023 2:00,205
5/7/2023 3:00,192
5/7/2023 4:00,185
5/7/2023 5:00,170
5/7/2023 6:00,160
5/7/2023 7:00,155
5/7/2023 8:00,150
5/7/2023 9:00,149
5/7/2023 10:00,148
5/7/2023 11:00,155
5/7/2023 12:00,155
5/7/2023 13:00,160
5/7/2023 14:00,169
5/7/2023 15:00,172
5/7/2023 16:00,180
5/7/2023 17:00,190
5/7/2023 18:00,195
5/7/2023 19:00,210
5/7/2023 20:00,217
5/7/2023 21:00,222
5/7/2023 22:00,228
5/7/2023 23:00,235
5/8/2023 0:00,230
5/8/2023 1:00,222
5/8/2023 2:00,208
5/8/2023 3:00,201
5/8/2023 4:00,190
5/8/2023 5:00,175
5/8/2023 6:00,165
5/8/2023 7:00,160
5/8/2023 8:00,146
5/8/2023 9:00,140
5/8/2023 10:00,142
5/8/2023 11:00,142
5/8/2023 12:00,155
5/8/2023 13:00,160
5/8/2023 14:00,165
5/8/2023 15:00,175
5/8/2023 16:00,180
5/8/2023 17:00,184
5/8/2023 18:00,190
5/8/2023 19:00,203
5/8/2023 20:00,207
5/8/2023 21:00,220
5/8/2023 22:00,228
5/8/2023 23:00,227
5/9/2023 0:00,224
5/9/2023 1:00,225
5/9/2023 2:00,216
5/9/2023 3:00,215
5/9/2023 4:00,200
5/9/2023 5:00,185
5/9/2023 6:00,178
5/9/2023 7:00,169
5/9/2023 8:00,143
5/9/2023 9:00,144
5/9/2023 10:00,141
5/9/2023 11:00,139
5/9/2023 12:00,143
5/9/2023 13:00,140
5/9/2023 14:00,142
5/9/2023 15:00,151
5/9/2023 16:00,165
5/9/2023 17:00,165
5/9/2023 18:00,185
5/9/2023 19:00,200
5/9/2023 20:00,210
5/9/2023 21:00,215
5/9/2023 22:00,218
5/9/2023 23:00,228
5/10/2023 0:00,225
5/10/2023 1:00,220
5/10/2023 2:00,223
5/10/2023 3:00,225
5/10/2023 4:00,220
5/10/2023 5:00,205
5/10/2023 6:00,200
5/10/2023 7:00,185
5/10/2023 8:00,170
5/10/2023 9:00,155
5/10/2023 10:00,150
5/10/2023 11:00,146
5/10/2023 12:00,145
5/10/2023 13:00,148
5/10/2023 14:00,155
5/10/2023 15:00,162
5/10/2023 16:00,178
5/10/2023 17:00,192
5/10/2023 18:00,203
5/10/2023 19:00,210
5/10/2023 20:00,222
5/10/2023 21:00,225
5/10/2023 22:00,228
5/10/2023 23:00,240
5/11/2023 0:00,247
5/11/2023 1:00,243
5/11/2023 2:00,243
5/11/2023 3:00,241
5/11/2023 4:00,238
5/11/2023 5:00,234
5/11/2023 6:00,222
5/11/2023 7:00,210
5/11/2023 8:00,200
5/11/2023 9:00,194
5/11/2023 10:00,178
5/11/2023 11:00,166
5/11/2023 12:00,160
5/11/2023 13:00,150
5/11/2023 14:00,160
5/11/2023 15:00,162
5/11/2023 16:00,171
5/11/2023 17:00,188
5/11/2023 18:00,195
5/11/2023 19:00,202
5/11/2023 20:00,202
5/11/2023 21:00,220
5/11/2023 22:00,223
5/11/2023 23:00,220
5/12/2023 0:00,225
5/12/2023 1:00,225
5/12/2023 2:00,232
5/12/2023 3:00,230
5/12/2023 4:00,235
5/12/2023 5:00,232
5/12/2023 6:00,232
5/12/2023 7:00,225
5/12/2023 8:00,212
5/12/2023 9:00,200
5/12/2023 10:00,185
5/12/2023 11:00,177
5/12/2023 12:00,158
5/12/2023 13:00,155
5/12/2023 14:00,144
5/12/2023 15:00,150
5/12/2023 16:00,160
5/12/2023 17:00,178
5/12/2023 18:00,183
5/12/2023 19:00,202
5/12/2023 20:00,215
5/12/2023 21:00,223
5/12/2023 22:00,220
5/12/2023 23:00,220
5/13/2023 0:00,217
5/13/2023 1:00,216
5/13/2023 2:00,216
5/13/2023 3:00,227
5/13/2023 4:00,232
5/13/2023 5:00,233
5/13/2023 6:00,237
5/13/2023 7:00,230
5/13/2023 8:00,222
5/13/2023 9:00,210
5/13/2023 10:00,198
5/13/2023 11:00,190
5/13/2023 12:00,175
5/13/2023 13:00,170
5/13/2023 14:00,165
5/13/2023 15:00,167
5/13/2023 16:00,170
5/13/2023 17:00,186
5/13/2023 18:00,190
5/13/2023 19:00,200
5/13/2023 20:00,212
5/13/2023 21:00,215
5/13/2023 22:00,212
5/13/2023 23:00,215
5/14/2023 0:00,210
5/14/2023 1:00,210
5/14/2023 2:00,208
5/14/2023 3:00,217
5/14/2023 4:00,213
5/14/2023 5:00,215
5/14/2023 6:00,221
5/14/2023 7:00,222
5/14/2023 8:00,208
5/14/2023 9:00,210
5/14/2023 10:00,195
5/14/2023 11:00,190
5/14/2023 12:00,183
5/14/2023 13:00,178
5/14/2023 14:00,175
5/14/2023 15:00,167
5/14/2023 16:00,173
5/14/2023 17:00,185
5/14/2023 18:00,190
5/14/2023 19:00,205
5/14/2023 20:00,213
5/14/2023 21:00,220
5/14/2023 22:00,214
5/14/2023 23:00,210
5/15/2023 0:00,209
5/15/2023 1:00,205
5/15/2023 2:00,197
5/15/2023 3:00,195
5/15/2023 4:00,198
5/15/2023 5:00,195
5/15/2023 6:00,205
5/15/2023 7:00,210
5/15/2023 8:00,205
5/15/2023 9:00,203
5/15/2023 10:00,205
5/15/2023 11:00,190
5/15/2023 12:00,186
5/15/2023 13:00,180
5/15/2023 14:00,175
5/15/2023 15:00,172
5/15/2023 16:00,182
5/15/2023 17:00,186
5/15/2023 18:00,197
5/15/2023 19:00,210
5/15/2023 20:00,222
5/15/2023 21:00,225
5/15/2023 22:00,222
5/15/2023 23:00,223
5/16/2023 0:00,214
5/16/2023 1:00,210
5/16/2023 2:00,202
5/16/2023 3:00,195
5/16/2023 4:00,190
5/16/2023 5:00,195
5/16/2023 6:00,195
5/16/2023 7:00,193
5/16/2023 8:00,200
5/16/2023 9:00,205
5/16/2023 10:00,201
5/16/2023 11:00,192
5/16/2023 12:00,190
5/16/2023 13:00,185
5/16/2023 14:00,184
5/16/2023 15:00,187
5/16/2023 16:00,185
5/16/2023 17:00,194
5/16/2023 18:00,205
5/16/2023 19:00,215
5/16/2023 20:00,227
5/16/2023 21:00,228
5/16/2023 22:00,230
5/16/2023 23:00,224
5/17/2023 0:00,217
5/17/2023 1:00,210
5/17/2023 2:00,196
5/17/2023 3:00,188
5/17/2023 4:00,176
5/17/2023 5:00,175
5/17/2023 6:00,176
5/17/2023 7:00,180
5/17/2023 8:00,186
5/17/2023 9:00,185
5/17/2023 10:00,185
5/17/2023 11:00,180
5/17/2023 12:00,180
5/17/2023 13:00,180
5/17/2023 14:00,183
5/17/2023 15:00,189
5/17/2023 16:00,197
5/17/2023 17:00,205
5/17/2023 18:00,215
5/17/2023 19:00,228
5/17/2023 20:00,238
5/17/2023 21:00,233
5/17/2023 22:00,236
5/17/2023 23:00,236
5/18/2023 0:00,225
5/18/2023 1:00,219
5/18/2023 2:00,214
5/18/2023 3:00,204
5/18/2023 4:00,185
5/18/2023 5:00,180
5/18/2023 6:00,168
5/18/2023 7:00,169
5/18/2023 8:00,170
5/18/2023 9:00,180
5/18/2023 10:00,173
5/18/2023 11:00,168
5/18/2023 12:00,180
5/18/2023 13:00,180
5/18/2023 14:00,182
5/18/2023 15:00,185
5/18/2023 16:00,186
5/18/2023 17:00,199
5/18/2023 18:00,204
5/18/2023 19:00,210
5/18/2023 20:00,224
5/18/2023 21:00,240
5/18/2023 22:00,230
5/18/2023 23:00,220
5/19/2023 0:00,220
5/19/2023 1:00,211
5/19/2023 2:00,202
5/19/2023 3:00,195
5/19/2023 4:00,182
5/19/2023 5:00,173
5/19/2023 6:00,150
5/19/2023 7:00,155
5/19/2023 8:00,155
5/19/2023 9:00,157
5/19/2023 10:00,160
5/19/2023 11:00,162
5/19/2023 12:00,160
5/19/2023 13:00,170
5/19/2023 14:00,175
5/19/2023 15:00,188
5/19/2023 16:00,195
5/19/2023 17:00,205
5/19/2023 18:00,214
5/19/2023 19:00,222
5/19/2023 20:00,233
5/19/2023 21:00,237
5/19/2023 22:00,237
5/19/2023 23:00,225
5/20/2023 0:00,220
5/20/2023 1:00,216
5/20/2023 2:00,203
5/20/2023 3:00,200
5/20/2023 4:00,190
5/20/2023 5:00,172
5/20/2023 6:00,160
5/20/2023 7:00,153
5/20/2023 8:00,140
5/20/2023 9:00,147
5/20/2023 10:00,155
5/20/2023 11:00,155
5/20/2023 12:00,160
5/20/2023 13:00,168
5/20/2023 14:00,180
5/20/2023 15:00,185
5/20/2023 16:00,196
5/20/2023 17:00,210
5/20/2023 18:00,215
5/20/2023 19:00,223
5/20/2023 20:00,218
5/20/2023 21:00,238
5/20/2023 22:00,242
5/20/2023 23:00,235
5/21/2023 0:00,226
5/21/2023 1:00,225
5/21/2023 2:00,218
5/21/2023 3:00,208
5/21/2023 4:00,200
5/21/2023 5:00,184
5/21/2023 6:00,170
5/21/2023 7:00,163
5/21/2023 8:00,153
5/21/2023 9:00,157
5/21/2023 10:00,155
5/21/2023 11:00,150
5/21/2023 12:00,157
5/21/2023 13:00,175
5/21/2023 14:00,182
5/21/2023 15:00,187
5/21/2023 16:00,197
5/21/2023 17:00,210
5/21/2023 18:00,217
5/21/2023 19:00,225
5/21/2023 20:00,230
5/21/2023 21:00,236
5/21/2023 22:00,240
5/21/2023 23:00,233
5/22/2023 0:00,227
5/22/2023 1:00,225
5/22/2023 2:00,217
5/22/2023 3:00,205
5/22/2023 4:00,195
5/22/2023 5:00,195
5/22/2023 6:00,170
5/22/2023 7:00,163
5/22/2023 8:00,156
5/22/2023 9:00,150
5/22/2023 10:00,148
5/22/2023 11:00,155
5/22/2023 12:00,160
5/22/2023 13:00,162
5/22/2023 14:00,168
5/22/2023 15:00,183
5/22/2023 16:00,195
5/22/2023 17:00,205
5/22/2023 18:00,210
5/22/2023 19:00,222
5/22/2023 20:00,220
5/22/2023 21:00,225
5/22/2023 22:00,231
5/22/2023 23:00,232
5/23/2023 0:00,224
5/23/2023 1:00,220
5/23/2023 2:00,224
5/23/2023 3:00,210
5/23/2023 4:00,205
5/23/2023 5:00,197
5/23/2023 6:00,183
5/23/2023 7:00,176
5/23/2023 8:00,165
5/23/2023 9:00,145
5/23/2023 10:00,155
5/23/2023 11:00,158
5/23/2023 12:00,160
5/23/2023 13:00,155
5/23/2023 14:00,160
5/23/2023 15:00,170
5/23/2023 16:00,190
5/23/2023 17:00,198
5/23/2023 18:00,200
5/23/2023 19:00,210
5/23/2023 20:00,224
5/23/2023 21:00,222
5/23/2023 22:00,230
5/23/2023 23:00,235
5/24/2023 0:00,229
5/24/2023 1:00,220
5/24/2023 2:00,215
5/24/2023 3:00,210
5/24/2023 4:00,205
5/24/2023 5:00,200
5/24/2023 6:00,181
5/24/2023 7:00,180
5/24/2023 8:00,170
5/24/2023 9:00,158
5/24/2023 10:00,150
5/24/2023 11:00,153
5/24/2023 12:00,150
5/24/2023 13:00,147
5/24/2023 14:00,158
5/24/2023 15:00,175
5/24/2023 16:00,185
5/24/2023 17:00,190
5/24/2023 18:00,205
5/24/2023 19:00,208
5/24/2023 20:00,217
5/24/2023 21:00,217
5/24/2023 22:00,218
5/24/2023 23:00,218
5/25/2023 0:00,218
5/25/2023 1:00,220
5/25/2023 2:00,210
5/25/2023 3:00,205
5/25/2023 4:00,203
5/25/2023 5:00,205
5/25/2023 6:00,198
5/25/2023 7:00,190
5/25/2023 8:00,178
5/25/2023 9:00,165
5/25/2023 10:00,160
5/25/2023 11:00,158
5/25/2023 12:00,151
5/25/2023 13:00,160
5/25/2023 14:00,162
5/25/2023 15:00,170
5/25/2023 16:00,180
5/25/2023 17:00,195
5/25/2023 18:00,199
5/25/2023 19:00,210
5/25/2023 20:00,220
5/25/2023 21:00,219
5/25/2023 22:00,222
5/25/2023 23:00,220
5/26/2023 0:00,215
5/26/2023 1:00,220
5/26/2023 2:00,210
5/26/2023 3:00,211
5/26/2023 4:00,208
5/26/2023 5:00,210
5/26/2023 6:00,208
5/26/2023 7:00,203
5/26/2023 8:00,194
5/26/2023 9:00,185
5/26/2023 10:00,171
5/26/2023 11:00,165
5/26/2023 12:00,155
5/26/2023 13:00,160
5/26/2023 14:00,161
5/26/2023 15:00,165
5/26/2023 16:00,175
5/26/2023 17:00,190
5/26/2023 18:00,205
5/26/2023 19:00,213
5/26/2023 20:00,215
5/26/2023 21:00,218
5/26/2023 22:00,211
5/26/2023 23:00,215
5/27/2023 0:00,220
5/27/2023 1:00,212
5/27/2023 2:00,212
5/27/2023 3:00,205
5/27/2023 4:00,200
5/27/2023 5:00,195
5/27/2023 6:00,198
5/27/2023 7:00,195
5/27/2023 8:00,195
5/27/2023 9:00,188
5/27/2023 10:00,184
5/27/2023 11:00,172
5/27/2023 12:00,170
5/27/2023 13:00,165
5/27/2023 14:00,168
5/27/2023 15:00,167
5/27/2023 16:00,177
5/27/2023 17:00,184
5/27/2023 18:00,198
5/27/2023 19:00,210
5/27/2023 20:00,212
5/27/2023 21:00,215
5/27/2023 22:00,214
5/27/2023 23:00,205
5/28/2023 0:00,207
5/28/2023 1:00,205
5/28/2023 2:00,200
5/28/2023 3:00,205
5/28/2023 4:00,197
5/28/2023 5:00,205
5/28/2023 6:00,205
5/28/2023 7:00,205
5/28/2023 8:00,209
5/28/2023 9:00,208
5/28/2023 10:00,194
5/28/2023 11:00,181
5/28/2023 12:00,172
5/28/2023 13:00,179
5/28/2023 14:00,178
5/28/2023 15:00,175
5/28/2023 16:00,180
5/28/2023 17:00,190
5/28/2023 18:00,203
5/28/2023 19:00,208
5/28/2023 20:00,218
5/28/2023 21:00,220
5/28/2023 22:00,217
5/28/2023 23:00,215
5/29/2023 0:00,210
5/29/2023 1:00,208
5/29/2023 2:00,200
5/29/2023 3:00,202
5/29/2023 4:00,198
5/29/2023 5:00,198
5/29/2023 6:00,203
5/29/2023 7:00,204
5/29/2023 8:00,194
5/29/2023 9:00,195
5/29/2023 10:00,190
5/29/2023 11:00,184
5/29/2023 12:00,184
5/29/2023 13:00,175
5/29/2023 14:00,180
5/29/2023 15:00,181
5/29/2023 16:00,180
5/29/2023 17:00,190
5/29/2023 18:00,205
5/29/2023 19:00,213
5/29/2023 20:00,217
5/29/2023 21:00,223
5/29/2023 22:00,213
5/29/2023 23:00,210
5/30/2023 0:00,207
5/30/2023 1:00,205
5/30/2023 2:00,202
5/30/2023 3:00,192
5/30/2023 4:00,190
5/30/2023 5:00,192
5/30/2023 6:00,188
5/30/2023 7:00,193
5/30/2023 8:00,190
5/30/2023 9:00,188
5/30/2023 10:00,192
5/30/2023 11:00,190
5/30/2023 12:00,186
5/30/2023 13:00,185
5/30/2023 14:00,183
5/30/2023 15:00,185
5/30/2023 16:00,186
5/30/2023 17:00,204
5/30/2023 18:00,210
5/30/2023 19:00,215
5/30/2023 20:00,220
5/30/2023 21:00,220
5/30/2023 22:00,218
5/30/2023 23:00,220
5/31/2023 0:00,212
5/31/2023 1:00,206
5/31/2023 2:00,190
5/31/2023 3:00,187
5/31/2023 4:00,185
5/31/2023 5:00,176
5/31/2023 6:00,178
5/31/2023 7:00,180
5/31/2023 8:00,180
5/31/2023 9:00,184
5/31/2023 10:00,188
5/31/2023 11:00,185
5/31/2023 12:00,179
5/31/2023 13:00,178
5/31/2023 14:00,184
5/31/2023 15:00,189
5/31/2023 16:00,196
5/31/2023 17:00,208
5/31/2023 18:00,210
5/31/2023 19:00,220
5/31/2023 20:00,221
5/31/2023 21:00,208
5/31/2023 22:00,218
5/31/2023 23:00,220
6/1/2023 0:00,214
6/1/2023 1:00,206
6/1/2023 2:00,203
6/1/2023 3:00,192
6/1/2023 4:00,185
6/1/2023 5:00,180
6/1/2023 6:00,181
6/1/2023 7:00,179
6/1/2023 8:00,180
6/1/2023 9:00,173
6/1/2023 10:00,180
6/1/2023 11:00,185
6/1/2023 12:00,183
6/1/2023 13:00,192
6/1/2023 14:00,190
6/1/2023 15:00,186
6/1/2023 16:00,195
6/1/2023 17:00,200
6/1/2023 18:00,215
6/1/2023 19:00,220
6/1/2023 20:00,230
6/1/2023 21:00,220
6/1/2023 22:00,225
6/1/2023 23:00,216
6/2/2023 0:00,211
6/2/2023 1:00,205
6/2/2023 2:00,200
6/2/2023 3:00,197
6/2/2023 4:00,182
6/2/2023 5:00,170
6/2/2023 6:00,160
6/2/2023 7:00,155
6/2/2023 8:00,160
6/2/2023 9:00,163
6/2/2023 10:00,155
6/2/2023 11:00,162
6/2/2023 12:00,162
6/2/2023 13:00,185
6/2/2023 14:00,190
6/2/2023 15:00,197
6/2/2023 16:00,200
6/2/2023 17:00,200
6/2/2023 18:00,215
6/2/2023 19:00,227
6/2/2023 20:00,230
6/2/2023 21:00,235
6/2/2023 22:00,232
6/2/2023 23:00,220
6/3/2023 0:00,215
6/3/2023 1:00,208
6/3/2023 2:00,200
6/3/2023 3:00,193
6/3/2023 4:00,175
6/3/2023 5:00,163
6/3/2023 6:00,160
6/3/2023 7:00,155
6/3/2023 8:00,155
6/3/2023 9:00,155
6/3/2023 10:00,155
6/3/2023 11:00,160
6/3/2023 12:00,162
6/3/2023 13:00,175
6/3/2023 14:00,183
6/3/2023 15:00,185
6/3/2023 16:00,190
6/3/2023 17:00,197
6/3/2023 18:00,208
6/3/2023 19:00,213
6/3/2023 20:00,220
6/3/2023 21:00,227
6/3/2023 22:00,232
6/3/2023 23:00,232
6/4/2023 0:00,230
6/4/2023 1:00,210
6/4/2023 2:00,204
6/4/2023 3:00,196
6/4/2023 4:00,182
6/4/2023 5:00,168
6/4/2023 6:00,153
6/4/2023 7:00,144
6/4/2023 8:00,150
6/4/2023 9:00,145
6/4/2023 10:00,158
6/4/2023 11:00,155
6/4/2023 12:00,163
6/4/2023 13:00,180
6/4/2023 14:00,188
6/4/2023 15:00,195
6/4/2023 16:00,198
6/4/2023 17:00,208
6/4/2023 18:00,215
6/4/2023 19:00,230
6/4/2023 20:00,240
6/4/2023 21:00,245
6/4/2023 22:00,247
6/4/2023 23:00,235
6/5/2023 0:00,233
6/5/2023 1:00,220
6/5/2023 2:00,215
6/5/2023 3:00,205
6/5/2023 4:00,185
6/5/2023 5:00,177
6/5/2023 6:00,160
6/5/2023 7:00,145
6/5/2023 8:00,140
6/5/2023 9:00,135
6/5/2023 10:00,138
6/5/2023 11:00,150
6/5/2023 12:00,150
6/5/2023 13:00,160
6/5/2023 14:00,168
6/5/2023 15:00,185
6/5/2023 16:00,190
6/5/2023 17:00,205
6/5/2023 18:00,210
6/5/2023 19:00,220
6/5/2023 20:00,230
6/5/2023 21:00,245
6/5/2023 22:00,245
6/5/2023 23:00,236
6/6/2023 0:00,240
6/6/2023 1:00,230
6/6/2023 2:00,220
6/6/2023 3:00,210
6/6/2023 4:00,206
6/6/2023 5:00,188
6/6/2023 6:00,163
6/6/2023 7:00,153
6/6/2023 8:00,148
6/6/2023 9:00,140
6/6/2023 10:00,145
6/6/2023 11:00,148
6/6/2023 12:00,156
6/6/2023 13:00,160
6/6/2023 14:00,167
6/6/2023 15:00,175
6/6/2023 16:00,188
6/6/2023 17:00,198
6/6/2023 18:00,200
6/6/2023 19:00,215
6/6/2023 20:00,225
6/6/2023 21:00,240
6/6/2023 22:00,245
6/6/2023 23:00,240
6/7/2023 0:00,245
6/7/2023 1:00,242
6/7/2023 2:00,235
6/7/2023 3:00,226
6/7/2023 4:00,220
6/7/2023 5:00,200
6/7/2023 6:00,195
6/7/2023 7:00,172
6/7/2023 8:00,165
6/7/2023 9:00,151
6/7/2023 10:00,150
6/7/2023 11:00,140
6/7/2023 12:00,145
6/7/2023 13:00,148
6/7/2023 14:00,165
6/7/2023 15:00,176
6/7/2023 16:00,180
6/7/2023 17:00,193
6/7/2023 18:00,205
6/7/2023 19:00,215
6/7/2023 20:00,229
6/7/2023 21:00,225
6/7/2023 22:00,237
6/7/2023 23:00,243
6/8/2023 0:00,248
6/8/2023 1:00,252
6/8/2023 2:00,243
6/8/2023 3:00,238
6/8/2023 4:00,223
6/8/2023 5:00,225
6/8/2023 6:00,203
6/8/2023 7:00,190
6/8/2023 8:00,180
6/8/2023 9:00,170
6/8/2023 10:00,155
6/8/2023 11:00,145
6/8/2023 12:00,145
6/8/2023 13:00,152
6/8/2023 14:00,154
6/8/2023 15:00,168
6/8/2023 16:00,175
6/8/2023 17:00,186
6/8/2023 18:00,192
6/8/2023 19:00,205
6/8/2023 20:00,210
6/8/2023 21:00,210
6/8/2023 22:00,215
6/8/2023 23:00,225
6/9/2023 0:00,222
6/9/2023 1:00,225
6/9/2023 2:00,235
6/9/2023 3:00,222
6/9/2023 4:00,218
6/9/2023 5:00,216
6/9/2023 6:00,202
6/9/2023 7:00,198
6/9/2023 8:00,184
6/9/2023 9:00,170
6/9/2023 10:00,160
6/9/2023 11:00,150
6/9/2023 12:00,146
6/9/2023 13:00,148
6/9/2023 14:00,150
6/9/2023 15:00,158
6/9/2023 16:00,162
6/9/2023 17:00,173
6/9/2023 18:00,188
6/9/2023 19:00,201
6/9/2023 20:00,205
6/9/2023 21:00,207
6/9/2023 22:00,208
6/9/2023 23:00,215
6/10/2023 0:00,210
6/10/2023 1:00,202
6/10/2023 2:00,212
6/10/2023 3:00,211
6/10/2023 4:00,208
6/10/2023 5:00,205
6/10/2023 6:00,205
6/10/2023 7:00,202
6/10/2023 8:00,195
6/10/2023 9:00,182
6/10/2023 10:00,175
6/10/2023 11:00,165
6/10/2023 12:00,155
6/10/2023 13:00,158
6/10/2023 14:00,161
6/10/2023 15:00,170
6/10/2023 16:00,180
6/10/2023 17:00,188
6/10/2023 18:00,195
6/10/2023 19:00,201
6/10/2023 20:00,208
6/10/2023 21:00,213
6/10/2023 22:00,206
6/10/2023 23:00,208
6/11/2023 0:00,209
6/11/2023 1:00,210
6/11/2023 2:00,210
6/11/2023 3:00,210
6/11/2023 4:00,210
6/11/2023 5:00,201
6/11/2023 6:00,202
6/11/2023 7:00,197
6/11/2023 8:00,195
6/11/2023 9:00,182
6/11/2023 10:00,175
6/11/2023 11:00,177
6/11/2023 12:00,167
6/11/2023 13:00,162
6/11/2023 14:00,157
6/11/2023 15:00,152
6/11/2023 16:00,160
6/11/2023 17:00,190
6/11/2023 18:00,197
6/11/2023 19:00,210
6/11/2023 20:00,210
6/11/2023 21:00,210
6/11/2023 22:00,208
6/11/2023 23:00,208
6/12/2023 0:00,205
6/12/2023 1:00,202
6/12/2023 2:00,200
6/12/2023 3:00,196
6/12/2023 4:00,190
6/12/2023 5:00,188
6/12/2023 6:00,180
6/12/2023 7:00,183
6/12/2023 8:00,196
6/12/2023 9:00,190
6/12/2023 10:00,184
6/12/2023 11:00,185
6/12/2023 12:00,185
6/12/2023 13:00,180
6/12/2023 14:00,183
6/12/2023 15:00,190
6/12/2023 16:00,195
6/12/2023 17:00,197
6/12/2023 18:00,215
6/12/2023 19:00,220
6/12/2023 20:00,223
6/12/2023 21:00,210
6/12/2023 22:00,213
6/12/2023 23:00,211
6/13/2023 0:00,208
6/13/2023 1:00,201
6/13/2023 2:00,195
6/13/2023 3:00,193
6/13/2023 4:00,190
6/13/2023 5:00,184
6/13/2023 6:00,185
6/13/2023 7:00,184
6/13/2023 8:00,187
6/13/2023 9:00,183
6/13/2023 10:00,185
6/13/2023 11:00,188
6/13/2023 12:00,190
6/13/2023 13:00,184
6/13/2023 14:00,185
6/13/2023 15:00,195
6/13/2023 16:00,200
6/13/2023 17:00,212
6/13/2023 18:00,215
6/13/2023 19:00,222
6/13/2023 20:00,232
6/13/2023 21:00,232
6/13/2023 22:00,235
6/13/2023 23:00,227
6/14/2023 0:00,221
6/14/2023 1:00,214
6/14/2023 2:00,204
6/14/2023 3:00,200
6/14/2023 4:00,185
6/14/2023 5:00,185
6/14/2023 6:00,173
6/14/2023 7:00,160
6/14/2023 8:00,175
6/14/2023 9:00,178
6/14/2023 10:00,180
6/14/2023 11:00,185
6/14/2023 12:00,185
6/14/2023 13:00,188
6/14/2023 14:00,190
6/14/2023 15:00,192
6/14/2023 16:00,200
6/14/2023 17:00,217
6/14/2023 18:00,220
6/14/2023 19:00,232
6/14/2023 20:00,236
6/14/2023 21:00,230
6/14/2023 22:00,235
6/14/2023 23:00,228
6/15/2023 0:00,218
6/15/2023 1:00,215
6/15/2023 2:00,200
6/15/2023 3:00,186
6/15/2023 4:00,170
6/15/2023 5:00,160
6/15/2023 6:00,154
6/15/2023 7:00,150
6/15/2023 8:00,155
6/15/2023 9:00,164
6/15/2023 10:00,165
6/15/2023 11:00,177
6/15/2023 12:00,180
6/15/2023 13:00,182
6/15/2023 14:00,185
6/15/2023 15:00,190
6/15/2023 16:00,200
6/15/2023 17:00,203
6/15/2023 18:00,215
6/15/2023 19:00,230
6/15/2023 20:00,233
6/15/2023 21:00,237
6/15/2023 22:00,232
6/15/2023 23:00,230
6/16/2023 0:00,225
6/16/2023 1:00,210
6/16/2023 2:00,205
6/16/2023 3:00,196
6/16/2023 4:00,173
6/16/2023 5:00,160
6/16/2023 6:00,150
6/16/2023 7:00,154
6/16/2023 8:00,155
6/16/2023 9:00,152
6/16/2023 10:00,160
6/16/2023 11:00,170
6/16/2023 12:00,175
6/16/2023 13:00,170
6/16/2023 14:00,185
6/16/2023 15:00,194
6/16/2023 16:00,198
6/16/2023 17:00,205
6/16/2023 18:00,210
6/16/2023 19:00,217
6/16/2023 20:00,218
6/16/2023 21:00,228
6/16/2023 22:00,229
6/16/2023 23:00,227
6/17/2023 0:00,220
6/17/2023 1:00,215
6/17/2023 2:00,193
6/17/2023 3:00,185
6/17/2023 4:00,175
6/17/2023 5:00,155
6/17/2023 6:00,155
6/17/2023 7:00,138
6/17/2023 8:00,138
6/17/2023 9:00,145
6/17/2023 10:00,137
6/17/2023 11:00,148
6/17/2023 12:00,158
6/17/2023 13:00,162
6/17/2023 14:00,175
6/17/2023 15:00,188
6/17/2023 16:00,190
6/17/2023 17:00,203
6/17/2023 18:00,215
6/17/2023 19:00,222
6/17/2023 20:00,230
6/17/2023 21:00,235
6/17/2023 22:00,235
6/17/2023 23:00,233
6/18/2023 0:00,230
6/18/2023 1:00,220
6/18/2023 2:00,210
6/18/2023 3:00,198
6/18/2023 4:00,190
6/18/2023 5:00,168
6/18/2023 6:00,148
6/18/2023 7:00,142
6/18/2023 8:00,145
6/18/2023 9:00,145
6/18/2023 10:00,155
6/18/2023 11:00,160
6/18/2023 12:00,165
6/18/2023 13:00,175
6/18/2023 14:00,182
6/18/2023 15:00,184
6/18/2023 16:00,203
6/18/2023 17:00,205
6/18/2023 18:00,210
6/18/2023 19:00,220
6/18/2023 20:00,230
6/18/2023 21:00,233
6/18/2023 22:00,237
6/18/2023 23:00,233
6/19/2023 0:00,230
6/19/2023 1:00,218
6/19/2023 2:00,217
6/19/2023 3:00,200
6/19/2023 4:00,185
6/19/2023 5:00,175
6/19/2023 6:00,161
6/19/2023 7:00,152
6/19/2023 8:00,145
6/19/2023 9:00,150
6/19/2023 10:00,145
6/19/2023 11:00,155
6/19/2023 12:00,155
6/19/2023 13:00,165
6/19/2023 14:00,175
6/19/2023 15:00,180
6/19/2023 16:00,183
6/19/2023 17:00,200
6/19/2023 18:00,210
6/19/2023 19:00,210
6/19/2023 20:00,220
6/19/2023 21:00,220
6/19/2023 22:00,222
6/19/2023 23:00,225
6/20/2023 0:00,222
6/20/2023 1:00,215
6/20/2023 2:00,190
6/20/2023 3:00,193
6/20/2023 4:00,180
6/20/2023 5:00,176
6/20/2023 6:00,160
6/20/2023 7:00,148
6/20/2023 8:00,140
6/20/2023 9:00,132
6/20/2023 10:00,138
6/20/2023 11:00,140
6/20/2023 12:00,150
6/20/2023 13:00,167
6/20/2023 14:00,165
6/20/2023 15:00,180
6/20/2023 16:00,172
6/20/2023 17:00,190
6/20/2023 18:00,195
6/20/2023 19:00,205
6/20/2023 20:00,210
6/20/2023 21:00,220
6/20/2023 22:00,227
6/20/2023 23:00,220
6/21/2023 0:00,218
6/21/2023 1:00,215
6/21/2023 2:00,205
6/21/2023 3:00,200
6/21/2023 4:00,188
6/21/2023 5:00,180
6/21/2023 6:00,165
6/21/2023 7:00,160
6/21/2023 8:00,150
6/21/2023 9:00,148
6/21/2023 10:00,149
6/21/2023 11:00,150
6/21/2023 12:00,157
6/21/2023 13:00,160
6/21/2023 14:00,170
6/21/2023 15:00,181
6/21/2023 16:00,190
6/21/2023 17:00,199
6/21/2023 18:00,210
6/21/2023 19:00,212
6/21/2023 20:00,217
6/21/2023 21:00,220
6/21/2023 22:00,226
6/21/2023 23:00,228
6/22/2023 0:00,230
6/22/2023 1:00,220
6/22/2023 2:00,218
6/22/2023 3:00,210
6/22/2023 4:00,200
6/22/2023 5:00,182
6/22/2023 6:00,180
6/22/2023 7:00,173
6/22/2023 8:00,150
6/22/2023 9:00,155
6/22/2023 10:00,155
6/22/2023 11:00,158
6/22/2023 12:00,160
6/22/2023 13:00,162
6/22/2023 14:00,170
6/22/2023 15:00,178
6/22/2023 16:00,188
6/22/2023 17:00,190
6/22/2023 18:00,202
6/22/2023 19:00,212
6/22/2023 20:00,215
6/22/2023 21:00,218
6/22/2023 22:00,220
6/22/2023 23:00,225
6/23/2023 0:00,222
6/23/2023 1:00,215
6/23/2023 2:00,214
6/23/2023 3:00,210
6/23/2023 4:00,200
6/23/2023 5:00,195
6/23/2023 6:00,190
6/23/2023 7:00,183
6/23/2023 8:00,170
6/23/2023 9:00,165
6/23/2023 10:00,155
6/23/2023 11:00,162
6/23/2023 12:00,165
6/23/2023 13:00,160
6/23/2023 14:00,165
6/23/2023 15:00,173
6/23/2023 16:00,178
6/23/2023 17:00,190
6/23/2023 18:00,195
6/23/2023 19:00,210
6/23/2023 20:00,205
6/23/2023 21:00,210
6/23/2023 22:00,215
6/23/2023 23:00,218
6/24/2023 0:00,220
6/24/2023 1:00,210
6/24/2023 2:00,210
6/24/2023 3:00,200
6/24/2023 4:00,195
6/24/2023 5:00,192
6/24/2023 6:00,180
6/24/2023 7:00,177
6/24/2023 8:00,178
6/24/2023 9:00,168
6/24/2023 10:00,168
6/24/2023 11:00,160
6/24/2023 12:00,160
6/24/2023 13:00,172
6/24/2023 14:00,175
6/24/2023 15:00,173
6/24/2023 16:00,180
6/24/2023 17:00,190
6/24/2023 18:00,202
6/24/2023 19:00,209
6/24/2023 20:00,210
6/24/2023 21:00,208
6/24/2023 22:00,212
6/24/2023 23:00,215
6/25/2023 0:00,210
6/25/2023 1:00,205
6/25/2023 2:00,202
6/25/2023 3:00,196
6/25/2023 4:00,192
6/25/2023 5:00,190
6/25/2023 6:00,188
6/25/2023 7:00,182
6/25/2023 8:00,185
6/25/2023 9:00,175
6/25/2023 10:00,163
6/25/2023 11:00,165
6/25/2023 12:00,168
6/25/2023 13:00,170
6/25/2023 14:00,175
6/25/2023 15:00,175
6/25/2023 16:00,185
6/25/2023 17:00,200
6/25/2023 18:00,202
6/25/2023 19:00,212
6/25/2023 20:00,215
6/25/2023 21:00,215
6/25/2023 22:00,220
6/25/2023 23:00,215
6/26/2023 0:00,205
6/26/2023 1:00,210
6/26/2023 2:00,205
6/26/2023 3:00,203
6/26/2023 4:00,190
6/26/2023 5:00,185
6/26/2023 6:00,182
6/26/2023 7:00,157
6/26/2023 8:00,180
6/26/2023 9:00,175
6/26/2023 10:00,170
6/26/2023 11:00,165
6/26/2023 12:00,160
6/26/2023 13:00,163
6/26/2023 14:00,165
6/26/2023 15:00,180
6/26/2023 16:00,185
6/26/2023 17:00,200
6/26/2023 18:00,202
6/26/2023 19:00,210
6/26/2023 20:00,210
6/26/2023 21:00,215
6/26/2023 22:00,210
6/26/2023 23:00,200
6/27/2023 0:00,195
6/27/2023 1:00,190
6/27/2023 2:00,188
6/27/2023 3:00,175
6/27/2023 4:00,165
6/27/2023 5:00,166
6/27/2023 6:00,162
6/27/2023 7:00,165
6/27/2023 8:00,175
6/27/2023 9:00,173
6/27/2023 10:00,175
6/27/2023 11:00,173
6/27/2023 12:00,171
6/27/2023 13:00,176
6/27/2023 14:00,175
6/27/2023 15:00,183
6/27/2023 16:00,190
6/27/2023 17:00,198
6/27/2023 18:00,200
6/27/2023 19:00,215
6/27/2023 20:00,217
6/27/2023 21:00,218
6/27/2023 22:00,219
6/27/2023 23:00,212
6/28/2023 0:00,205
6/28/2023 1:00,195
6/28/2023 2:00,185
6/28/2023 3:00,180
6/28/2023 4:00,173
6/28/2023 5:00,170
6/28/2023 6:00,172
6/28/2023 7:00,172
6/28/2023 8:00,175
6/28/2023 9:00,175
6/28/2023 10:00,180
6/28/2023 11:00,180
6/28/2023 12:00,177
6/28/2023 13:00,177
6/28/2023 14:00,185
6/28/2023 15:00,193
6/28/2023 16:00,200
6/28/2023 17:00,205
6/28/2023 18:00,212
6/28/2023 19:00,220
6/28/2023 20:00,222
6/28/2023 21:00,220
6/28/2023 22:00,217
6/28/2023 23:00,215
6/29/2023 0:00,205
6/29/2023 1:00,195
6/29/2023 2:00,182
6/29/2023 3:00,175
6/29/2023 4:00,165
6/29/2023 5:00,160
6/29/2023 6:00,164
6/29/2023 7:00,165
6/29/2023 8:00,165
6/29/2023 9:00,167
6/29/2023 10:00,170
6/29/2023 11:00,172
6/29/2023 12:00,180
6/29/2023 13:00,170
6/29/2023 14:00,174
6/29/2023 15:00,190
6/29/2023 16:00,191
6/29/2023 17:00,205
6/29/2023 18:00,220
6/29/2023 19:00,218
6/29/2023 20:00,226
6/29/2023 21:00,225
6/29/2023 22:00,220
6/29/2023 23:00,210
6/30/2023 0:00,205
6/30/2023 1:00,190
6/30/2023 2:00,180
6/30/2023 3:00,167
6/30/2023 4:00,155
6/30/2023 5:00,150
6/30/2023 6:00,146
6/30/2023 7:00,144
6/30/2023 8:00,165
6/30/2023 9:00,166
6/30/2023 10:00,170
6/30/2023 11:00,177
6/30/2023 12:00,182
6/30/2023 13:00,190
6/30/2023 14:00,190
6/30/2023 15:00,198
6/30/2023 16:00,204
6/30/2023 17:00,217
6/30/2023 18:00,220
6/30/2023 19:00,225
6/30/2023 20:00,230
6/30/2023 21:00,233
6/30/2023 22:00,227
6/30/2023 23:00,220
7/1/2023 0:00,210
7/1/2023 1:00,210
7/1/2023 2:00,184
7/1/2023 3:00,168
7/1/2023 4:00,160
7/1/2023 5:00,150
7/1/2023 6:00,152
7/1/2023 7:00,143
7/1/2023 8:00,152
7/1/2023 9:00,160
7/1/2023 10:00,164
7/1/2023 11:00,170
7/1/2023 12:00,180
7/1/2023 13:00,185
7/1/2023 14:00,193
7/1/2023 15:00,198
7/1/2023 16:00,200
7/1/2023 17:00,205
7/1/2023 18:00,222
7/1/2023 19:00,231
7/1/2023 20:00,232
7/1/2023 21:00,240
7/1/2023 22:00,230
7/1/2023 23:00,225
7/2/2023 0:00,215
7/2/2023 1:00,205
7/2/2023 2:00,192
7/2/2023 3:00,178
7/2/2023 4:00,160
7/2/2023 5:00,148
7/2/2023 6:00,138
7/2/2023 7:00,140
7/2/2023 8:00,143
7/2/2023 9:00,150
7/2/2023 10:00,148
7/2/2023 11:00,152
7/2/2023 12:00,166
7/2/2023 13:00,177
7/2/2023 14:00,177
7/2/2023 15:00,195
7/2/2023 16:00,210
7/2/2023 17:00,215
7/2/2023 18:00,225
7/2/2023 19:00,231
7/2/2023 20:00,235
7/2/2023 21:00,230
7/2/2023 22:00,223
7/2/2023 23:00,224
7/3/2023 0:00,205
7/3/2023 1:00,202
7/3/2023 2:00,196
7/3/2023 3:00,180
7/3/2023 4:00,165
7/3/2023 5:00,153
7/3/2023 6:00,136
7/3/2023 7:00,138
7/3/2023 8:00,138
7/3/2023 9:00,141
7/3/2023 10:00,140
7/3/2023 11:00,148
7/3/2023 12:00,162
7/3/2023 13:00,167
7/3/2023 14:00,178
7/3/2023 15:00,185
7/3/2023 16:00,190
7/3/2023 17:00,204
7/3/2023 18:00,215
7/3/2023 19:00,227
7/3/2023 20:00,235
7/3/2023 21:00,245
7/3/2023 22:00,248
7/3/2023 23:00,245
7/4/2023 0:00,234
7/4/2023 1:00,230
7/4/2023 2:00,215
7/4/2023 3:00,200
7/4/2023 4:00,180
7/4/2023 5:00,164
7/4/2023 6:00,148
7/4/2023 7:00,140
7/4/2023 8:00,140
7/4/2023 9:00,138
7/4/2023 10:00,140
7/4/2023 11:00,150
7/4/2023 12:00,155
7/4/2023 13:00,165
7/4/2023 14:00,163
7/4/2023 15:00,185
7/4/2023 16:00,190
7/4/2023 17:00,200
7/4/2023 18:00,210
7/4/2023 19:00,225
7/4/2023 20:00,241
7/4/2023 21:00,248
7/4/2023 22:00,249
7/4/2023 23:00,245
7/5/2023 0:00,245
7/5/2023 1:00,239
7/5/2023 2:00,225
7/5/2023 3:00,210
7/5/2023 4:00,200
7/5/2023 5:00,180
7/5/2023 6:00,162
7/5/2023 7:00,140
7/5/2023 8:00,140
7/5/2023 9:00,135
7/5/2023 10:00,140
7/5/2023 11:00,143
7/5/2023 12:00,160
7/5/2023 13:00,158
7/5/2023 14:00,160
7/5/2023 15:00,170
7/5/2023 16:00,172
7/5/2023 17:00,190
7/5/2023 18:00,200
7/5/2023 19:00,210
7/5/2023 20:00,217
7/5/2023 21:00,230
7/5/2023 22:00,240
7/5/2023 23:00,245
7/6/2023 0:00,242
7/6/2023 1:00,240
7/6/2023 2:00,230
7/6/2023 3:00,220
7/6/2023 4:00,215
7/6/2023 5:00,190
7/6/2023 6:00,173
7/6/2023 7:00,170
7/6/2023 8:00,157
7/6/2023 9:00,155
7/6/2023 10:00,149
7/6/2023 11:00,145
7/6/2023 12:00,150
7/6/2023 13:00,158
7/6/2023 14:00,167
7/6/2023 15:00,168
7/6/2023 16:00,177
7/6/2023 17:00,190
7/6/2023 18:00,195
7/6/2023 19:00,202
7/6/2023 20:00,208
7/6/2023 21:00,220
7/6/2023 22:00,225
7/6/2023 23:00,237
7/7/2023 0:00,240
7/7/2023 1:00,236
7/7/2023 2:00,227
7/7/2023 3:00,223
7/7/2023 4:00,212
7/7/2023 5:00,200
7/7/2023 6:00,190
7/7/2023 7:00,175
7/7/2023 8:00,163
7/7/2023 9:00,155
7/7/2023 10:00,152
7/7/2023 11:00,155
7/7/2023 12:00,154
7/7/2023 13:00,160
7/7/2023 14:00,164
7/7/2023 15:00,169
7/7/2023 16:00,180
7/7/2023 17:00,190
7/7/2023 18:00,190
7/7/2023 19:00,192
7/7/2023 20:00,200
7/7/2023 21:00,205
7/7/2023 22:00,205
7/7/2023 23:00,213
7/8/2023 0:00,219
7/8/2023 1:00,219
7/8/2023 2:00,215
7/8/2023 3:00,212
7/8/2023 4:00,203
7/8/2023 5:00,200
7/8/2023 6:00,190
7/8/2023 7:00,183
7/8/2023 8:00,172
7/8/2023 9:00,162
7/8/2023 10:00,156
7/8/2023 11:00,160
7/8/2023 12:00,160
7/8/2023 13:00,163
7/8/2023 14:00,165
7/8/2023 15:00,168
7/8/2023 16:00,183
7/8/2023 17:00,190
7/8/2023 18:00,200
7/8/2023 19:00,199
7/8/2023 20:00,202
7/8/2023 21:00,204
7/8/2023 22:00,194
7/8/2023 23:00,194
7/9/2023 0:00,188
7/9/2023 1:00,190
7/9/2023 2:00,194
7/9/2023 3:00,190
7/9/2023 4:00,191
7/9/2023 5:00,195
7/9/2023 6:00,190
7/9/2023 7:00,185
7/9/2023 8:00,178
7/9/2023 9:00,180
7/9/2023 10:00,170
7/9/2023 11:00,168
7/9/2023 12:00,173
7/9/2023 13:00,176
7/9/2023 14:00,180
7/9/2023 15:00,185
7/9/2023 16:00,199
7/9/2023 17:00,205
7/9/2023 18:00,211
7/9/2023 19:00,211
7/9/2023 20:00,212
7/9/2023 21:00,218
7/9/2023 22:00,215
7/9/2023 23:00,208
7/10/2023 0:00,210
7/10/2023 1:00,212
7/10/2023 2:00,205
7/10/2023 3:00,204
7/10/2023 4:00,205
7/10/2023 5:00,195
7/10/2023 6:00,194
7/10/2023 7:00,200
7/10/2023 8:00,203
7/10/2023 9:00,203
7/10/2023 10:00,190
7/10/2023 11:00,185
7/10/2023 12:00,197
7/10/2023 13:00,198
7/10/2023 14:00,205
7/10/2023 15:00,205
7/10/2023 16:00,218
7/10/2023 17:00,225
7/10/2023 18:00,218
7/10/2023 19:00,213
7/10/2023 20:00,218
7/10/2023 21:00,222
7/10/2023 22:00,216
7/10/2023 23:00,212
7/11/2023 0:00,195
7/11/2023 1:00,196
7/11/2023 2:00,189
7/11/2023 3:00,180
7/11/2023 4:00,175
7/11/2023 5:00,172
7/11/2023 6:00,168
7/11/2023 7:00,180
7/11/2023 8:00,176
7/11/2023 9:00,180
7/11/2023 10:00,184
7/11/2023 11:00,180
7/11/2023 12:00,175
7/11/2023 13:00,172
7/11/2023 14:00,173
7/11/2023 15:00,195
7/11/2023 16:00,195
7/11/2023 17:00,208
7/11/2023 18:00,220
7/11/2023 19:00,229
7/11/2023 20:00,230
7/11/2023 21:00,232
7/11/2023 22:00,227
7/11/2023 23:00,217
7/12/2023 0:00,205
7/12/2023 1:00,197
7/12/2023 2:00,193
7/12/2023 3:00,167
7/12/2023 4:00,170
7/12/2023 5:00,158
7/12/2023 6:00,160
7/12/2023 7:00,163
7/12/2023 8:00,168
7/12/2023 9:00,170
7/12/2023 10:00,175
7/12/2023 11:00,178
7/12/2023 12:00,182
7/12/2023 13:00,182
7/12/2023 14:00,187
7/12/2023 15:00,206
7/12/2023 16:00,202
7/12/2023 17:00,212
7/12/2023 18:00,218
7/12/2023 19:00,235
7/12/2023 20:00,234
7/12/2023 21:00,230
7/12/2023 22:00,230
7/12/2023 23:00,222
7/13/2023 0:00,210
7/13/2023 1:00,196
7/13/2023 2:00,175
7/13/2023 3:00,160
7/13/2023 4:00,150
7/13/2023 5:00,147
7/13/2023 6:00,145
7/13/2023 7:00,146
7/13/2023 8:00,155
7/13/2023 9:00,160
7/13/2023 10:00,166
7/13/2023 11:00,178
7/13/2023 12:00,180
7/13/2023 13:00,185
7/13/2023 14:00,191
7/13/2023 15:00,190
7/13/2023 16:00,200
7/13/2023 17:00,206
7/13/2023 18:00,216
7/13/2023 19:00,223
7/13/2023 20:00,228
7/13/2023 21:00,225
7/13/2023 22:00,222
7/13/2023 23:00,210
7/14/2023 0:00,201
7/14/2023 1:00,180
7/14/2023 2:00,166
7/14/2023 3:00,158
7/14/2023 4:00,150
7/14/2023 5:00,145
7/14/2023 6:00,137
7/14/2023 7:00,140
7/14/2023 8:00,142
7/14/2023 9:00,158
7/14/2023 10:00,160
7/14/2023 11:00,172
7/14/2023 12:00,187
7/14/2023 13:00,190
7/14/2023 14:00,190
7/14/2023 15:00,195
7/14/2023 16:00,200
7/14/2023 17:00,207
7/14/2023 18:00,214
7/14/2023 19:00,222
7/14/2023 20:00,225
7/14/2023 21:00,230
7/14/2023 22:00,223
7/14/2023 23:00,220
7/15/2023 0:00,205
7/15/2023 1:00,195
7/15/2023 2:00,185
7/15/2023 3:00,167
7/15/2023 4:00,155
7/15/2023 5:00,158
7/15/2023 6:00,150
7/15/2023 7:00,138
7/15/2023 8:00,150
7/15/2023 9:00,151
7/15/2023 10:00,154
7/15/2023 11:00,167
7/15/2023 12:00,178
7/15/2023 13:00,185
7/15/2023 14:00,190
7/15/2023 15:00,192
7/15/2023 16:00,195
7/15/2023 17:00,196
7/15/2023 18:00,202
7/15/2023 19:00,208
7/15/2023 20:00,218
7/15/2023 21:00,220
7/15/2023 22:00,218
7/15/2023 23:00,215
7/16/2023 0:00,208
7/16/2023 1:00,198
7/16/2023 2:00,190
7/16/2023 3:00,170
7/16/2023 4:00,155
7/16/2023 5:00,150
7/16/2023 6:00,141
7/16/2023 7:00,142
7/16/2023 8:00,144
7/16/2023 9:00,140
7/16/2023 10:00,145
7/16/2023 11:00,160
7/16/2023 12:00,165
7/16/2023 13:00,171
7/16/2023 14:00,178
7/16/2023 15:00,185
7/16/2023 16:00,192
7/16/2023 17:00,198
7/16/2023 18:00,203
7/16/2023 19:00,210
7/16/2023 20:00,225
7/16/2023 21:00,225
7/16/2023 22:00,230
7/16/2023 23:00,223
7/17/2023 0:00,216
7/17/2023 1:00,197
7/17/2023 2:00,197
7/17/2023 3:00,184
7/17/2023 4:00,168
7/17/2023 5:00,160
7/17/2023 6:00,152
7/17/2023 7:00,143
7/17/2023 8:00,127
7/17/2023 9:00,140
7/17/2023 10:00,153
7/17/2023 11:00,160
7/17/2023 12:00,166
7/17/2023 13:00,177
7/17/2023 14:00,180
7/17/2023 15:00,190
7/17/2023 16:00,192
7/17/2023 17:00,197
7/17/2023 18:00,205
7/17/2023 19:00,218
7/17/2023 20:00,222
7/17/2023 21:00,229
7/17/2023 22:00,230
7/17/2023 23:00,220
7/18/2023 0:00,210
7/18/2023 1:00,205
7/18/2023 2:00,195
7/18/2023 3:00,192
7/18/2023 4:00,185
7/18/2023 5:00,170
7/18/2023 6:00,155
7/18/2023 7:00,145
7/18/2023 8:00,148
7/18/2023 9:00,150
7/18/2023 10:00,162
7/18/2023 11:00,165
7/18/2023 12:00,168
7/18/2023 13:00,180
7/18/2023 14:00,185
7/18/2023 15:00,190
7/18/2023 16:00,190
7/18/2023 17:00,198
7/18/2023 18:00,208
7/18/2023 19:00,210
7/18/2023 20:00,223
7/18/2023 21:00,225
7/18/2023 22:00,228
7/18/2023 23:00,220
7/19/2023 0:00,218
7/19/2023 1:00,208
7/19/2023 2:00,206
7/19/2023 3:00,195
7/19/2023 4:00,190
7/19/2023 5:00,178
7/19/2023 6:00,170
7/19/2023 7:00,158
7/19/2023 8:00,154
7/19/2023 9:00,152
7/19/2023 10:00,158
7/19/2023 11:00,159
7/19/2023 12:00,160
7/19/2023 13:00,177
7/19/2023 14:00,172
7/19/2023 15:00,190
7/19/2023 16:00,190
7/19/2023 17:00,199
7/19/2023 18:00,208
7/19/2023 19:00,208
7/19/2023 20:00,218
7/19/2023 21:00,225
7/19/2023 22:00,230
7/19/2023 23:00,226
7/20/2023 0:00,215
7/20/2023 1:00,210
7/20/2023 2:00,202
7/20/2023 3:00,202
7/20/2023 4:00,195
7/20/2023 5:00,185
7/20/2023 6:00,175
7/20/2023 7:00,173
7/20/2023 8:00,160
7/20/2023 9:00,150
7/20/2023 10:00,160
7/20/2023 11:00,165
7/20/2023 12:00,160
7/20/2023 13:00,170
7/20/2023 14:00,177
7/20/2023 15:00,180
7/20/2023 16:00,182
7/20/2023 17:00,190
7/20/2023 18:00,197
7/20/2023 19:00,204
7/20/2023 20:00,214
7/20/2023 21:00,225
7/20/2023 22:00,225
7/20/2023 23:00,223
7/21/2023 0:00,218
7/21/2023 1:00,205
7/21/2023 2:00,200
7/21/2023 3:00,195
7/21/2023 4:00,192
7/21/2023 5:00,175
7/21/2023 6:00,178
7/21/2023 7:00,170
7/21/2023 8:00,165
7/21/2023 9:00,163
7/21/2023 10:00,165
7/21/2023 11:00,158
7/21/2023 12:00,164
7/21/2023 13:00,160
7/21/2023 14:00,170
7/21/2023 15:00,175
7/21/2023 16:00,176
7/21/2023 17:00,184
7/21/2023 18:00,195
7/21/2023 19:00,200
7/21/2023 20:00,205
7/21/2023 21:00,208
7/21/2023 22:00,205
7/21/2023 23:00,210
7/22/2023 0:00,208
7/22/2023 1:00,206
7/22/2023 2:00,205
7/22/2023 3:00,197
7/22/2023 4:00,195
7/22/2023 5:00,190
7/22/2023 6:00,190
7/22/2023 7:00,176
7/22/2023 8:00,168
7/22/2023 9:00,164
7/22/2023 10:00,164
7/22/2023 11:00,168
7/22/2023 12:00,170
7/22/2023 13:00,170
7/22/2023 14:00,173
7/22/2023 15:00,180
7/22/2023 16:00,185
7/22/2023 17:00,190
7/22/2023 18:00,202
7/22/2023 19:00,212
7/22/2023 20:00,220
7/22/2023 21:00,220
7/22/2023 22:00,220
7/22/2023 23:00,217
7/23/2023 0:00,222
7/23/2023 1:00,210
7/23/2023 2:00,206
7/23/2023 3:00,197
7/23/2023 4:00,190
7/23/2023 5:00,184
7/23/2023 6:00,180
7/23/2023 7:00,178
7/23/2023 8:00,170
7/23/2023 9:00,171
7/23/2023 10:00,171
7/23/2023 11:00,173
7/23/2023 12:00,178
7/23/2023 13:00,179
7/23/2023 14:00,180
7/23/2023 15:00,183
7/23/2023 16:00,185
7/23/2023 17:00,193
7/23/2023 18:00,200
7/23/2023 19:00,200
7/23/2023 20:00,204
7/23/2023 21:00,206
7/23/2023 22:00,210
7/23/2023 23:00,198
7/24/2023 0:00,195
7/24/2023 1:00,190
7/24/2023 2:00,185
7/24/2023 3:00,180
7/24/2023 4:00,178
7/24/2023 5:00,175
7/24/2023 6:00,178
7/24/2023 7:00,175
7/24/2023 8:00,175
7/24/2023 9:00,177
7/24/2023 10:00,174
7/24/2023 11:00,175
7/24/2023 12:00,178
7/24/2023 13:00,180
7/24/2023 14:00,185
7/24/2023 15:00,192
7/24/2023 16:00,200
7/24/2023 17:00,203
7/24/2023 18:00,205
7/24/2023 19:00,203
7/24/2023 20:00,200
7/24/2023 21:00,202
7/24/2023 22:00,210
7/24/2023 23:00,203
7/25/2023 0:00,198
7/25/2023 1:00,195
7/25/2023 2:00,187
7/25/2023 3:00,180
7/25/2023 4:00,171
7/25/2023 5:00,175
7/25/2023 6:00,175
7/25/2023 7:00,174
7/25/2023 8:00,163
7/25/2023 9:00,175
7/25/2023 10:00,173
7/25/2023 11:00,175
7/25/2023 12:00,175
7/25/2023 13:00,174
7/25/2023 14:00,180
7/25/2023 15:00,185
7/25/2023 16:00,188
7/25/2023 17:00,198
7/25/2023 18:00,205
7/25/2023 19:00,206
7/25/2023 20:00,209
7/25/2023 21:00,210
7/25/2023 22:00,197
7/25/2023 23:00,195
7/26/2023 0:00,188
7/26/2023 1:00,183
7/26/2023 2:00,168
7/26/2023 3:00,172
7/26/2023 4:00,165
7/26/2023 5:00,168
7/26/2023 6:00,170
7/26/2023 7:00,175
7/26/2023 8:00,175
7/26/2023 9:00,178
7/26/2023 10:00,190
7/26/2023 11:00,186
7/26/2023 12:00,180
7/26/2023 13:00,190
7/26/2023 14:00,192
7/26/2023 15:00,194
7/26/2023 16:00,200
7/26/2023 17:00,205
7/26/2023 18:00,205
7/26/2023 19:00,208
7/26/2023 20:00,210
7/26/2023 21:00,215
7/26/2023 22:00,205
7/26/2023 23:00,190
7/27/2023 0:00,185
7/27/2023 1:00,173
7/27/2023 2:00,170
7/27/2023 3:00,165
7/27/2023 4:00,160
7/27/2023 5:00,155
7/27/2023 6:00,160
7/27/2023 7:00,170
7/27/2023 8:00,172
7/27/2023 9:00,175
7/27/2023 10:00,174
7/27/2023 11:00,178
7/27/2023 12:00,174
7/27/2023 13:00,182
7/27/2023 14:00,187
7/27/2023 15:00,194
7/27/2023 16:00,198
7/27/2023 17:00,205
7/27/2023 18:00,208
7/27/2023 19:00,215
7/27/2023 20:00,212
7/27/2023 21:00,210
7/27/2023 22:00,205
7/27/2023 23:00,203
7/28/2023 0:00,189
7/28/2023 1:00,173
7/28/2023 2:00,165
7/28/2023 3:00,155
7/28/2023 4:00,150
7/28/2023 5:00,147
7/28/2023 6:00,153
7/28/2023 7:00,155
7/28/2023 8:00,165
7/28/2023 9:00,163
7/28/2023 10:00,167
7/28/2023 11:00,180
7/28/2023 12:00,183
7/28/2023 13:00,189
7/28/2023 14:00,195
7/28/2023 15:00,200
7/28/2023 16:00,210
7/28/2023 17:00,213
7/28/2023 18:00,215
7/28/2023 19:00,218
7/28/2023 20:00,223
7/28/2023 21:00,218
7/28/2023 22:00,213
7/28/2023 23:00,201
7/29/2023 0:00,195
7/29/2023 1:00,180
7/29/2023 2:00,163
7/29/2023 3:00,150
7/29/2023 4:00,140
7/29/2023 5:00,138
7/29/2023 6:00,142
7/29/2023 7:00,140
7/29/2023 8:00,153
7/29/2023 9:00,160
7/29/2023 10:00,166
7/29/2023 11:00,180
7/29/2023 12:00,185
7/29/2023 13:00,186
7/29/2023 14:00,190
7/29/2023 15:00,200
7/29/2023 16:00,200
7/29/2023 17:00,205
7/29/2023 18:00,215
7/29/2023 19:00,204
7/29/2023 20:00,228
7/29/2023 21:00,221
7/29/2023 22:00,215
7/29/2023 23:00,210
7/30/2023 0:00,198
7/30/2023 1:00,187
7/30/2023 2:00,172
7/30/2023 3:00,158
7/30/2023 4:00,140
7/30/2023 5:00,134
7/30/2023 6:00,135
7/30/2023 7:00,135
7/30/2023 8:00,144
7/30/2023 9:00,152
7/30/2023 10:00,168
7/30/2023 11:00,172
7/30/2023 12:00,180
7/30/2023 13:00,184
7/30/2023 14:00,194
7/30/2023 15:00,195
7/30/2023 16:00,208
7/30/2023 17:00,215
7/30/2023 18:00,220
7/30/2023 19:00,228
7/30/2023 20:00,239
7/30/2023 21:00,232
7/30/2023 22:00,230
7/30/2023 23:00,223
7/31/2023 0:00,218
7/31/2023 1:00,203
7/31/2023 2:00,192
7/31/2023 3:00,173
7/31/2023 4:00,156
7/31/2023 5:00,140
7/31/2023 6:00,134
7/31/2023 7:00,130
7/31/2023 8:00,130
7/31/2023 9:00,140
7/31/2023 10:00,156
7/31/2023 11:00,165
7/31/2023 12:00,171
7/31/2023 13:00,182
7/31/2023 14:00,180
7/31/2023 15:00,187
7/31/2023 16:00,190
7/31/2023 17:00,205
7/31/2023 18:00,205
7/31/2023 19:00,225
7/31/2023 20:00,234
7/31/2023 21:00,238
7/31/2023 22:00,235
7/31/2023 23:00,235
8/1/2023 0:00,220
8/1/2023 1:00,217
8/1/2023 2:00,208
8/1/2023 3:00,190
8/1/2023 4:00,176
8/1/2023 5:00,165
8/1/2023 6:00,144
8/1/2023 7:00,140
8/1/2023 8:00,137
8/1/2023 9:00,138
8/1/2023 10:00,147
8/1/2023 11:00,160
8/1/2023 12:00,164
8/1/2023 13:00,175
8/1/2023 14:00,179
8/1/2023 15:00,185
8/1/2023 16:00,190
8/1/2023 17:00,195
8/1/2023 18:00,213
8/1/2023 19:00,230
8/1/2023 20:00,235
8/1/2023 21:00,245
8/1/2023 22:00,247
8/1/2023 23:00,243
8/2/2023 0:00,235
8/2/2023 1:00,228
8/2/2023 2:00,215
8/2/2023 3:00,198
8/2/2023 4:00,183
8/2/2023 5:00,166
8/2/2023 6:00,153
8/2/2023 7:00,144
8/2/2023 8:00,142
8/2/2023 9:00,144
8/2/2023 10:00,146
8/2/2023 11:00,156
8/2/2023 12:00,166
8/2/2023 13:00,170
8/2/2023 14:00,175
8/2/2023 15:00,180
8/2/2023 16:00,182
8/2/2023 17:00,190
8/2/2023 18:00,200
8/2/2023 19:00,205
8/2/2023 20:00,220
8/2/2023 21:00,235
8/2/2023 22:00,237
8/2/2023 23:00,240
8/3/2023 0:00,236
8/3/2023 1:00,224
8/3/2023 2:00,217
8/3/2023 3:00,205
8/3/2023 4:00,189
8/3/2023 5:00,170
8/3/2023 6:00,156
8/3/2023 7:00,146
8/3/2023 8:00,142
8/3/2023 9:00,144
8/3/2023 10:00,150
8/3/2023 11:00,145
8/3/2023 12:00,154
8/3/2023 13:00,165
8/3/2023 14:00,165
8/3/2023 15:00,175
8/3/2023 16:00,175
8/3/2023 17:00,183
8/3/2023 18:00,190
8/3/2023 19:00,207
8/3/2023 20:00,212
8/3/2023 21:00,225
8/3/2023 22:00,241
8/3/2023 23:00,235
8/4/2023 0:00,234
8/4/2023 1:00,232
8/4/2023 2:00,227
8/4/2023 3:00,218
8/4/2023 4:00,209
8/4/2023 5:00,190
8/4/2023 6:00,175
8/4/2023 7:00,166
8/4/2023 8:00,155
8/4/2023 9:00,150
8/4/2023 10:00,160
8/4/2023 11:00,162
8/4/2023 12:00,170
8/4/2023 13:00,175
8/4/2023 14:00,180
8/4/2023 15:00,183
8/4/2023 16:00,185
8/4/2023 17:00,178
8/4/2023 18:00,187
8/4/2023 19:00,185
8/4/2023 20:00,195
8/4/2023 21:00,206
8/4/2023 22:00,216
8/4/2023 23:00,215
8/5/2023 0:00,215
8/5/2023 1:00,210
8/5/2023 2:00,204
8/5/2023 3:00,196
8/5/2023 4:00,188
8/5/2023 5:00,181
8/5/2023 6:00,178
8/5/2023 7:00,166
8/5/2023 8:00,164
8/5/2023 9:00,164
8/5/2023 10:00,164
8/5/2023 11:00,168
8/5/2023 12:00,170
8/5/2023 13:00,175
8/5/2023 14:00,180
8/5/2023 15:00,184
8/5/2023 16:00,185
8/5/2023 17:00,180
8/5/2023 18:00,185
8/5/2023 19:00,187
8/5/2023 20:00,188
8/5/2023 21:00,200
8/5/2023 22:00,207
8/5/2023 23:00,212
8/6/2023 0:00,210
8/6/2023 1:00,206
8/6/2023 2:00,200
8/6/2023 3:00,190
8/6/2023 4:00,192
8/6/2023 5:00,183
8/6/2023 6:00,185
8/6/2023 7:00,181
8/6/2023 8:00,178
8/6/2023 9:00,170
8/6/2023 10:00,170
8/6/2023 11:00,172
8/6/2023 12:00,178
8/6/2023 13:00,183
8/6/2023 14:00,190
8/6/2023 15:00,193
8/6/2023 16:00,192
8/6/2023 17:00,190
8/6/2023 18:00,198
8/6/2023 19:00,200
8/6/2023 20:00,202
8/6/2023 21:00,200
8/6/2023 22:00,195
8/6/2023 23:00,195
8/7/2023 0:00,193
8/7/2023 1:00,183
8/7/2023 2:00,188
8/7/2023 3:00,175
8/7/2023 4:00,170
8/7/2023 5:00,170
8/7/2023 6:00,173
8/7/2023 7:00,175
8/7/2023 8:00,170
8/7/2023 9:00,172
8/7/2023 10:00,175
8/7/2023 11:00,175
8/7/2023 12:00,178
8/7/2023 13:00,186
8/7/2023 14:00,188
8/7/2023 15:00,195
8/7/2023 16:00,200
8/7/2023 17:00,205
8/7/2023 18:00,208
8/7/2023 19:00,215
8/7/2023 20:00,219
8/7/2023 21:00,216
8/7/2023 22:00,204
8/7/2023 23:00,197
8/8/2023 0:00,186
8/8/2023 1:00,184
8/8/2023 2:00,180
8/8/2023 3:00,166
8/8/2023 4:00,162
8/8/2023 5:00,152
8/8/2023 6:00,155
8/8/2023 7:00,155
8/8/2023 8:00,175
8/8/2023 9:00,180
8/8/2023 10:00,179
8/8/2023 11:00,190
8/8/2023 12:00,195
8/8/2023 13:00,198
8/8/2023 14:00,207
8/8/2023 15:00,208
8/8/2023 16:00,212
8/8/2023 17:00,218
8/8/2023 18:00,227
8/8/2023 19:00,228
8/8/2023 20:00,226
8/8/2023 21:00,225
8/8/2023 22:00,212
8/8/2023 23:00,200
8/9/2023 0:00,180
8/9/2023 1:00,176
8/9/2023 2:00,165
8/9/2023 3:00,158
8/9/2023 4:00,150
8/9/2023 5:00,148
8/9/2023 6:00,156
8/9/2023 7:00,165
8/9/2023 8:00,172
8/9/2023 9:00,175
8/9/2023 10:00,182
8/9/2023 11:00,185
8/9/2023 12:00,182
8/9/2023 13:00,195
8/9/2023 14:00,203
8/9/2023 15:00,210
8/9/2023 16:00,220
8/9/2023 17:00,228
8/9/2023 18:00,234
8/9/2023 19:00,235
8/9/2023 20:00,234
8/9/2023 21:00,233
8/9/2023 22:00,220
8/9/2023 23:00,200
8/10/2023 0:00,187
8/10/2023 1:00,165
8/10/2023 2:00,154
8/10/2023 3:00,140
8/10/2023 4:00,134
8/10/2023 5:00,134
8/10/2023 6:00,135
8/10/2023 7:00,145
8/10/2023 8:00,150
8/10/2023 9:00,161
8/10/2023 10:00,175
8/10/2023 11:00,185
8/10/2023 12:00,180
8/10/2023 13:00,184
8/10/2023 14:00,187
8/10/2023 15:00,201
8/10/2023 16:00,204
8/10/2023 17:00,215
8/10/2023 18:00,220
8/10/2023 19:00,217
8/10/2023 20:00,230
8/10/2023 21:00,225
8/10/2023 22:00,220
8/10/2023 23:00,210
8/11/2023 0:00,190
8/11/2023 1:00,169
8/11/2023 2:00,150
8/11/2023 3:00,146
8/11/2023 4:00,140
8/11/2023 5:00,125
8/11/2023 6:00,130
8/11/2023 7:00,133
8/11/2023 8:00,150
8/11/2023 9:00,165
8/11/2023 10:00,170
8/11/2023 11:00,177
8/11/2023 12:00,180
8/11/2023 13:00,183
8/11/2023 14:00,189
8/11/2023 15:00,190
8/11/2023 16:00,200
8/11/2023 17:00,209
8/11/2023 18:00,210
8/11/2023 19:00,225
8/11/2023 20:00,223
8/11/2023 21:00,225
8/11/2023 22:00,218
8/11/2023 23:00,210
8/12/2023 0:00,190
8/12/2023 1:00,175
8/12/2023 2:00,167
8/12/2023 3:00,145
8/12/2023 4:00,138
8/12/2023 5:00,140
8/12/2023 6:00,135
8/12/2023 7:00,130
8/12/2023 8:00,137
8/12/2023 9:00,150
8/12/2023 10:00,162
8/12/2023 11:00,170
8/12/2023 12:00,180
8/12/2023 13:00,190
8/12/2023 14:00,194
8/12/2023 15:00,195
8/12/2023 16:00,199
8/12/2023 17:00,202
8/12/2023 18:00,218
8/12/2023 19:00,225
8/12/2023 20:00,223
8/12/2023 21:00,225
8/12/2023 22:00,218
8/12/2023 23:00,200
8/13/2023 0:00,198
8/13/2023 1:00,180
8/13/2023 2:00,168
8/13/2023 3:00,156
8/13/2023 4:00,142
8/13/2023 5:00,137
8/13/2023 6:00,142
8/13/2023 7:00,138
8/13/2023 8:00,135
8/13/2023 9:00,142
8/13/2023 10:00,155
8/13/2023 11:00,175
8/13/2023 12:00,177
8/13/2023 13:00,185
8/13/2023 14:00,190
8/13/2023 15:00,187
8/13/2023 16:00,194
8/13/2023 17:00,190
8/13/2023 18:00,203
8/13/2023 19:00,218
8/13/2023 20:00,215
8/13/2023 21:00,216
8/13/2023 22:00,217
8/13/2023 23:00,210
8/14/2023 0:00,198
8/14/2023 1:00,180
8/14/2023 2:00,178
8/14/2023 3:00,162
8/14/2023 4:00,152
8/14/2023 5:00,150
8/14/2023 6:00,135
8/14/2023 7:00,127
8/14/2023 8:00,142
8/14/2023 9:00,153
8/14/2023 10:00,160
8/14/2023 11:00,170
8/14/2023 12:00,180
8/14/2023 13:00,183
8/14/2023 14:00,180
8/14/2023 15:00,185
8/14/2023 16:00,188
8/14/2023 17:00,195
8/14/2023 18:00,200
8/14/2023 19:00,210
8/14/2023 20:00,219
8/14/2023 21:00,221
8/14/2023 22:00,220
8/14/2023 23:00,214
8/15/2023 0:00,207
8/15/2023 1:00,200
8/15/2023 2:00,187
8/15/2023 3:00,173
8/15/2023 4:00,160
8/15/2023 5:00,150
8/15/2023 6:00,146
8/15/2023 7:00,145
8/15/2023 8:00,145
8/15/2023 9:00,150
8/15/2023 10:00,150
8/15/2023 11:00,162
8/15/2023 12:00,168
8/15/2023 13:00,172
8/15/2023 14:00,175
8/15/2023 15:00,178
8/15/2023 16:00,183
8/15/2023 17:00,190
8/15/2023 18:00,200
8/15/2023 19:00,213
8/15/2023 20:00,215
8/15/2023 21:00,220
8/15/2023 22:00,217
8/15/2023 23:00,211
8/16/2023 0:00,201
8/16/2023 1:00,195
8/16/2023 2:00,180
8/16/2023 3:00,177
8/16/2023 4:00,168
8/16/2023 5:00,160
8/16/2023 6:00,150
8/16/2023 7:00,140
8/16/2023 8:00,140
8/16/2023 9:00,142
8/16/2023 10:00,154
8/16/2023 11:00,150
8/16/2023 12:00,163
8/16/2023 13:00,175
8/16/2023 14:00,173
8/16/2023 15:00,185
8/16/2023 16:00,180
8/16/2023 17:00,185
8/16/2023 18:00,190
8/16/2023 19:00,198
8/16/2023 20:00,207
8/16/2023 21:00,215
8/16/2023 22:00,210
8/16/2023 23:00,208
8/17/2023 0:00,200
8/17/2023 1:00,200
8/17/2023 2:00,195
8/17/2023 3:00,187
8/17/2023 4:00,172
8/17/2023 5:00,163
8/17/2023 6:00,154
8/17/2023 7:00,145
8/17/2023 8:00,165
8/17/2023 9:00,156
8/17/2023 10:00,165
8/17/2023 11:00,170
8/17/2023 12:00,172
8/17/2023 13:00,167
8/17/2023 14:00,166
8/17/2023 15:00,175
8/17/2023 16:00,184
8/17/2023 17:00,188
8/17/2023 18:00,190
8/17/2023 19:00,198
8/17/2023 20:00,207
8/17/2023 21:00,205
8/17/2023 22:00,205
8/17/2023 23:00,203
8/18/2023 0:00,197
8/18/2023 1:00,190
8/18/2023 2:00,188
8/18/2023 3:00,185
8/18/2023 4:00,187
8/18/2023 5:00,180
8/18/2023 6:00,175
8/18/2023 7:00,178
8/18/2023 8:00,183
8/18/2023 9:00,185
8/18/2023 10:00,183
8/18/2023 11:00,181
8/18/2023 12:00,180
8/18/2023 13:00,178
8/18/2023 14:00,175
8/18/2023 15:00,184
8/18/2023 16:00,182
8/18/2023 17:00,190
8/18/2023 18:00,195
8/18/2023 19:00,205
8/18/2023 20:00,203
8/18/2023 21:00,207
8/18/2023 22:00,210
8/18/2023 23:00,210
8/19/2023 0:00,195
8/19/2023 1:00,193
8/19/2023 2:00,190
8/19/2023 3:00,177
8/19/2023 4:00,175
8/19/2023 5:00,180
8/19/2023 6:00,182
8/19/2023 7:00,168
8/19/2023 8:00,165
8/19/2023 9:00,156
8/19/2023 10:00,165
8/19/2023 11:00,170
8/19/2023 12:00,172
8/19/2023 13:00,167
8/19/2023 14:00,172
8/19/2023 15:00,175
8/19/2023 16:00,184
8/19/2023 17:00,188
8/19/2023 18:00,190
8/19/2023 19:00,198
8/19/2023 20:00,207
8/19/2023 21:00,205
8/19/2023 22:00,205
8/19/2023 23:00,203
8/20/2023 0:00,197
8/20/2023 1:00,190
8/20/2023 2:00,188
8/20/2023 3:00,185
8/20/2023 4:00,187
8/20/2023 5:00,180
8/20/2023 6:00,175
8/20/2023 7:00,178
8/20/2023 8:00,183
8/20/2023 9:00,185
8/20/2023 10:00,183
8/20/2023 11:00,181
8/20/2023 12:00,180
8/20/2023 13:00,178
8/20/2023 14:00,175
8/20/2023 15:00,184
8/20/2023 16:00,182
8/20/2023 17:00,190
8/20/2023 18:00,195
8/20/2023 19:00,205
8/20/2023 20:00,203
8/20/2023 21:00,207
8/20/2023 22:00,210
8/20/2023 23:00,210
8/21/2023 0:00,195
8/21/2023 1:00,193
8/21/2023 2:00,170
8/21/2023 3:00,177
8/21/2023 4:00,175
8/21/2023 5:00,180
8/21/2023 6:00,182
8/21/2023 7:00,184
8/21/2023 8:00,178
8/21/2023 9:00,176
8/21/2023 10:00,180
8/21/2023 11:00,182
8/21/2023 12:00,185
8/21/2023 13:00,190
8/21/2023 14:00,190
8/21/2023 15:00,193
8/21/2023 16:00,190
8/21/2023 17:00,200
8/21/2023 18:00,202
8/21/2023 19:00,209
8/21/2023 20:00,205
8/21/2023 21:00,205
8/21/2023 22:00,199
8/21/2023 23:00,192
8/22/2023 0:00,199
8/22/2023 1:00,190
8/22/2023 2:00,185
8/22/2023 3:00,180
8/22/2023 4:00,180
8/22/2023 5:00,183
8/22/2023 6:00,180
8/22/2023 7:00,178
8/22/2023 8:00,180
8/22/2023 9:00,175
8/22/2023 10:00,175
8/22/2023 11:00,175
8/22/2023 12:00,190
8/22/2023 13:00,192
8/22/2023 14:00,195
8/22/2023 15:00,195
8/22/2023 16:00,198
8/22/2023 17:00,207
8/22/2023 18:00,205
8/22/2023 19:00,208
8/22/2023 20:00,208
8/22/2023 21:00,205
8/22/2023 22:00,190
8/22/2023 23:00,185
8/23/2023 0:00,190
8/23/2023 1:00,180
8/23/2023 2:00,176
8/23/2023 3:00,170
8/23/2023 4:00,167
8/23/2023 5:00,173
8/23/2023 6:00,168
8/23/2023 7:00,175
8/23/2023 8:00,175
8/23/2023 9:00,183
8/23/2023 10:00,190
8/23/2023 11:00,192
8/23/2023 12:00,199
8/23/2023 13:00,209
8/23/2023 14:00,213
8/23/2023 15:00,208
8/23/2023 16:00,215
8/23/2023 17:00,213
8/23/2023 18:00,220
8/23/2023 19:00,218
8/23/2023 20:00,220
8/23/2023 21:00,210
8/23/2023 22:00,203
8/23/2023 23:00,195
8/24/2023 0:00,178
8/24/2023 1:00,170
8/24/2023 2:00,163
8/24/2023 3:00,152
8/24/2023 4:00,158
8/24/2023 5:00,157
8/24/2023 6:00,163
8/24/2023 7:00,168
8/24/2023 8:00,175
8/24/2023 9:00,186
8/24/2023 10:00,190
8/24/2023 11:00,195
8/24/2023 12:00,192
8/24/2023 13:00,201
8/24/2023 14:00,205
8/24/2023 15:00,210
8/24/2023 16:00,220
8/24/2023 17:00,220
8/24/2023 18:00,225
8/24/2023 19:00,232
8/24/2023 20:00,222
8/24/2023 21:00,217
8/24/2023 22:00,205
8/24/2023 23:00,193
8/25/2023 0:00,180
8/25/2023 1:00,165
8/25/2023 2:00,160
8/25/2023 3:00,152
8/25/2023 4:00,156
8/25/2023 5:00,160
8/25/2023 6:00,165
8/25/2023 7:00,170
8/25/2023 8:00,175
8/25/2023 9:00,180
8/25/2023 10:00,185
8/25/2023 11:00,190
8/25/2023 12:00,200
8/25/2023 13:00,205
8/25/2023 14:00,210
8/25/2023 15:00,210
8/25/2023 16:00,220
8/25/2023 17:00,222
8/25/2023 18:00,225
8/25/2023 19:00,230
8/25/2023 20:00,228
8/25/2023 21:00,220
8/25/2023 22:00,205
8/25/2023 23:00,195
8/26/2023 0:00,180
8/26/2023 1:00,157
8/26/2023 2:00,145
8/26/2023 3:00,140
8/26/2023 4:00,140
8/26/2023 5:00,130
8/26/2023 6:00,128
8/26/2023 7:00,138
8/26/2023 8:00,164
8/26/2023 9:00,170
8/26/2023 10:00,185
8/26/2023 11:00,186
8/26/2023 12:00,190
8/26/2023 13:00,198
8/26/2023 14:00,200
8/26/2023 15:00,210
8/26/2023 16:00,215
8/26/2023 17:00,220
8/26/2023 18:00,225
8/26/2023 19:00,228
8/26/2023 20:00,228
8/26/2023 21:00,225
8/26/2023 22:00,215
8/26/2023 23:00,200
8/27/2023 0:00,190
8/27/2023 1:00,172
8/27/2023 2:00,157
8/27/2023 3:00,155
8/27/2023 4:00,137
8/27/2023 5:00,135
8/27/2023 6:00,138
8/27/2023 7:00,150
8/27/2023 8:00,156
8/27/2023 9:00,170
8/27/2023 10:00,178
8/27/2023 11:00,185
8/27/2023 12:00,187
8/27/2023 13:00,190
8/27/2023 14:00,193
8/27/2023 15:00,202
8/27/2023 16:00,214
8/27/2023 17:00,227
8/27/2023 18:00,230
8/27/2023 19:00,238
8/27/2023 20:00,227
8/27/2023 21:00,234
8/27/2023 22:00,225
8/27/2023 23:00,212
8/28/2023 0:00,185
8/28/2023 1:00,170
8/28/2023 2:00,165
8/28/2023 3:00,137
8/28/2023 4:00,133
8/28/2023 5:00,140
8/28/2023 6:00,130
8/28/2023 7:00,143
8/28/2023 8:00,150
8/28/2023 9:00,162
8/28/2023 10:00,170
8/28/2023 11:00,175
8/28/2023 12:00,180
8/28/2023 13:00,181
8/28/2023 14:00,175
8/28/2023 15:00,180
8/28/2023 16:00,190
8/28/2023 17:00,202
8/28/2023 18:00,213
8/28/2023 19:00,227
8/28/2023 20:00,230
8/28/2023 21:00,230
8/28/2023 22:00,228
8/28/2023 23:00,228
8/29/2023 0:00,210
8/29/2023 1:00,185
8/29/2023 2:00,165
8/29/2023 3:00,160
8/29/2023 4:00,138
8/29/2023 5:00,132
8/29/2023 6:00,130
8/29/2023 7:00,130
8/29/2023 8:00,144
8/29/2023 9:00,154
8/29/2023 10:00,160
8/29/2023 11:00,174
8/29/2023 12:00,178
8/29/2023 13:00,175
8/29/2023 14:00,177
8/29/2023 15:00,180
8/29/2023 16:00,188
8/29/2023 17:00,198
8/29/2023 18:00,219
8/29/2023 19:00,227
8/29/2023 20:00,234
8/29/2023 21:00,226
8/29/2023 22:00,229
8/29/2023 23:00,228
8/30/2023 0:00,210
8/30/2023 1:00,198
8/30/2023 2:00,183
8/30/2023 3:00,170
8/30/2023 4:00,155
8/30/2023 5:00,146
8/30/2023 6:00,140
8/30/2023 7:00,138
8/30/2023 8:00,145
8/30/2023 9:00,152
8/30/2023 10:00,160
8/30/2023 11:00,170
8/30/2023 12:00,175
8/30/2023 13:00,180
8/30/2023 14:00,180
8/30/2023 15:00,182
8/30/2023 16:00,185
8/30/2023 17:00,195
8/30/2023 18:00,205
8/30/2023 19:00,224
8/30/2023 20:00,238
8/30/2023 21:00,240
8/30/2023 22:00,238
8/30/2023 23:00,230
8/31/2023 0:00,220
8/31/2023 1:00,210
8/31/2023 2:00,195
8/31/2023 3:00,186
8/31/2023 4:00,175
8/31/2023 5:00,155
8/31/2023 6:00,150
8/31/2023 7:00,145
8/31/2023 8:00,148
8/31/2023 9:00,146
8/31/2023 10:00,160
8/31/2023 11:00,150
8/31/2023 12:00,165
8/31/2023 13:00,168
8/31/2023 14:00,168
8/31/2023 15:00,170
8/31/2023 16:00,168
8/31/2023 17:00,178
8/31/2023 18:00,184
8/31/2023 19:00,197
8/31/2023 20:00,212
8/31/2023 21:00,221
8/31/2023 22:00,223
8/31/2023 23:00,217
9/1/2023 0:00,208
9/1/2023 1:00,205
9/1/2023 2:00,198
9/1/2023 3:00,185
9/1/2023 4:00,180
9/1/2023 5:00,163
9/1/2023 6:00,155
9/1/2023 7:00,147
9/1/2023 8:00,158
9/1/2023 9:00,161
9/1/2023 10:00,170
9/1/2023 11:00,175
9/1/2023 12:00,178
9/1/2023 13:00,175
9/1/2023 14:00,175
9/1/2023 15:00,174
9/1/2023 16:00,176
9/1/2023 17:00,178
9/1/2023 18:00,187
9/1/2023 19:00,195
9/1/2023 20:00,205
9/1/2023 21:00,210
9/1/2023 22:00,220
9/1/2023 23:00,218
9/2/2023 0:00,210
9/2/2023 1:00,203
9/2/2023 2:00,190
9/2/2023 3:00,189
9/2/2023 4:00,180
9/2/2023 5:00,185
9/2/2023 6:00,170
9/2/2023 7:00,170
9/2/2023 8:00,153
9/2/2023 9:00,172
9/2/2023 10:00,180
9/2/2023 11:00,185
9/2/2023 12:00,188
9/2/2023 13:00,195
9/2/2023 14:00,195
9/2/2023 15:00,195
9/2/2023 16:00,190
9/2/2023 17:00,188
9/2/2023 18:00,192
9/2/2023 19:00,195
9/2/2023 20:00,198
9/2/2023 21:00,203
9/2/2023 22:00,209
9/2/2023 23:00,210
9/3/2023 0:00,199
9/3/2023 1:00,195
9/3/2023 2:00,185
9/3/2023 3:00,180
9/3/2023 4:00,180
9/3/2023 5:00,175
9/3/2023 6:00,180
9/3/2023 7:00,175
9/3/2023 8:00,174
9/3/2023 9:00,180
9/3/2023 10:00,180
9/3/2023 11:00,184
9/3/2023 12:00,190
9/3/2023 13:00,195
9/3/2023 14:00,195
9/3/2023 15:00,198
9/3/2023 16:00,198
9/3/2023 17:00,205
9/3/2023 18:00,200
9/3/2023 19:00,196
9/3/2023 20:00,193
9/3/2023 21:00,188
9/3/2023 22:00,188
9/3/2023 23:00,182
9/4/2023 0:00,178
9/4/2023 1:00,170
9/4/2023 2:00,163
9/4/2023 3:00,165
9/4/2023 4:00,162
9/4/2023 5:00,160
9/4/2023 6:00,165
9/4/2023 7:00,180
9/4/2023 8:00,177
9/4/2023 9:00,194
9/4/2023 10:00,190
9/4/2023 11:00,195
9/4/2023 12:00,205
9/4/2023 13:00,210
9/4/2023 14:00,210
9/4/2023 15:00,215
9/4/2023 16:00,210
9/4/2023 17:00,210
9/4/2023 18:00,208
9/4/2023 19:00,207
9/4/2023 20:00,198
9/4/2023 21:00,193
9/4/2023 22:00,187
9/4/2023 23:00,180
9/5/2023 0:00,175
9/5/2023 1:00,170
9/5/2023 2:00,166
9/5/2023 3:00,154
9/5/2023 4:00,165
9/5/2023 5:00,160
9/5/2023 6:00,169
9/5/2023 7:00,182
9/5/2023 8:00,185
9/5/2023 9:00,192
9/5/2023 10:00,193
9/5/2023 11:00,203
9/5/2023 12:00,205
9/5/2023 13:00,218
9/5/2023 14:00,215
9/5/2023 15:00,215
9/5/2023 16:00,215
9/5/2023 17:00,225
9/5/2023 18:00,223
9/5/2023 19:00,220
9/5/2023 20:00,210
9/5/2023 21:00,203
9/5/2023 22:00,186
9/5/2023 23:00,165
9/6/2023 0:00,155
9/6/2023 1:00,155
9/6/2023 2:00,150
9/6/2023 3:00,145
9/6/2023 4:00,145
9/6/2023 5:00,150
9/6/2023 6:00,160
9/6/2023 7:00,170
9/6/2023 8:00,175
9/6/2023 9:00,180
9/6/2023 10:00,195
9/6/2023 11:00,190
9/6/2023 12:00,200
9/6/2023 13:00,204
9/6/2023 14:00,210
9/6/2023 15:00,215
9/6/2023 16:00,218
9/6/2023 17:00,220
9/6/2023 18:00,223
9/6/2023 19:00,220
9/6/2023 20:00,217
9/6/2023 21:00,203
9/6/2023 22:00,186
9/6/2023 23:00,165
9/7/2023 0:00,155
9/7/2023 1:00,152
9/7/2023 2:00,138
9/7/2023 3:00,140
9/7/2023 4:00,138
9/7/2023 5:00,165
9/7/2023 6:00,160
9/7/2023 7:00,171
9/7/2023 8:00,180
9/7/2023 9:00,193
9/7/2023 10:00,195
9/7/2023 11:00,200
9/7/2023 12:00,205
9/7/2023 13:00,208
9/7/2023 14:00,208
9/7/2023 15:00,219
9/7/2023 16:00,220
9/7/2023 17:00,218
9/7/2023 18:00,224
9/7/2023 19:00,225
9/7/2023 20:00,227
9/7/2023 21:00,210
9/7/2023 22:00,200
9/7/2023 23:00,185
9/8/2023 0:00,168
9/8/2023 1:00,157
9/8/2023 2:00,154
9/8/2023 3:00,135
9/8/2023 4:00,130
9/8/2023 5:00,134
9/8/2023 6:00,140
9/8/2023 7:00,159
9/8/2023 8:00,173
9/8/2023 9:00,187
9/8/2023 10:00,193
9/8/2023 11:00,190
9/8/2023 12:00,198
9/8/2023 13:00,198
9/8/2023 14:00,200
9/8/2023 15:00,208
9/8/2023 16:00,213
9/8/2023 17:00,220
9/8/2023 18:00,223
9/8/2023 19:00,228
9/8/2023 20:00,228
9/8/2023 21:00,222
9/8/2023 22:00,209
9/8/2023 23:00,189
9/9/2023 0:00,172
9/9/2023 1:00,165
9/9/2023 2:00,155
9/9/2023 3:00,148
9/9/2023 4:00,140
9/9/2023 5:00,145
9/9/2023 6:00,142
9/9/2023 7:00,158
9/9/2023 8:00,165
9/9/2023 9:00,178
9/9/2023 10:00,185
9/9/2023 11:00,180
9/9/2023 12:00,174
9/9/2023 13:00,185
9/9/2023 14:00,188
9/9/2023 15:00,200
9/9/2023 16:00,208
9/9/2023 17:00,215
9/9/2023 18:00,215
9/9/2023 19:00,227
9/9/2023 20:00,220
9/9/2023 21:00,220
9/9/2023 22:00,206
9/9/2023 23:00,186
9/10/2023 0:00,190
9/10/2023 1:00,165
9/10/2023 2:00,144
9/10/2023 3:00,146
9/10/2023 4:00,135
9/10/2023 5:00,134
9/10/2023 6:00,137
9/10/2023 7:00,155
9/10/2023 8:00,165
9/10/2023 9:00,175
9/10/2023 10:00,184
9/10/2023 11:00,188
9/10/2023 12:00,189
9/10/2023 13:00,182
9/10/2023 14:00,183
9/10/2023 15:00,189
9/10/2023 16:00,194
9/10/2023 17:00,195
9/10/2023 18:00,205
9/10/2023 19:00,213
9/10/2023 20:00,210
9/10/2023 21:00,208
9/10/2023 22:00,204
9/10/2023 23:00,197
9/11/2023 0:00,179
9/11/2023 1:00,170
9/11/2023 2:00,157
9/11/2023 3:00,148
9/11/2023 4:00,138
9/11/2023 5:00,136
9/11/2023 6:00,142
9/11/2023 7:00,150
9/11/2023 8:00,157
9/11/2023 9:00,160
9/11/2023 10:00,165
9/11/2023 11:00,180
9/11/2023 12:00,178
9/11/2023 13:00,175
9/11/2023 14:00,175
9/11/2023 15:00,176
9/11/2023 16:00,180
9/11/2023 17:00,185
9/11/2023 18:00,198
9/11/2023 19:00,213
9/11/2023 20:00,215
9/11/2023 21:00,213
9/11/2023 22:00,208
9/11/2023 23:00,200
9/12/2023 0:00,188
9/12/2023 1:00,180
9/12/2023 2:00,170
9/12/2023 3:00,158
9/12/2023 4:00,160
9/12/2023 5:00,155
9/12/2023 6:00,142
9/12/2023 7:00,148
9/12/2023 8:00,148
9/12/2023 9:00,160
9/12/2023 10:00,167
9/12/2023 11:00,175
9/12/2023 12:00,178
9/12/2023 13:00,179
9/12/2023 14:00,180
9/12/2023 15:00,177
9/12/2023 16:00,185
9/12/2023 17:00,188
9/12/2023 18:00,200
9/12/2023 19:00,208
9/12/2023 20:00,210
9/12/2023 21:00,212
9/12/2023 22:00,208
9/12/2023 23:00,200
9/13/2023 0:00,194
9/13/2023 1:00,177
9/13/2023 2:00,166
9/13/2023 3:00,163
9/13/2023 4:00,148
9/13/2023 5:00,155
9/13/2023 6:00,140
9/13/2023 7:00,145
9/13/2023 8:00,164
9/13/2023 9:00,170
9/13/2023 10:00,170
9/13/2023 11:00,175
9/13/2023 12:00,179
9/13/2023 13:00,175
9/13/2023 14:00,178
9/13/2023 15:00,180
9/13/2023 16:00,188
9/13/2023 17:00,193
9/13/2023 18:00,203
9/13/2023 19:00,212
9/13/2023 20:00,220
9/13/2023 21:00,218
9/13/2023 22:00,210
9/13/2023 23:00,205
9/14/2023 0:00,200
9/14/2023 1:00,190
9/14/2023 2:00,185
9/14/2023 3:00,176
9/14/2023 4:00,168
9/14/2023 5:00,166
9/14/2023 6:00,158
9/14/2023 7:00,160
9/14/2023 8:00,165
9/14/2023 9:00,167
9/14/2023 10:00,165
9/14/2023 11:00,170
9/14/2023 12:00,170
9/14/2023 13:00,172
9/14/2023 14:00,178
9/14/2023 15:00,170
9/14/2023 16:00,182
9/14/2023 17:00,192
9/14/2023 18:00,195
9/14/2023 19:00,200
9/14/2023 20:00,205
9/14/2023 21:00,205
9/14/2023 22:00,204
9/14/2023 23:00,197
9/15/2023 0:00,190
9/15/2023 1:00,185
9/15/2023 2:00,180
9/15/2023 3:00,175
9/15/2023 4:00,175
9/15/2023 5:00,165
9/15/2023 6:00,163
9/15/2023 7:00,168
9/15/2023 8:00,165
9/15/2023 9:00,170
9/15/2023 10:00,172
9/15/2023 11:00,173
9/15/2023 12:00,185
9/15/2023 13:00,180
9/15/2023 14:00,180
9/15/2023 15:00,185
9/15/2023 16:00,175
9/15/2023 17:00,190
9/15/2023 18:00,192
9/15/2023 19:00,200
9/15/2023 20:00,203
9/15/2023 21:00,205
9/15/2023 22:00,198
9/15/2023 23:00,190
9/16/2023 0:00,185
9/16/2023 1:00,180
9/16/2023 2:00,166
9/16/2023 3:00,177
9/16/2023 4:00,185
9/16/2023 5:00,173
9/16/2023 6:00,170
9/16/2023 7:00,180
9/16/2023 8:00,180
9/16/2023 9:00,185
9/16/2023 10:00,185
9/16/2023 11:00,187
9/16/2023 12:00,178
9/16/2023 13:00,186
9/16/2023 14:00,189
9/16/2023 15:00,189
9/16/2023 16:00,192
9/16/2023 17:00,195
9/16/2023 18:00,198
9/16/2023 19:00,203
9/16/2023 20:00,197
9/16/2023 21:00,200
9/16/2023 22:00,203
9/16/2023 23:00,199
9/17/2023 0:00,193
9/17/2023 1:00,186
9/17/2023 2:00,177
9/17/2023 3:00,182
9/17/2023 4:00,180
9/17/2023 5:00,185
9/17/2023 6:00,180
9/17/2023 7:00,184
9/17/2023 8:00,186
9/17/2023 9:00,190
9/17/2023 10:00,189
9/17/2023 11:00,188
9/17/2023 12:00,198
9/17/2023 13:00,198
9/17/2023 14:00,185
9/17/2023 15:00,190
9/17/2023 16:00,189
9/17/2023 17:00,192
9/17/2023 18:00,200
9/17/2023 19:00,205
9/17/2023 20:00,195
9/17/2023 21:00,200
9/17/2023 22:00,190
9/17/2023 23:00,200
9/18/2023 0:00,192
9/18/2023 1:00,180
9/18/2023 2:00,180
9/18/2023 3:00,178
9/18/2023 4:00,175
9/18/2023 5:00,180
9/18/2023 6:00,180
9/18/2023 7:00,180
9/18/2023 8:00,185
9/18/2023 9:00,185
9/18/2023 10:00,190
9/18/2023 11:00,196
9/18/2023 12:00,198
9/18/2023 13:00,192
9/18/2023 14:00,210
9/18/2023 15:00,197
9/18/2023 16:00,205
9/18/2023 17:00,196
9/18/2023 18:00,194
9/18/2023 19:00,195
9/18/2023 20:00,185
9/18/2023 21:00,182
9/18/2023 22:00,172
9/18/2023 23:00,166
9/19/2023 0:00,160
9/19/2023 1:00,155
9/19/2023 2:00,144
9/19/2023 3:00,165
9/19/2023 4:00,162
9/19/2023 5:00,167
9/19/2023 6:00,180
9/19/2023 7:00,180
9/19/2023 8:00,188
9/19/2023 9:00,190
9/19/2023 10:00,195
9/19/2023 11:00,205
9/19/2023 12:00,205
9/19/2023 13:00,209
9/19/2023 14:00,208
9/19/2023 15:00,210
9/19/2023 16:00,208
9/19/2023 17:00,203
9/19/2023 18:00,200
9/19/2023 19:00,196
9/19/2023 20:00,190
9/19/2023 21:00,185
9/19/2023 22:00,179
9/19/2023 23:00,170
9/20/2023 0:00,170
9/20/2023 1:00,167
9/20/2023 2:00,160
9/20/2023 3:00,156
9/20/2023 4:00,165
9/20/2023 5:00,170
9/20/2023 6:00,178
9/20/2023 7:00,185
9/20/2023 8:00,198
9/20/2023 9:00,199
9/20/2023 10:00,193
9/20/2023 11:00,206
9/20/2023 12:00,218
9/20/2023 13:00,216
9/20/2023 14:00,218
9/20/2023 15:00,218
9/20/2023 16:00,218
9/20/2023 17:00,215
9/20/2023 18:00,205
9/20/2023 19:00,195
9/20/2023 20:00,185
9/20/2023 21:00,175
9/20/2023 22:00,170
9/20/2023 23:00,164
9/21/2023 0:00,155
9/21/2023 1:00,142
9/21/2023 2:00,140
9/21/2023 3:00,147
9/21/2023 4:00,156
9/21/2023 5:00,166
9/21/2023 6:00,170
9/21/2023 7:00,182
9/21/2023 8:00,190
9/21/2023 9:00,200
9/21/2023 10:00,191
9/21/2023 11:00,203
9/21/2023 12:00,215
9/21/2023 13:00,218
9/21/2023 14:00,219
9/21/2023 15:00,212
9/21/2023 16:00,216
9/21/2023 17:00,210
9/21/2023 18:00,210
9/21/2023 19:00,200
9/21/2023 20:00,190
9/21/2023 21:00,175
9/21/2023 22:00,165
9/21/2023 23:00,155
9/22/2023 0:00,150
9/22/2023 1:00,140
9/22/2023 2:00,130
9/22/2023 3:00,135
9/22/2023 4:00,140
9/22/2023 5:00,150
9/22/2023 6:00,157
9/22/2023 7:00,172
9/22/2023 8:00,185
9/22/2023 9:00,189
9/22/2023 10:00,190
9/22/2023 11:00,193
9/22/2023 12:00,200
9/22/2023 13:00,205
9/22/2023 14:00,209
9/22/2023 15:00,208
9/22/2023 16:00,215
9/22/2023 17:00,215
9/22/2023 18:00,210
9/22/2023 19:00,205
9/22/2023 20:00,195
9/22/2023 21:00,185
9/22/2023 22:00,173
9/22/2023 23:00,155
9/23/2023 0:00,150
9/23/2023 1:00,147
9/23/2023 2:00,135
9/23/2023 3:00,134
9/23/2023 4:00,135
9/23/2023 5:00,140
9/23/2023 6:00,150
9/23/2023 7:00,167
9/23/2023 8:00,170
9/23/2023 9:00,183
9/23/2023 10:00,189
9/23/2023 11:00,189
9/23/2023 12:00,190
9/23/2023 13:00,194
9/23/2023 14:00,202
9/23/2023 15:00,210
9/23/2023 16:00,218
9/23/2023 17:00,218
9/23/2023 18:00,216
9/23/2023 19:00,215
9/23/2023 20:00,210
9/23/2023 21:00,196
9/23/2023 22:00,180
9/23/2023 23:00,169
9/24/2023 0:00,160
9/24/2023 1:00,140
9/24/2023 2:00,135
9/24/2023 3:00,133
9/24/2023 4:00,135
9/24/2023 5:00,138
9/24/2023 6:00,142
9/24/2023 7:00,155
9/24/2023 8:00,172
9/24/2023 9:00,180
9/24/2023 10:00,190
9/24/2023 11:00,182
9/24/2023 12:00,185
9/24/2023 13:00,188
9/24/2023 14:00,195
9/24/2023 15:00,206
9/24/2023 16:00,210
9/24/2023 17:00,215
9/24/2023 18:00,218
9/24/2023 19:00,220
9/24/2023 20:00,215
9/24/2023 21:00,210
9/24/2023 22:00,200
9/24/2023 23:00,185
9/25/2023 0:00,160
9/25/2023 1:00,150
9/25/2023 2:00,145
9/25/2023 3:00,120
9/25/2023 4:00,125
9/25/2023 5:00,125
9/25/2023 6:00,140
9/25/2023 7:00,150
9/25/2023 8:00,165
9/25/2023 9:00,174
9/25/2023 10:00,182
9/25/2023 11:00,180
9/25/2023 12:00,185
9/25/2023 13:00,175
9/25/2023 14:00,175
9/25/2023 15:00,178
9/25/2023 16:00,190
9/25/2023 17:00,197
9/25/2023 18:00,210
9/25/2023 19:00,218
9/25/2023 20:00,218
9/25/2023 21:00,215
9/25/2023 22:00,207
9/25/2023 23:00,190
9/26/2023 0:00,170
9/26/2023 1:00,155
9/26/2023 2:00,148
9/26/2023 3:00,135
9/26/2023 4:00,130
9/26/2023 5:00,130
9/26/2023 6:00,145
9/26/2023 7:00,145
9/26/2023 8:00,145
9/26/2023 9:00,165
9/26/2023 10:00,174
9/26/2023 11:00,180
9/26/2023 12:00,180
9/26/2023 13:00,180
9/26/2023 14:00,185
9/26/2023 15:00,185
9/26/2023 16:00,205
9/26/2023 17:00,205
9/26/2023 18:00,213
9/26/2023 19:00,225
9/26/2023 20:00,226
9/26/2023 21:00,218
9/26/2023 22:00,210
9/26/2023 23:00,198
9/27/2023 0:00,180
9/27/2023 1:00,175
9/27/2023 2:00,155
9/27/2023 3:00,147
9/27/2023 4:00,143
9/27/2023 5:00,135
9/27/2023 6:00,140
9/27/2023 7:00,142
9/27/2023 8:00,150
9/27/2023 9:00,160
9/27/2023 10:00,175
9/27/2023 11:00,170
9/27/2023 12:00,176
9/27/2023 13:00,174
9/27/2023 14:00,175
9/27/2023 15:00,170
9/27/2023 16:00,180
9/27/2023 17:00,195
9/27/2023 18:00,203
9/27/2023 19:00,220
9/27/2023 20:00,226
9/27/2023 21:00,220
9/27/2023 22:00,215
9/27/2023 23:00,206
9/28/2023 0:00,198
9/28/2023 1:00,186
9/28/2023 2:00,182
9/28/2023 3:00,165
9/28/2023 4:00,150
9/28/2023 5:00,148
9/28/2023 6:00,153
9/28/2023 7:00,155
9/28/2023 8:00,170
9/28/2023 9:00,183
9/28/2023 10:00,184
9/28/2023 11:00,183
9/28/2023 12:00,185
9/28/2023 13:00,186
9/28/2023 14:00,180
9/28/2023 15:00,178
9/28/2023 16:00,188
9/28/2023 17:00,193
9/28/2023 18:00,202
9/28/2023 19:00,215
9/28/2023 20:00,220
9/28/2023 21:00,225
9/28/2023 22:00,220
9/28/2023 23:00,214
9/29/2023 0:00,210
9/29/2023 1:00,205
9/29/2023 2:00,190
9/29/2023 3:00,183
9/29/2023 4:00,170
9/29/2023 5:00,167
9/29/2023 6:00,160
9/29/2023 7:00,166
9/29/2023 8:00,173
9/29/2023 9:00,182
9/29/2023 10:00,182
9/29/2023 11:00,191
9/29/2023 12:00,192
9/29/2023 13:00,180
9/29/2023 14:00,185
9/29/2023 15:00,180
9/29/2023 16:00,185
9/29/2023 17:00,190
9/29/2023 18:00,189
9/29/2023 19:00,190
9/29/2023 20:00,205
9/29/2023 21:00,213
9/29/2023 22:00,210
9/29/2023 23:00,205
9/30/2023 0:00,190
9/30/2023 1:00,185
9/30/2023 2:00,175
9/30/2023 3:00,175
9/30/2023 4:00,175
9/30/2023 5:00,170
9/30/2023 6:00,165
9/30/2023 7:00,168
9/30/2023 8:00,172
9/30/2023 9:00,185
9/30/2023 10:00,190
9/30/2023 11:00,200
9/30/2023 12:00,202
9/30/2023 13:00,195
9/30/2023 14:00,190
9/30/2023 15:00,190
9/30/2023 16:00,168
9/30/2023 17:00,180
9/30/2023 18:00,170
9/30/2023 19:00,163
9/30/2023 20:00,175
9/30/2023 21:00,180
9/30/2023 22:00,173
9/30/2023 23:00,173
10/1/2023 0:00,173
10/1/2023 1:00,167
10/1/2023 2:00,160
10/1/2023 3:00,155
10/1/2023 4:00,155
10/1/2023 5:00,160
10/1/2023 6:00,163
10/1/2023 7:00,175
10/1/2023 8:00,180
10/1/2023 9:00,196
10/1/2023 10:00,207
10/1/2023 11:00,209
10/1/2023 12:00,205
10/1/2023 13:00,208
10/1/2023 14:00,205
10/1/2023 15:00,195
10/1/2023 16:00,190
10/1/2023 17:00,186
10/1/2023 18:00,180
10/1/2023 19:00,170
10/1/2023 20:00,165
10/1/2023 21:00,160
10/1/2023 22:00,163
10/1/2023 23:00,160
10/2/2023 0:00,158
10/2/2023 1:00,153
10/2/2023 2:00,150
10/2/2023 3:00,150
10/2/2023 4:00,155
10/2/2023 5:00,161
10/2/2023 6:00,169
10/2/2023 7:00,175
10/2/2023 8:00,185
10/2/2023 9:00,192
10/2/2023 10:00,208
10/2/2023 11:00,215
10/2/2023 12:00,210
10/2/2023 13:00,210
10/2/2023 14:00,210
10/2/2023 15:00,205
10/2/2023 16:00,195
10/2/2023 17:00,195
10/2/2023 18:00,185
10/2/2023 19:00,185
10/2/2023 20:00,170
10/2/2023 21:00,165
10/2/2023 22:00,170
10/2/2023 23:00,165
10/3/2023 0:00,163
10/3/2023 1:00,155
10/3/2023 2:00,155
10/3/2023 3:00,150
10/3/2023 4:00,150
10/3/2023 5:00,155
10/3/2023 6:00,155
10/3/2023 7:00,180
10/3/2023 8:00,185
10/3/2023 9:00,196
10/3/2023 10:00,206
10/3/2023 11:00,216
10/3/2023 12:00,220
10/3/2023 13:00,215
10/3/2023 14:00,210
10/3/2023 15:00,210
10/3/2023 16:00,198
10/3/2023 17:00,195
10/3/2023 18:00,185
10/3/2023 19:00,176
10/3/2023 20:00,160
10/3/2023 21:00,155
10/3/2023 22:00,143
10/3/2023 23:00,145
10/4/2023 0:00,134
10/4/2023 1:00,130
10/4/2023 2:00,124
10/4/2023 3:00,130
10/4/2023 4:00,140
10/4/2023 5:00,147
10/4/2023 6:00,160
10/4/2023 7:00,174
10/4/2023 8:00,190
10/4/2023 9:00,192
10/4/2023 10:00,204
10/4/2023 11:00,210
10/4/2023 12:00,210
10/4/2023 13:00,217
10/4/2023 14:00,215
10/4/2023 15:00,217
10/4/2023 16:00,205
10/4/2023 17:00,205
10/4/2023 18:00,203
10/4/2023 19:00,190
10/4/2023 20:00,185
10/4/2023 21:00,173
10/4/2023 22:00,162
10/4/2023 23:00,152
10/5/2023 0:00,144
10/5/2023 1:00,140
10/5/2023 2:00,138
10/5/2023 3:00,140
10/5/2023 4:00,150
10/5/2023 5:00,160
10/5/2023 6:00,173
10/5/2023 7:00,183
10/5/2023 8:00,189
10/5/2023 9:00,204
10/5/2023 10:00,205
10/5/2023 11:00,208
10/5/2023 12:00,215
10/5/2023 13:00,220
10/5/2023 14:00,220
10/5/2023 15:00,218
10/5/2023 16:00,215
10/5/2023 17:00,220
10/5/2023 18:00,210
10/5/2023 19:00,208
10/5/2023 20:00,195
10/5/2023 21:00,180
10/5/2023 22:00,168
10/5/2023 23:00,155
10/6/2023 0:00,142
10/6/2023 1:00,146
10/6/2023 2:00,145
10/6/2023 3:00,145
10/6/2023 4:00,135
10/6/2023 5:00,137
10/6/2023 6:00,140
10/6/2023 7:00,168
10/6/2023 8:00,178
10/6/2023 9:00,187
10/6/2023 10:00,195
10/6/2023 11:00,190
10/6/2023 12:00,200
10/6/2023 13:00,202
10/6/2023 14:00,204
10/6/2023 15:00,207
10/6/2023 16:00,210
10/6/2023 17:00,205
10/6/2023 18:00,205
10/6/2023 19:00,195
10/6/2023 20:00,197
10/6/2023 21:00,182
10/6/2023 22:00,175
10/6/2023 23:00,160
10/7/2023 0:00,150
10/7/2023 1:00,135
10/7/2023 2:00,135
10/7/2023 3:00,130
10/7/2023 4:00,132
10/7/2023 5:00,132
10/7/2023 6:00,155
10/7/2023 7:00,168
10/7/2023 8:00,190
10/7/2023 9:00,196
10/7/2023 10:00,200
10/7/2023 11:00,195
10/7/2023 12:00,194
10/7/2023 13:00,200
10/7/2023 14:00,202
10/7/2023 15:00,203
10/7/2023 16:00,204
10/7/2023 17:00,210
10/7/2023 18:00,210
10/7/2023 19:00,210
10/7/2023 20:00,205
10/7/2023 21:00,195
10/7/2023 22:00,181
10/7/2023 23:00,165
10/8/2023 0:00,160
10/8/2023 1:00,150
10/8/2023 2:00,144
10/8/2023 3:00,140
10/8/2023 4:00,140
10/8/2023 5:00,147
10/8/2023 6:00,155
10/8/2023 7:00,172
10/8/2023 8:00,188
10/8/2023 9:00,186
10/8/2023 10:00,190
10/8/2023 11:00,198
10/8/2023 12:00,195
10/8/2023 13:00,187
10/8/2023 14:00,195
10/8/2023 15:00,200
10/8/2023 16:00,207
10/8/2023 17:00,205
10/8/2023 18:00,220
10/8/2023 19:00,215
10/8/2023 20:00,220
10/8/2023 21:00,210
10/8/2023 22:00,190
10/8/2023 23:00,183
10/9/2023 0:00,175
10/9/2023 1:00,170
10/9/2023 2:00,164
10/9/2023 3:00,140
10/9/2023 4:00,140
10/9/2023 5:00,140
10/9/2023 6:00,155
10/9/2023 7:00,170
10/9/2023 8:00,172
10/9/2023 9:00,184
10/9/2023 10:00,190
10/9/2023 11:00,190
10/9/2023 12:00,190
10/9/2023 13:00,195
10/9/2023 14:00,185
10/9/2023 15:00,195
10/9/2023 16:00,190
10/9/2023 17:00,210
10/9/2023 18:00,218
10/9/2023 19:00,210
10/9/2023 20:00,205
10/9/2023 21:00,194
10/9/2023 22:00,190
10/9/2023 23:00,180
10/10/2023 0:00,170
10/10/2023 1:00,160
10/10/2023 2:00,140
10/10/2023 3:00,143
10/10/2023 4:00,145
10/10/2023 5:00,140
10/10/2023 6:00,144
10/10/2023 7:00,155
10/10/2023 8:00,170
10/10/2023 9:00,182
10/10/2023 10:00,185
10/10/2023 11:00,186
10/10/2023 12:00,188
10/10/2023 13:00,185
10/10/2023 14:00,182
10/10/2023 15:00,185
10/10/2023 16:00,192
10/10/2023 17:00,195
10/10/2023 18:00,199
10/10/2023 19:00,201
10/10/2023 20:00,200
10/10/2023 21:00,194
10/10/2023 22:00,194
10/10/2023 23:00,180
10/11/2023 0:00,173
10/11/2023 1:00,163
10/11/2023 2:00,158
10/11/2023 3:00,150
10/11/2023 4:00,148
10/11/2023 5:00,150
10/11/2023 6:00,160
10/11/2023 7:00,175
10/11/2023 8:00,185
10/11/2023 9:00,186
10/11/2023 10:00,190
10/11/2023 11:00,190
10/11/2023 12:00,190
10/11/2023 13:00,190
10/11/2023 14:00,190
10/11/2023 15:00,190
10/11/2023 16:00,185
10/11/2023 17:00,190
10/11/2023 18:00,190
10/11/2023 19:00,199
10/11/2023 20:00,205
10/11/2023 21:00,200
10/11/2023 22:00,190
10/11/2023 23:00,190
10/12/2023 0:00,180
10/12/2023 1:00,180
10/12/2023 2:00,175
10/12/2023 3:00,165
10/12/2023 4:00,162
10/12/2023 5:00,164
10/12/2023 6:00,168
10/12/2023 7:00,175
10/12/2023 8:00,182
10/12/2023 9:00,185
10/12/2023 10:00,190
10/12/2023 11:00,185
10/12/2023 12:00,182
10/12/2023 13:00,180
10/12/2023 14:00,185
10/12/2023 15:00,188
10/12/2023 16:00,190
10/12/2023 17:00,193
10/12/2023 18:00,193
10/12/2023 19:00,190
10/12/2023 20:00,194
10/12/2023 21:00,195
10/12/2023 22:00,188
10/12/2023 23:00,185
10/13/2023 0:00,170
10/13/2023 1:00,169
10/13/2023 2:00,170
10/13/2023 3:00,162
10/13/2023 4:00,158
10/13/2023 5:00,160
10/13/2023 6:00,162
10/13/2023 7:00,172
10/13/2023 8:00,187
10/13/2023 9:00,180
10/13/2023 10:00,190
10/13/2023 11:00,195
10/13/2023 12:00,196
10/13/2023 13:00,193
10/13/2023 14:00,190
10/13/2023 15:00,189
10/13/2023 16:00,194
10/13/2023 17:00,190
10/13/2023 18:00,188
10/13/2023 19:00,185
10/13/2023 20:00,188
10/13/2023 21:00,186
10/13/2023 22:00,180
10/13/2023 23:00,175
10/14/2023 0:00,173
10/14/2023 1:00,170
10/14/2023 2:00,165
10/14/2023 3:00,168
10/14/2023 4:00,164
10/14/2023 5:00,170
10/14/2023 6:00,175
10/14/2023 7:00,185
10/14/2023 8:00,195
10/14/2023 9:00,198
10/14/2023 10:00,200
10/14/2023 11:00,198
10/14/2023 12:00,192
10/14/2023 13:00,195
10/14/2023 14:00,183
10/14/2023 15:00,180
10/14/2023 16:00,180
10/14/2023 17:00,180
10/14/2023 18:00,180
10/14/2023 19:00,175
10/14/2023 20:00,170
10/14/2023 21:00,172
10/14/2023 22:00,180
10/14/2023 23:00,180
10/15/2023 0:00,170
10/15/2023 1:00,175
10/15/2023 2:00,170
10/15/2023 3:00,175
10/15/2023 4:00,170
10/15/2023 5:00,184
10/15/2023 6:00,185
10/15/2023 7:00,196
10/15/2023 8:00,200
10/15/2023 9:00,205
10/15/2023 10:00,210
10/15/2023 11:00,203
10/15/2023 12:00,203
10/15/2023 13:00,200
10/15/2023 14:00,198
10/15/2023 15:00,190
10/15/2023 16:00,188
10/15/2023 17:00,190
10/15/2023 18:00,184
10/15/2023 19:00,160
10/15/2023 20:00,162
10/15/2023 21:00,170
10/15/2023 22:00,170
10/15/2023 23:00,167
10/16/2023 0:00,165
10/16/2023 1:00,164
10/16/2023 2:00,166
10/16/2023 3:00,170
10/16/2023 4:00,168
10/16/2023 5:00,173
10/16/2023 6:00,177
10/16/2023 7:00,183
10/16/2023 8:00,200
10/16/2023 9:00,208
10/16/2023 10:00,212
10/16/2023 11:00,210
10/16/2023 12:00,210
10/16/2023 13:00,205
10/16/2023 14:00,207
10/16/2023 15:00,201
10/16/2023 16:00,196
10/16/2023 17:00,188
10/16/2023 18:00,185
10/16/2023 19:00,173
10/16/2023 20:00,170
10/16/2023 21:00,170
10/16/2023 22:00,170
10/16/2023 23:00,167
10/17/2023 0:00,165
10/17/2023 1:00,160
10/17/2023 2:00,162
10/17/2023 3:00,160
10/17/2023 4:00,173
10/17/2023 5:00,180
10/17/2023 6:00,187
10/17/2023 7:00,195
10/17/2023 8:00,205
10/17/2023 9:00,215
10/17/2023 10:00,224
10/17/2023 11:00,224
10/17/2023 12:00,215
10/17/2023 13:00,215
10/17/2023 14:00,217
10/17/2023 15:00,209
10/17/2023 16:00,200
10/17/2023 17:00,195
10/17/2023 18:00,185
10/17/2023 19:00,175
10/17/2023 20:00,175
10/17/2023 21:00,160
10/17/2023 22:00,160
10/17/2023 23:00,156
10/18/2023 0:00,155
10/18/2023 1:00,159
10/18/2023 2:00,160
10/18/2023 3:00,165
10/18/2023 4:00,165
10/18/2023 5:00,180
10/18/2023 6:00,195
10/18/2023 7:00,205
10/18/2023 8:00,220
10/18/2023 9:00,226
10/18/2023 10:00,228
10/18/2023 11:00,234
10/18/2023 12:00,232
10/18/2023 13:00,230
10/18/2023 14:00,225
10/18/2023 15:00,215
10/18/2023 16:00,213
10/18/2023 17:00,205
10/18/2023 18:00,192
10/18/2023 19:00,190
10/18/2023 20:00,175
10/18/2023 21:00,165
10/18/2023 22:00,158
10/18/2023 23:00,165
10/19/2023 0:00,148
10/19/2023 1:00,150
10/19/2023 2:00,150
10/19/2023 3:00,160
10/19/2023 4:00,168
10/19/2023 5:00,170
10/19/2023 6:00,180
10/19/2023 7:00,198
10/19/2023 8:00,203
10/19/2023 9:00,210
10/19/2023 10:00,217
10/19/2023 11:00,225
10/19/2023 12:00,228
10/19/2023 13:00,225
10/19/2023 14:00,220
10/19/2023 15:00,218
10/19/2023 16:00,210
10/19/2023 17:00,200
10/19/2023 18:00,195
10/19/2023 19:00,180
10/19/2023 20:00,163
10/19/2023 21:00,160
10/19/2023 22:00,153
10/19/2023 23:00,148
10/20/2023 0:00,140
10/20/2023 1:00,137
10/20/2023 2:00,132
10/20/2023 3:00,140
10/20/2023 4:00,150
10/20/2023 5:00,160
10/20/2023 6:00,170
10/20/2023 7:00,188
10/20/2023 8:00,200
10/20/2023 9:00,193
10/20/2023 10:00,205
10/20/2023 11:00,215
10/20/2023 12:00,218
10/20/2023 13:00,220
10/20/2023 14:00,224
10/20/2023 15:00,221
10/20/2023 16:00,218
10/20/2023 17:00,205
10/20/2023 18:00,195
10/20/2023 19:00,180
10/20/2023 20:00,165
10/20/2023 21:00,165
10/20/2023 22:00,155
10/20/2023 23:00,142
10/21/2023 0:00,140
10/21/2023 1:00,135
10/21/2023 2:00,130
10/21/2023 3:00,143
10/21/2023 4:00,145
10/21/2023 5:00,160
10/21/2023 6:00,165
10/21/2023 7:00,190
10/21/2023 8:00,190
10/21/2023 9:00,197
10/21/2023 10:00,205
10/21/2023 11:00,205
10/21/2023 12:00,210
10/21/2023 13:00,218
10/21/2023 14:00,218
10/21/2023 15:00,215
10/21/2023 16:00,215
10/21/2023 17:00,214
10/21/2023 18:00,205
10/21/2023 19:00,195
10/21/2023 20:00,180
10/21/2023 21:00,170
10/21/2023 22:00,157
10/21/2023 23:00,142
10/22/2023 0:00,150
10/22/2023 1:00,125
10/22/2023 2:00,127
10/22/2023 3:00,132
10/22/2023 4:00,130
10/22/2023 5:00,135
10/22/2023 6:00,155
10/22/2023 7:00,174
10/22/2023 8:00,190
10/22/2023 9:00,195
10/22/2023 10:00,196
10/22/2023 11:00,198
10/22/2023 12:00,203
10/22/2023 13:00,210
10/22/2023 14:00,215
10/22/2023 15:00,219
10/22/2023 16:00,215
10/22/2023 17:00,210
10/22/2023 18:00,215
10/22/2023 19:00,203
10/22/2023 20:00,195
10/22/2023 21:00,183
10/22/2023 22:00,170
10/22/2023 23:00,160
10/23/2023 0:00,155
10/23/2023 1:00,130
10/23/2023 2:00,128
10/23/2023 3:00,130
10/23/2023 4:00,129
10/23/2023 5:00,145
10/23/2023 6:00,158
10/23/2023 7:00,165
10/23/2023 8:00,183
10/23/2023 9:00,185
10/23/2023 10:00,189
10/23/2023 11:00,190
10/23/2023 12:00,187
10/23/2023 13:00,195
10/23/2023 14:00,190
10/23/2023 15:00,205
10/23/2023 16:00,210
10/23/2023 17:00,210
10/23/2023 18:00,205
10/23/2023 19:00,210
10/23/2023 20:00,196
10/23/2023 21:00,190
10/23/2023 22:00,175
10/23/2023 23:00,165
10/24/2023 0:00,135
10/24/2023 1:00,130
10/24/2023 2:00,132
10/24/2023 3:00,130
10/24/2023 4:00,140
10/24/2023 5:00,145
10/24/2023 6:00,153
10/24/2023 7:00,175
10/24/2023 8:00,180
10/24/2023 9:00,184
10/24/2023 10:00,190
10/24/2023 11:00,185
10/24/2023 12:00,185
10/24/2023 13:00,183
10/24/2023 14:00,190
10/24/2023 15:00,195
10/24/2023 16:00,195
10/24/2023 17:00,198
10/24/2023 18:00,210
10/24/2023 19:00,205
10/24/2023 20:00,210
10/24/2023 21:00,200
10/24/2023 22:00,195
10/24/2023 23:00,180
10/25/2023 0:00,160
10/25/2023 1:00,155
10/25/2023 2:00,145
10/25/2023 3:00,142
10/25/2023 4:00,135
10/25/2023 5:00,138
10/25/2023 6:00,150
10/25/2023 7:00,162
10/25/2023 8:00,178
10/25/2023 9:00,188
10/25/2023 10:00,191
10/25/2023 11:00,192
10/25/2023 12:00,183
10/25/2023 13:00,182
10/25/2023 14:00,180
10/25/2023 15:00,185
10/25/2023 16:00,188
10/25/2023 17:00,190
10/25/2023 18:00,195
10/25/2023 19:00,203
10/25/2023 20:00,205
10/25/2023 21:00,202
10/25/2023 22:00,190
10/25/2023 23:00,183
10/26/2023 0:00,170
10/26/2023 1:00,160
10/26/2023 2:00,145
10/26/2023 3:00,147
10/26/2023 4:00,147
10/26/2023 5:00,150
10/26/2023 6:00,167
10/26/2023 7:00,180
10/26/2023 8:00,190
10/26/2023 9:00,195
10/26/2023 10:00,200
10/26/2023 11:00,198
10/26/2023 12:00,190
10/26/2023 13:00,185
10/26/2023 14:00,185
10/26/2023 15:00,180
10/26/2023 16:00,175
10/26/2023 17:00,180
10/26/2023 18:00,186
10/26/2023 19:00,185
10/26/2023 20:00,185
10/26/2023 21:00,190
10/26/2023 22:00,185
10/26/2023 23:00,180
10/27/2023 0:00,176
10/27/2023 1:00,170
10/27/2023 2:00,167
10/27/2023 3:00,155
10/27/2023 4:00,157
10/27/2023 5:00,155
10/27/2023 6:00,160
10/27/2023 7:00,175
10/27/2023 8:00,192
10/27/2023 9:00,200
10/27/2023 10:00,207
10/27/2023 11:00,205
10/27/2023 12:00,200
10/27/2023 13:00,195
10/27/2023 14:00,185
10/27/2023 15:00,180
10/27/2023 16:00,180
10/27/2023 17:00,180
10/27/2023 18:00,172
10/27/2023 19:00,168
10/27/2023 20:00,180
10/27/2023 21:00,178
10/27/2023 22:00,179
10/27/2023 23:00,180
10/28/2023 0:00,170
10/28/2023 1:00,165
10/28/2023 2:00,170
10/28/2023 3:00,165
10/28/2023 4:00,164
10/28/2023 5:00,163
10/28/2023 6:00,177
10/28/2023 7:00,190
10/28/2023 8:00,212
10/28/2023 9:00,219
10/28/2023 10:00,225
10/28/2023 11:00,220
10/28/2023 12:00,214
10/28/2023 13:00,210
10/28/2023 14:00,205
10/28/2023 15:00,195
10/28/2023 16:00,184
10/28/2023 17:00,180
10/28/2023 18:00,170
10/28/2023 19:00,168
10/28/2023 20:00,170
10/28/2023 21:00,171
10/28/2023 22:00,172
10/28/2023 23:00,162
10/29/2023 0:00,162
10/29/2023 1:00,158
10/29/2023 2:00,155
10/29/2023 3:00,165
10/29/2023 4:00,170
10/29/2023 5:00,176
10/29/2023 6:00,180
10/29/2023 7:00,195
10/29/2023 8:00,206
10/29/2023 9:00,223
10/29/2023 10:00,230
10/29/2023 11:00,225
10/29/2023 12:00,220
10/29/2023 13:00,215
10/29/2023 14:00,206
10/29/2023 15:00,196
10/29/2023 16:00,185
10/29/2023 17:00,185
10/29/2023 18:00,170
10/29/2023 19:00,155
10/29/2023 20:00,150
10/29/2023 21:00,150
10/29/2023 22:00,160
10/29/2023 23:00,158
10/30/2023 0:00,150
10/30/2023 1:00,155
10/30/2023 2:00,155
10/30/2023 3:00,160
10/30/2023 4:00,170
10/30/2023 5:00,180
10/30/2023 6:00,191
10/30/2023 7:00,184
10/30/2023 8:00,210
10/30/2023 9:00,223
10/30/2023 10:00,230
10/30/2023 11:00,238
10/30/2023 12:00,230
10/30/2023 13:00,223
10/30/2023 14:00,210
10/30/2023 15:00,198
10/30/2023 16:00,188
10/30/2023 17:00,180
10/30/2023 18:00,165
10/30/2023 19:00,152
10/30/2023 20:00,145
10/30/2023 21:00,142
10/30/2023 22:00,145
10/30/2023 23:00,145
10/31/2023 0:00,145
10/31/2023 1:00,148
10/31/2023 2:00,155
10/31/2023 3:00,157
10/31/2023 4:00,160
10/31/2023 5:00,170
10/31/2023 6:00,177
10/31/2023 7:00,195
10/31/2023 8:00,210
10/31/2023 9:00,218
10/31/2023 10:00,233
10/31/2023 11:00,230
10/31/2023 12:00,230
10/31/2023 13:00,234
10/31/2023 14:00,224
10/31/2023 15:00,210
10/31/2023 16:00,196
10/31/2023 17:00,187
10/31/2023 18:00,176
10/31/2023 19:00,163
10/31/2023 20:00,150
10/31/2023 21:00,148
10/31/2023 22:00,140
10/31/2023 23:00,145
11/1/2023 0:00,140
11/1/2023 1:00,143
11/1/2023 2:00,155
11/1/2023 3:00,160
11/1/2023 4:00,170
11/1/2023 5:00,180
11/1/2023 6:00,193
11/1/2023 7:00,200
11/1/2023 8:00,212
11/1/2023 9:00,210
11/1/2023 10:00,228
11/1/2023 11:00,232
11/1/2023 12:00,238
11/1/2023 13:00,240
11/1/2023 14:00,230
11/1/2023 15:00,222
11/1/2023 16:00,215
11/1/2023 17:00,190
11/1/2023 18:00,178
11/1/2023 19:00,165
11/1/2023 20:00,150
11/1/2023 21:00,145
11/1/2023 22:00,145
11/1/2023 23:00,135
11/2/2023 0:00,130
11/2/2023 1:00,133
11/2/2023 2:00,140
11/2/2023 3:00,145
11/2/2023 4:00,150
11/2/2023 5:00,162
11/2/2023 6:00,175
11/2/2023 7:00,190
11/2/2023 8:00,197
11/2/2023 9:00,202
11/2/2023 10:00,214
11/2/2023 11:00,217
11/2/2023 12:00,223
11/2/2023 13:00,225
11/2/2023 14:00,221
11/2/2023 15:00,222
11/2/2023 16:00,200
11/2/2023 17:00,195
11/2/2023 18:00,181
11/2/2023 19:00,173
11/2/2023 20:00,158
11/2/2023 21:00,155
11/2/2023 22:00,140
11/2/2023 23:00,130
11/3/2023 0:00,128
11/3/2023 1:00,130
11/3/2023 2:00,132
11/3/2023 3:00,147
11/3/2023 4:00,155
11/3/2023 5:00,165
11/3/2023 6:00,182
11/3/2023 7:00,185
11/3/2023 8:00,193
11/3/2023 9:00,207
11/3/2023 10:00,212
11/3/2023 11:00,218
11/3/2023 12:00,223
11/3/2023 13:00,225
11/3/2023 14:00,227
11/3/2023 15:00,222
11/3/2023 16:00,218
11/3/2023 17:00,209
11/3/2023 18:00,200
11/3/2023 19:00,187
11/3/2023 20:00,175
11/3/2023 21:00,162
11/3/2023 22:00,160
11/3/2023 23:00,145
11/4/2023 0:00,138
11/4/2023 1:00,140
11/4/2023 2:00,140
11/4/2023 3:00,140
11/4/2023 4:00,150
11/4/2023 5:00,174
11/4/2023 6:00,183
11/4/2023 7:00,190
11/4/2023 8:00,199
11/4/2023 9:00,200
11/4/2023 10:00,200
11/4/2023 11:00,210
11/4/2023 12:00,212
11/4/2023 13:00,212
11/4/2023 14:00,206
11/4/2023 15:00,206
11/4/2023 16:00,213
11/4/2023 17:00,205
11/4/2023 18:00,195
11/4/2023 19:00,185
11/4/2023 20:00,185
11/4/2023 21:00,170
11/4/2023 22:00,165
11/4/2023 23:00,155
11/5/2023 0:00,143
11/5/2023 1:00,130
11/5/2023 2:00,140
11/5/2023 3:00,135
11/5/2023 4:00,140
11/5/2023 5:00,170
11/5/2023 6:00,180
11/5/2023 7:00,192
11/5/2023 8:00,205
11/5/2023 9:00,205
11/5/2023 10:00,198
11/5/2023 11:00,204
11/5/2023 12:00,204
11/5/2023 13:00,210
11/5/2023 14:00,217
11/5/2023 15:00,215
11/5/2023 16:00,210
11/5/2023 17:00,205
11/5/2023 18:00,200
11/5/2023 19:00,195
11/5/2023 20:00,182
11/5/2023 21:00,170
11/5/2023 22:00,163
11/5/2023 23:00,153
11/6/2023 0:00,146
11/6/2023 1:00,143
11/6/2023 2:00,140
11/6/2023 3:00,140
11/6/2023 4:00,145
11/6/2023 5:00,154
11/6/2023 6:00,170
11/6/2023 7:00,184
11/6/2023 8:00,195
11/6/2023 9:00,200
11/6/2023 10:00,198
11/6/2023 11:00,206
11/6/2023 12:00,197
11/6/2023 13:00,195
11/6/2023 14:00,195
11/6/2023 15:00,200
11/6/2023 16:00,198
11/6/2023 17:00,195
11/6/2023 18:00,190
11/6/2023 19:00,184
11/6/2023 20:00,176
11/6/2023 21:00,180
11/6/2023 22:00,170
11/6/2023 23:00,160
11/7/2023 0:00,150
11/7/2023 1:00,143
11/7/2023 2:00,135
11/7/2023 3:00,143
11/7/2023 4:00,145
11/7/2023 5:00,147
11/7/2023 6:00,170
11/7/2023 7:00,176
11/7/2023 8:00,189
11/7/2023 9:00,200
11/7/2023 10:00,205
11/7/2023 11:00,198
11/7/2023 12:00,195
11/7/2023 13:00,195
11/7/2023 14:00,198
11/7/2023 15:00,200
11/7/2023 16:00,200
11/7/2023 17:00,190
11/7/2023 18:00,190
11/7/2023 19:00,190
11/7/2023 20:00,185
11/7/2023 21:00,183
11/7/2023 22:00,176
11/7/2023 23:00,160
11/8/2023 0:00,155
11/8/2023 1:00,155
11/8/2023 2:00,150
11/8/2023 3:00,143
11/8/2023 4:00,157
11/8/2023 5:00,160
11/8/2023 6:00,173
11/8/2023 7:00,190
11/8/2023 8:00,190
11/8/2023 9:00,193
11/8/2023 10:00,200
11/8/2023 11:00,195
11/8/2023 12:00,188
11/8/2023 13:00,185
11/8/2023 14:00,190
11/8/2023 15:00,185
11/8/2023 16:00,190
11/8/2023 17:00,185
11/8/2023 18:00,180
11/8/2023 19:00,175
11/8/2023 20:00,170
11/8/2023 21:00,172
11/8/2023 22:00,160
11/8/2023 23:00,155
11/9/2023 0:00,150
11/9/2023 1:00,153
11/9/2023 2:00,145
11/9/2023 3:00,150
11/9/2023 4:00,155
11/9/2023 5:00,165
11/9/2023 6:00,170
11/9/2023 7:00,185
11/9/2023 8:00,190
11/9/2023 9:00,200
11/9/2023 10:00,198
11/9/2023 11:00,200
11/9/2023 12:00,188
11/9/2023 13:00,185
11/9/2023 14:00,184
11/9/2023 15:00,187
11/9/2023 16:00,180
11/9/2023 17:00,170
11/9/2023 18:00,167
11/9/2023 19:00,170
11/9/2023 20:00,169
11/9/2023 21:00,160
11/9/2023 22:00,160
11/9/2023 23:00,155
11/10/2023 0:00,157
11/10/2023 1:00,151
11/10/2023 2:00,150
11/10/2023 3:00,150
11/10/2023 4:00,160
11/10/2023 5:00,168
11/10/2023 6:00,175
11/10/2023 7:00,188
11/10/2023 8:00,185
11/10/2023 9:00,195
11/10/2023 10:00,200
11/10/2023 11:00,195
11/10/2023 12:00,195
11/10/2023 13:00,185
11/10/2023 14:00,187
11/10/2023 15:00,185
11/10/2023 16:00,178
11/10/2023 17:00,165
11/10/2023 18:00,160
11/10/2023 19:00,165
11/10/2023 20:00,153
11/10/2023 21:00,158
11/10/2023 22:00,160
11/10/2023 23:00,155
11/11/2023 0:00,155
11/11/2023 1:00,153
11/11/2023 2:00,155
11/11/2023 3:00,160
11/11/2023 4:00,170
11/11/2023 5:00,175
11/11/2023 6:00,190
11/11/2023 7:00,189
11/11/2023 8:00,200
11/11/2023 9:00,202
11/11/2023 10:00,200
11/11/2023 11:00,200
11/11/2023 12:00,195
11/11/2023 13:00,189
11/11/2023 14:00,180
11/11/2023 15:00,182
11/11/2023 16:00,170
11/11/2023 17:00,165
11/11/2023 18:00,155
11/11/2023 19:00,153
11/11/2023 20:00,146
11/11/2023 21:00,150
11/11/2023 22:00,145
11/11/2023 23:00,148
11/12/2023 0:00,150
11/12/2023 1:00,145
11/12/2023 2:00,152
11/12/2023 3:00,170
11/12/2023 4:00,165
11/12/2023 5:00,170
11/12/2023 6:00,190
11/12/2023 7:00,205
11/12/2023 8:00,210
11/12/2023 9:00,210
11/12/2023 10:00,215
11/12/2023 11:00,208
11/12/2023 12:00,205
11/12/2023 13:00,200
11/12/2023 14:00,191
11/12/2023 15:00,175
11/12/2023 16:00,165
11/12/2023 17:00,160
11/12/2023 18:00,155
11/12/2023 19:00,153
11/12/2023 20:00,157
11/12/2023 21:00,155
11/12/2023 22:00,157
11/12/2023 23:00,160
11/13/2023 0:00,155
11/13/2023 1:00,162
11/13/2023 2:00,165
11/13/2023 3:00,165
11/13/2023 4:00,180
11/13/2023 5:00,180
11/13/2023 6:00,202
11/13/2023 7:00,202
11/13/2023 8:00,215
11/13/2023 9:00,220
11/13/2023 10:00,220
11/13/2023 11:00,215
11/13/2023 12:00,210
11/13/2023 13:00,204
11/13/2023 14:00,195
11/13/2023 15:00,178
11/13/2023 16:00,168
11/13/2023 17:00,155
11/13/2023 18:00,148
11/13/2023 19:00,143
11/13/2023 20:00,159
11/13/2023 21:00,145
11/13/2023 22:00,145
11/13/2023 23:00,149
11/14/2023 0:00,153
11/14/2023 1:00,157
11/14/2023 2:00,165
11/14/2023 3:00,162
11/14/2023 4:00,170
11/14/2023 5:00,180
11/14/2023 6:00,195
11/14/2023 7:00,205
11/14/2023 8:00,210
11/14/2023 9:00,222
11/14/2023 10:00,230
11/14/2023 11:00,225
11/14/2023 12:00,227
11/14/2023 13:00,220
11/14/2023 14:00,196
11/14/2023 15:00,185
11/14/2023 16:00,172
11/14/2023 17:00,165
11/14/2023 18:00,150
11/14/2023 19:00,145
11/14/2023 20:00,145
11/14/2023 21:00,140
11/14/2023 22:00,136
11/14/2023 23:00,130
11/15/2023 0:00,140
11/15/2023 1:00,144
11/15/2023 2:00,150
11/15/2023 3:00,160
11/15/2023 4:00,155
11/15/2023 5:00,178
11/15/2023 6:00,195
11/15/2023 7:00,205
11/15/2023 8:00,210
11/15/2023 9:00,225
11/15/2023 10:00,225
11/15/2023 11:00,230
11/15/2023 12:00,222
11/15/2023 13:00,218
11/15/2023 14:00,208
11/15/2023 15:00,188
11/15/2023 16:00,188
11/15/2023 17:00,157
11/15/2023 18:00,150
11/15/2023 19:00,136
11/15/2023 20:00,130
11/15/2023 21:00,130
11/15/2023 22:00,128
11/15/2023 23:00,125
11/16/2023 0:00,130
11/16/2023 1:00,140
11/16/2023 2:00,145
11/16/2023 3:00,148
11/16/2023 4:00,158
11/16/2023 5:00,165
11/16/2023 6:00,180
11/16/2023 7:00,200
11/16/2023 8:00,199
11/16/2023 9:00,214
11/16/2023 10:00,225
11/16/2023 11:00,227
11/16/2023 12:00,230
11/16/2023 13:00,222
11/16/2023 14:00,215
11/16/2023 15:00,205
11/16/2023 16:00,185
11/16/2023 17:00,170
11/16/2023 18:00,160
11/16/2023 19:00,140
11/16/2023 20:00,140
11/16/2023 21:00,130
11/16/2023 22:00,128
11/16/2023 23:00,130
11/17/2023 0:00,135
11/17/2023 1:00,135
11/17/2023 2:00,135
11/17/2023 3:00,135
11/17/2023 4:00,150
11/17/2023 5:00,160
11/17/2023 6:00,185
11/17/2023 7:00,195
11/17/2023 8:00,205
11/17/2023 9:00,215
11/17/2023 10:00,220
11/17/2023 11:00,230
11/17/2023 12:00,230
11/17/2023 13:00,230
11/17/2023 14:00,225
11/17/2023 15:00,210
11/17/2023 16:00,205
11/17/2023 17:00,180
11/17/2023 18:00,170
11/17/2023 19:00,150
11/17/2023 20:00,145
11/17/2023 21:00,137
11/17/2023 22:00,134
11/17/2023 23:00,130
11/18/2023 0:00,128
11/18/2023 1:00,130
11/18/2023 2:00,130
11/18/2023 3:00,145
11/18/2023 4:00,150
11/18/2023 5:00,155
11/18/2023 6:00,170
11/18/2023 7:00,183
11/18/2023 8:00,208
11/18/2023 9:00,210
11/18/2023 10:00,212
11/18/2023 11:00,225
11/18/2023 12:00,225
11/18/2023 13:00,225
11/18/2023 14:00,220
11/18/2023 15:00,210
11/18/2023 16:00,208
11/18/2023 17:00,193
11/18/2023 18:00,180
11/18/2023 19:00,168
11/18/2023 20:00,160
11/18/2023 21:00,148
11/18/2023 22:00,140
11/18/2023 23:00,134
11/19/2023 0:00,130
11/19/2023 1:00,130
11/19/2023 2:00,128
11/19/2023 3:00,138
11/19/2023 4:00,157
11/19/2023 5:00,165
11/19/2023 6:00,168
11/19/2023 7:00,180
11/19/2023 8:00,194
11/19/2023 9:00,200
11/19/2023 10:00,198
11/19/2023 11:00,213
11/19/2023 12:00,208
11/19/2023 13:00,220
11/19/2023 14:00,217
11/19/2023 15:00,213
11/19/2023 16:00,213
11/19/2023 17:00,196
11/19/2023 18:00,190
11/19/2023 19:00,176
11/19/2023 20:00,166
11/19/2023 21:00,160
11/19/2023 22:00,148
11/19/2023 23:00,136
11/20/2023 0:00,136
11/20/2023 1:00,135
11/20/2023 2:00,135
11/20/2023 3:00,142
11/20/2023 4:00,145
11/20/2023 5:00,160
11/20/2023 6:00,169
11/20/2023 7:00,170
11/20/2023 8:00,185
11/20/2023 9:00,190
11/20/2023 10:00,193
11/20/2023 11:00,198
11/20/2023 12:00,200
11/20/2023 13:00,205
11/20/2023 14:00,210
11/20/2023 15:00,210
11/20/2023 16:00,210
11/20/2023 17:00,205
11/20/2023 18:00,200
11/20/2023 19:00,185
11/20/2023 20:00,175
11/20/2023 21:00,165
11/20/2023 22:00,155
11/20/2023 23:00,150
11/21/2023 0:00,132
11/21/2023 1:00,130
11/21/2023 2:00,133
11/21/2023 3:00,139
11/21/2023 4:00,144
11/21/2023 5:00,155
11/21/2023 6:00,175
11/21/2023 7:00,180
11/21/2023 8:00,191
11/21/2023 9:00,195
11/21/2023 10:00,198
11/21/2023 11:00,195
11/21/2023 12:00,200
11/21/2023 13:00,200
11/21/2023 14:00,202
11/21/2023 15:00,209
11/21/2023 16:00,213
11/21/2023 17:00,203
11/21/2023 18:00,212
11/21/2023 19:00,203
11/21/2023 20:00,194
11/21/2023 21:00,180
11/21/2023 22:00,173
11/21/2023 23:00,164
11/22/2023 0:00,160
11/22/2023 1:00,160
11/22/2023 2:00,145
11/22/2023 3:00,150
11/22/2023 4:00,153
11/22/2023 5:00,165
11/22/2023 6:00,177
11/22/2023 7:00,190
11/22/2023 8:00,199
11/22/2023 9:00,195
11/22/2023 10:00,200
11/22/2023 11:00,202
11/22/2023 12:00,195
11/22/2023 13:00,195
11/22/2023 14:00,202
11/22/2023 15:00,192
11/22/2023 16:00,205
11/22/2023 17:00,210
11/22/2023 18:00,198
11/22/2023 19:00,189
11/22/2023 20:00,183
11/22/2023 21:00,178
11/22/2023 22:00,170
11/22/2023 23:00,168
11/23/2023 0:00,165
11/23/2023 1:00,160
11/23/2023 2:00,155
11/23/2023 3:00,158
11/23/2023 4:00,170
11/23/2023 5:00,180
11/23/2023 6:00,190
11/23/2023 7:00,200
11/23/2023 8:00,210
11/23/2023 9:00,200
11/23/2023 10:00,210
11/23/2023 11:00,210
11/23/2023 12:00,193
11/23/2023 13:00,185
11/23/2023 14:00,195
11/23/2023 15:00,190
11/23/2023 16:00,185
11/23/2023 17:00,178
11/23/2023 18:00,178
11/23/2023 19:00,175
11/23/2023 20:00,170
11/23/2023 21:00,170
11/23/2023 22:00,164
11/23/2023 23:00,160
11/24/2023 0:00,155
11/24/2023 1:00,150
11/24/2023 2:00,145
11/24/2023 3:00,160
11/24/2023 4:00,162
11/24/2023 5:00,178
11/24/2023 6:00,190
11/24/2023 7:00,210
11/24/2023 8:00,210
11/24/2023 9:00,218
11/24/2023 10:00,218
11/24/2023 11:00,210
11/24/2023 12:00,205
11/24/2023 13:00,200
11/24/2023 14:00,188
11/24/2023 15:00,182
11/24/2023 16:00,178
11/24/2023 17:00,180
11/24/2023 18:00,170
11/24/2023 19:00,168
11/24/2023 20:00,160
11/24/2023 21:00,165
11/24/2023 22:00,160
11/24/2023 23:00,168
11/25/2023 0:00,158
11/25/2023 1:00,167
11/25/2023 2:00,170
11/25/2023 3:00,166
11/25/2023 4:00,186
11/25/2023 5:00,188
11/25/2023 6:00,205
11/25/2023 7:00,205
11/25/2023 8:00,240
11/25/2023 9:00,228
11/25/2023 10:00,235
11/25/2023 11:00,234
11/25/2023 12:00,218
11/25/2023 13:00,205
11/25/2023 14:00,190
11/25/2023 15:00,170
11/25/2023 16:00,160
11/25/2023 17:00,145
11/25/2023 18:00,142
11/25/2023 19:00,140
11/25/2023 20:00,136
11/25/2023 21:00,140
11/25/2023 22:00,145
11/25/2023 23:00,149
11/26/2023 0:00,150
11/26/2023 1:00,154
11/26/2023 2:00,155
11/26/2023 3:00,163
11/26/2023 4:00,170
11/26/2023 5:00,190
11/26/2023 6:00,195
11/26/2023 7:00,215
11/26/2023 8:00,220
11/26/2023 9:00,220
11/26/2023 10:00,225
11/26/2023 11:00,215
11/26/2023 12:00,202
11/26/2023 13:00,190
11/26/2023 14:00,178
11/26/2023 15:00,163
11/26/2023 16:00,152
11/26/2023 17:00,140
11/26/2023 18:00,140
11/26/2023 19:00,130
11/26/2023 20:00,130
11/26/2023 21:00,137
11/26/2023 22:00,135
11/26/2023 23:00,138
11/27/2023 0:00,132
11/27/2023 1:00,144
11/27/2023 2:00,142
11/27/2023 3:00,165
11/27/2023 4:00,178
11/27/2023 5:00,187
11/27/2023 6:00,205
11/27/2023 7:00,215
11/27/2023 8:00,230
11/27/2023 9:00,240
11/27/2023 10:00,240
11/27/2023 11:00,230
11/27/2023 12:00,220
11/27/2023 13:00,211
11/27/2023 14:00,190
11/27/2023 15:00,170
11/27/2023 16:00,160
11/27/2023 17:00,145
11/27/2023 18:00,138
11/27/2023 19:00,135
11/27/2023 20:00,133
11/27/2023 21:00,133
11/27/2023 22:00,140
11/27/2023 23:00,138
11/28/2023 0:00,145
11/28/2023 1:00,148
11/28/2023 2:00,155
11/28/2023 3:00,160
11/28/2023 4:00,174
11/28/2023 5:00,180
11/28/2023 6:00,200
11/28/2023 7:00,209
11/28/2023 8:00,215
11/28/2023 9:00,228
11/28/2023 10:00,230
11/28/2023 11:00,228
11/28/2023 12:00,220
11/28/2023 13:00,205
11/28/2023 14:00,193
11/28/2023 15:00,180
11/28/2023 16:00,165
11/28/2023 17:00,148
11/28/2023 18:00,145
11/28/2023 19:00,135
11/28/2023 20:00,125
11/28/2023 21:00,130
11/28/2023 22:00,130
11/28/2023 23:00,130
11/29/2023 0:00,140
11/29/2023 1:00,130
11/29/2023 2:00,140
11/29/2023 3:00,150
11/29/2023 4:00,160
11/29/2023 5:00,180
11/29/2023 6:00,185
11/29/2023 7:00,205
11/29/2023 8:00,205
11/29/2023 9:00,225
11/29/2023 10:00,235
11/29/2023 11:00,240
11/29/2023 12:00,235
11/29/2023 13:00,230
11/29/2023 14:00,212
11/29/2023 15:00,197
11/29/2023 16:00,180
11/29/2023 17:00,163
11/29/2023 18:00,145
11/29/2023 19:00,140
11/29/2023 20:00,135
11/29/2023 21:00,122
11/29/2023 22:00,124
11/29/2023 23:00,125
11/30/2023 0:00,132
11/30/2023 1:00,135
11/30/2023 2:00,140
11/30/2023 3:00,145
11/30/2023 4:00,160
11/30/2023 5:00,170
11/30/2023 6:00,190
11/30/2023 7:00,228
11/30/2023 8:00,220
11/30/2023 9:00,228
11/30/2023 10:00,231
11/30/2023 11:00,223
11/30/2023 12:00,210
11/30/2023 13:00,210
11/30/2023 14:00,210
11/30/2023 15:00,208
11/30/2023 16:00,190
11/30/2023 17:00,178
11/30/2023 18:00,165
11/30/2023 19:00,155
11/30/2023 20:00,153
11/30/2023 21:00,140
11/30/2023 22:00,145
11/30/2023 23:00,150
12/1/2023 0:00,130
12/1/2023 1:00,140
12/1/2023 2:00,145
12/1/2023 3:00,156
12/1/2023 4:00,165
12/1/2023 5:00,168
12/1/2023 6:00,188
12/1/2023 7:00,190
12/1/2023 8:00,195
12/1/2023 9:00,195
12/1/2023 10:00,220
12/1/2023 11:00,220
12/1/2023 12:00,226
12/1/2023 13:00,215
12/1/2023 14:00,210
12/1/2023 15:00,203
12/1/2023 16:00,185
12/1/2023 17:00,175
12/1/2023 18:00,160
12/1/2023 19:00,150
12/1/2023 20:00,140
12/1/2023 21:00,130
12/1/2023 22:00,125
12/1/2023 23:00,125
12/2/2023 0:00,128
12/2/2023 1:00,125
12/2/2023 2:00,135
12/2/2023 3:00,140
12/2/2023 4:00,150
12/2/2023 5:00,159
12/2/2023 6:00,175
12/2/2023 7:00,188
12/2/2023 8:00,185
12/2/2023 9:00,193
12/2/2023 10:00,200
12/2/2023 11:00,203
12/2/2023 12:00,210
12/2/2023 13:00,215
12/2/2023 14:00,208
12/2/2023 15:00,198
12/2/2023 16:00,190
12/2/2023 17:00,178
12/2/2023 18:00,170
12/2/2023 19:00,157
12/2/2023 20:00,150
12/2/2023 21:00,145
12/2/2023 22:00,140
12/2/2023 23:00,135
12/3/2023 0:00,132
12/3/2023 1:00,135
12/3/2023 2:00,140
12/3/2023 3:00,152
12/3/2023 4:00,155
12/3/2023 5:00,164
12/3/2023 6:00,175
12/3/2023 7:00,195
12/3/2023 8:00,208
12/3/2023 9:00,210
12/3/2023 10:00,220
12/3/2023 11:00,220
12/3/2023 12:00,223
12/3/2023 13:00,220
12/3/2023 14:00,225
12/3/2023 15:00,210
12/3/2023 16:00,207
12/3/2023 17:00,196
12/3/2023 18:00,183
12/3/2023 19:00,172
12/3/2023 20:00,168
12/3/2023 21:00,158
12/3/2023 22:00,142
12/3/2023 23:00,142
12/4/2023 0:00,135
12/4/2023 1:00,140
12/4/2023 2:00,150
12/4/2023 3:00,150
12/4/2023 4:00,160
12/4/2023 5:00,170
12/4/2023 6:00,190
12/4/2023 7:00,188
12/4/2023 8:00,189
12/4/2023 9:00,200
12/4/2023 10:00,195
12/4/2023 11:00,185
12/4/2023 12:00,185
12/4/2023 13:00,195
12/4/2023 14:00,196
12/4/2023 15:00,205
12/4/2023 16:00,195
12/4/2023 17:00,187
12/4/2023 18:00,174
12/4/2023 19:00,170
12/4/2023 20:00,160
12/4/2023 21:00,160
12/4/2023 22:00,150
12/4/2023 23:00,140
12/5/2023 0:00,135
12/5/2023 1:00,140
12/5/2023 2:00,140
12/5/2023 3:00,143
12/5/2023 4:00,160
12/5/2023 5:00,165
12/5/2023 6:00,175
12/5/2023 7:00,180
12/5/2023 8:00,187
12/5/2023 9:00,200
12/5/2023 10:00,198
12/5/2023 11:00,197
12/5/2023 12:00,195
12/5/2023 13:00,198
12/5/2023 14:00,196
12/5/2023 15:00,197
12/5/2023 16:00,195
12/5/2023 17:00,190
12/5/2023 18:00,180
12/5/2023 19:00,168
12/5/2023 20:00,175
12/5/2023 21:00,160
12/5/2023 22:00,158
12/5/2023 23:00,145
12/6/2023 0:00,140
12/6/2023 1:00,140
12/6/2023 2:00,143
12/6/2023 3:00,145
12/6/2023 4:00,155
12/6/2023 5:00,168
12/6/2023 6:00,184
12/6/2023 7:00,190
12/6/2023 8:00,200
12/6/2023 9:00,200
12/6/2023 10:00,208
12/6/2023 11:00,205
12/6/2023 12:00,200
12/6/2023 13:00,200
12/6/2023 14:00,196
12/6/2023 15:00,186
12/6/2023 16:00,184
12/6/2023 17:00,176
12/6/2023 18:00,176
12/6/2023 19:00,178
12/6/2023 20:00,164
12/6/2023 21:00,163
12/6/2023 22:00,160
12/6/2023 23:00,155
12/7/2023 0:00,152
12/7/2023 1:00,150
12/7/2023 2:00,150
12/7/2023 3:00,164
12/7/2023 4:00,165
12/7/2023 5:00,184
12/7/2023 6:00,200
12/7/2023 7:00,208
12/7/2023 8:00,207
12/7/2023 9:00,195
12/7/2023 10:00,187
12/7/2023 11:00,185
12/7/2023 12:00,200
12/7/2023 13:00,190
12/7/2023 14:00,176
12/7/2023 15:00,173
12/7/2023 16:00,170
12/7/2023 17:00,165
12/7/2023 18:00,160
12/7/2023 19:00,165
12/7/2023 20:00,162
12/7/2023 21:00,145
12/7/2023 22:00,150
12/7/2023 23:00,160
12/8/2023 0:00,150
12/8/2023 1:00,150
12/8/2023 2:00,150
12/8/2023 3:00,160
12/8/2023 4:00,162
12/8/2023 5:00,170
12/8/2023 6:00,175
12/8/2023 7:00,190
12/8/2023 8:00,190
12/8/2023 9:00,190
12/8/2023 10:00,185
12/8/2023 11:00,190
12/8/2023 12:00,195
12/8/2023 13:00,175
12/8/2023 14:00,175
12/8/2023 15:00,165
12/8/2023 16:00,163
12/8/2023 17:00,152
12/8/2023 18:00,150
12/8/2023 19:00,145
12/8/2023 20:00,150
12/8/2023 21:00,145
12/8/2023 22:00,150
12/8/2023 23:00,155
12/9/2023 0:00,156
12/9/2023 1:00,155
12/9/2023 2:00,165
12/9/2023 3:00,160
12/9/2023 4:00,165
12/9/2023 5:00,177
12/9/2023 6:00,187
12/9/2023 7:00,203
12/9/2023 8:00,215
12/9/2023 9:00,217
12/9/2023 10:00,207
12/9/2023 11:00,195
12/9/2023 12:00,192
12/9/2023 13:00,180
12/9/2023 14:00,172
12/9/2023 15:00,166
12/9/2023 16:00,152
12/9/2023 17:00,150
12/9/2023 18:00,148
12/9/2023 19:00,148
12/9/2023 20:00,140
12/9/2023 21:00,150
12/9/2023 22:00,150
12/9/2023 23:00,150
12/10/2023 0:00,156
12/10/2023 1:00,165
12/10/2023 2:00,167
12/10/2023 3:00,170
12/10/2023 4:00,183
12/10/2023 5:00,188
12/10/2023 6:00,193
12/10/2023 7:00,209
12/10/2023 8:00,212
12/10/2023 9:00,205
12/10/2023 10:00,197
12/10/2023 11:00,195
12/10/2023 12:00,184
12/10/2023 13:00,180
12/10/2023 14:00,175
12/10/2023 15:00,165
12/10/2023 16:00,153
12/10/2023 17:00,155
12/10/2023 18:00,145
12/10/2023 19:00,138
12/10/2023 20:00,140
12/10/2023 21:00,140
12/10/2023 22:00,142
12/10/2023 23:00,153
12/11/2023 0:00,155
12/11/2023 1:00,160
12/11/2023 2:00,160
12/11/2023 3:00,165
12/11/2023 4:00,170
12/11/2023 5:00,185
12/11/2023 6:00,199
12/11/2023 7:00,220
12/11/2023 8:00,216
12/11/2023 9:00,218
12/11/2023 10:00,210
12/11/2023 11:00,216
12/11/2023 12:00,196
12/11/2023 13:00,185
12/11/2023 14:00,175
12/11/2023 15:00,155
12/11/2023 16:00,148
12/11/2023 17:00,148
12/11/2023 18:00,130
12/11/2023 19:00,132
12/11/2023 20:00,135
12/11/2023 21:00,130
12/11/2023 22:00,140
12/11/2023 23:00,140
12/12/2023 0:00,147
12/12/2023 1:00,155
12/12/2023 2:00,167
12/12/2023 3:00,174
12/12/2023 4:00,184
12/12/2023 5:00,190
12/12/2023 6:00,212
12/12/2023 7:00,218
12/12/2023 8:00,228
12/12/2023 9:00,225
12/12/2023 10:00,220
12/12/2023 11:00,215
12/12/2023 12:00,206
12/12/2023 13:00,200
12/12/2023 14:00,177
12/12/2023 15:00,170
12/12/2023 16:00,153
12/12/2023 17:00,135
12/12/2023 18:00,130
12/12/2023 19:00,135
12/12/2023 20:00,130
12/12/2023 21:00,130
12/12/2023 22:00,135
12/12/2023 23:00,140
12/13/2023 0:00,148
12/13/2023 1:00,159
12/13/2023 2:00,160
12/13/2023 3:00,168
12/13/2023 4:00,178
12/13/2023 5:00,188
12/13/2023 6:00,203
12/13/2023 7:00,205
12/13/2023 8:00,210
12/13/2023 9:00,225
12/13/2023 10:00,226
12/13/2023 11:00,225
12/13/2023 12:00,215
12/13/2023 13:00,203
12/13/2023 14:00,180
12/13/2023 15:00,168
12/13/2023 16:00,150
12/13/2023 17:00,140
12/13/2023 18:00,130
12/13/2023 19:00,130
12/13/2023 20:00,123
12/13/2023 21:00,120
12/13/2023 22:00,123
12/13/2023 23:00,125
12/14/2023 0:00,130
12/14/2023 1:00,142
12/14/2023 2:00,145
12/14/2023 3:00,160
12/14/2023 4:00,150
12/14/2023 5:00,178
12/14/2023 6:00,190
12/14/2023 7:00,200
12/14/2023 8:00,215
12/14/2023 9:00,235
12/14/2023 10:00,230
12/14/2023 11:00,230
12/14/2023 12:00,230
12/14/2023 13:00,210
12/14/2023 14:00,200
12/14/2023 15:00,185
12/14/2023 16:00,165
12/14/2023 17:00,145
12/14/2023 18:00,130
12/14/2023 19:00,125
12/14/2023 20:00,125
12/14/2023 21:00,120
12/14/2023 22:00,120
12/14/2023 23:00,120
12/15/2023 0:00,130
12/15/2023 1:00,132
12/15/2023 2:00,140
12/15/2023 3:00,142
12/15/2023 4:00,155
12/15/2023 5:00,168
12/15/2023 6:00,173
12/15/2023 7:00,193
12/15/2023 8:00,203
12/15/2023 9:00,225
12/15/2023 10:00,228
12/15/2023 11:00,233
12/15/2023 12:00,228
12/15/2023 13:00,225
12/15/2023 14:00,215
12/15/2023 15:00,197
12/15/2023 16:00,176
12/15/2023 17:00,165
12/15/2023 18:00,143
12/15/2023 19:00,135
12/15/2023 20:00,133
12/15/2023 21:00,121
12/15/2023 22:00,120
12/15/2023 23:00,120
12/16/2023 0:00,123
12/16/2023 1:00,132
12/16/2023 2:00,145
12/16/2023 3:00,150
12/16/2023 4:00,158
12/16/2023 5:00,165
12/16/2023 6:00,175
12/16/2023 7:00,185
12/16/2023 8:00,200
12/16/2023 9:00,215
12/16/2023 10:00,227
12/16/2023 11:00,228
12/16/2023 12:00,235
12/16/2023 13:00,230
12/16/2023 14:00,225
12/16/2023 15:00,205
12/16/2023 16:00,200
12/16/2023 17:00,176
12/16/2023 18:00,160
12/16/2023 19:00,168
12/16/2023 20:00,140
12/16/2023 21:00,130
12/16/2023 22:00,127
12/16/2023 23:00,130
12/17/2023 0:00,122
12/17/2023 1:00,130
12/17/2023 2:00,138
12/17/2023 3:00,147
12/17/2023 4:00,155
12/17/2023 5:00,160
12/17/2023 6:00,175
12/17/2023 7:00,172
12/17/2023 8:00,215
12/17/2023 9:00,204
12/17/2023 10:00,215
12/17/2023 11:00,218
12/17/2023 12:00,225
12/17/2023 13:00,230
12/17/2023 14:00,227
12/17/2023 15:00,215
12/17/2023 16:00,203
12/17/2023 17:00,185
12/17/2023 18:00,172
12/17/2023 19:00,150
12/17/2023 20:00,148
12/17/2023 21:00,145
12/17/2023 22:00,130
12/17/2023 23:00,128
12/18/2023 0:00,130
12/18/2023 1:00,125
12/18/2023 2:00,132
12/18/2023 3:00,140
12/18/2023 4:00,152
12/18/2023 5:00,160
12/18/2023 6:00,166
12/18/2023 7:00,183
12/18/2023 8:00,195
12/18/2023 9:00,198
12/18/2023 10:00,205
12/18/2023 11:00,200
12/18/2023 12:00,217
12/18/2023 13:00,220
12/18/2023 14:00,215
12/18/2023 15:00,218
12/18/2023 16:00,205
12/18/2023 17:00,198
12/18/2023 18:00,183
12/18/2023 19:00,170
12/18/2023 20:00,155
12/18/2023 21:00,148
12/18/2023 22:00,135
12/18/2023 23:00,140
12/19/2023 0:00,141
12/19/2023 1:00,147
12/19/2023 2:00,147
12/19/2023 3:00,155
12/19/2023 4:00,165
12/19/2023 5:00,180
12/19/2023 6:00,184
12/19/2023 7:00,192
12/19/2023 8:00,198
12/19/2023 9:00,201
12/19/2023 10:00,202
12/19/2023 11:00,202
12/19/2023 12:00,210
12/19/2023 13:00,202
12/19/2023 14:00,210
12/19/2023 15:00,201
12/19/2023 16:00,200
12/19/2023 17:00,185
12/19/2023 18:00,187
12/19/2023 19:00,174
12/19/2023 20:00,170
12/19/2023 21:00,150
12/19/2023 22:00,140
12/19/2023 23:00,140
12/20/2023 0:00,140
12/20/2023 1:00,140
12/20/2023 2:00,150
12/20/2023 3:00,155
12/20/2023 4:00,165
12/20/2023 5:00,175
12/20/2023 6:00,188
12/20/2023 7:00,190
12/20/2023 8:00,190
12/20/2023 9:00,200
12/20/2023 10:00,190
12/20/2023 11:00,181
12/20/2023 12:00,180
12/20/2023 13:00,178
12/20/2023 14:00,180
12/20/2023 15:00,190
12/20/2023 16:00,180
12/20/2023 17:00,172
12/20/2023 18:00,175
12/20/2023 19:00,163
12/20/2023 20:00,164
12/20/2023 21:00,160
12/20/2023 22:00,154
12/20/2023 23:00,150
12/21/2023 0:00,155
12/21/2023 1:00,160
12/21/2023 2:00,165
12/21/2023 3:00,170
12/21/2023 4:00,175
12/21/2023 5:00,180
12/21/2023 6:00,202
12/21/2023 7:00,210
12/21/2023 8:00,220
12/21/2023 9:00,220
12/21/2023 10:00,220
12/21/2023 11:00,220
12/21/2023 12:00,205
12/21/2023 13:00,203
12/21/2023 14:00,195
12/21/2023 15:00,185
12/21/2023 16:00,177
12/21/2023 17:00,174
12/21/2023 18:00,168
12/21/2023 19:00,170
12/21/2023 20:00,165
12/21/2023 21:00,159
12/21/2023 22:00,162
12/21/2023 23:00,165
12/22/2023 0:00,170
12/22/2023 1:00,173
12/22/2023 2:00,175
12/22/2023 3:00,180
12/22/2023 4:00,192
12/22/2023 5:00,204
12/22/2023 6:00,212
12/22/2023 7:00,220
12/22/2023 8:00,220
12/22/2023 9:00,220
12/22/2023 10:00,215
12/22/2023 11:00,213
12/22/2023 12:00,196
12/22/2023 13:00,190
12/22/2023 14:00,177
12/22/2023 15:00,177
12/22/2023 16:00,160
12/22/2023 17:00,155
12/22/2023 18:00,160
12/22/2023 19:00,152
12/22/2023 20:00,150
12/22/2023 21:00,160
12/22/2023 22:00,160
12/22/2023 23:00,166
12/23/2023 0:00,165
12/23/2023 1:00,168
12/23/2023 2:00,168
12/23/2023 3:00,185
12/23/2023 4:00,198
12/23/2023 5:00,202
12/23/2023 6:00,218
12/23/2023 7:00,230
12/23/2023 8:00,225
12/23/2023 9:00,223
12/23/2023 10:00,223
12/23/2023 11:00,220
12/23/2023 12:00,203
12/23/2023 13:00,190
12/23/2023 14:00,170
12/23/2023 15:00,155
12/23/2023 16:00,145
12/23/2023 17:00,135
12/23/2023 18:00,135
12/23/2023 19:00,135
12/23/2023 20:00,140
12/23/2023 21:00,143
12/23/2023 22:00,145
12/23/2023 23:00,150
12/24/2023 0:00,160
12/24/2023 1:00,172
12/24/2023 2:00,170
12/24/2023 3:00,178
12/24/2023 4:00,187
12/24/2023 5:00,198
12/24/2023 6:00,212
12/24/2023 7:00,228
12/24/2023 8:00,233
12/24/2023 9:00,230
12/24/2023 10:00,230
12/24/2023 11:00,219
12/24/2023 12:00,205
12/24/2023 13:00,195
12/24/2023 14:00,182
12/24/2023 15:00,160
12/24/2023 16:00,145
12/24/2023 17:00,140
12/24/2023 18:00,135
12/24/2023 19:00,136
12/24/2023 20:00,136
12/24/2023 21:00,140
12/24/2023 22:00,143
12/24/2023 23:00,150
12/25/2023 0:00,159
12/25/2023 1:00,168
12/25/2023 2:00,174
12/25/2023 3:00,190
12/25/2023 4:00,198
12/25/2023 5:00,215
12/25/2023 6:00,225
12/25/2023 7:00,237
12/25/2023 8:00,237
12/25/2023 9:00,240
12/25/2023 10:00,238
12/25/2023 11:00,225
12/25/2023 12:00,220
12/25/2023 13:00,205
12/25/2023 14:00,185
12/25/2023 15:00,170
12/25/2023 16:00,154
12/25/2023 17:00,143
12/25/2023 18:00,140
12/25/2023 19:00,133
12/25/2023 20:00,137
12/25/2023 21:00,140
12/25/2023 22:00,143
12/25/2023 23:00,147
12/26/2023 0:00,150
12/26/2023 1:00,175
12/26/2023 2:00,172
12/26/2023 3:00,180
12/26/2023 4:00,185
12/26/2023 5:00,200
12/26/2023 6:00,218
12/26/2023 7:00,230
12/26/2023 8:00,230
12/26/2023 9:00,235
12/26/2023 10:00,236
12/26/2023 11:00,230
12/26/2023 12:00,210
12/26/2023 13:00,198
12/26/2023 14:00,180
12/26/2023 15:00,170
12/26/2023 16:00,150
12/26/2023 17:00,135
12/26/2023 18:00,130
12/26/2023 19:00,125
12/26/2023 20:00,130
12/26/2023 21:00,130
12/26/2023 22:00,135
12/26/2023 23:00,145
12/27/2023 0:00,147
12/27/2023 1:00,155
12/27/2023 2:00,160
12/27/2023 3:00,174
12/27/2023 4:00,180
12/27/2023 5:00,196
12/27/2023 6:00,202
12/27/2023 7:00,220
12/27/2023 8:00,232
12/27/2023 9:00,235
12/27/2023 10:00,235
12/27/2023 11:00,232
12/27/2023 12:00,225
12/27/2023 13:00,210
12/27/2023 14:00,195
12/27/2023 15:00,170
12/27/2023 16:00,161
12/27/2023 17:00,148
12/27/2023 18:00,137
12/27/2023 19:00,135
12/27/2023 20:00,135
12/27/2023 21:00,130
12/27/2023 22:00,133
12/27/2023 23:00,138
12/28/2023 0:00,143
12/28/2023 1:00,150
12/28/2023 2:00,158
12/28/2023 3:00,165
12/28/2023 4:00,168
12/28/2023 5:00,178
12/28/2023 6:00,195
12/28/2023 7:00,205
12/28/2023 8:00,216
12/28/2023 9:00,230
12/28/2023 10:00,230
12/28/2023 11:00,227
12/28/2023 12:00,223
12/28/2023 13:00,210
12/28/2023 14:00,201
12/28/2023 15:00,182
12/28/2023 16:00,165
12/28/2023 17:00,155
12/28/2023 18:00,142
12/28/2023 19:00,130
12/28/2023 20:00,130
12/28/2023 21:00,130
12/28/2023 22:00,130
12/28/2023 23:00,142
12/29/2023 0:00,143
12/29/2023 1:00,165
12/29/2023 2:00,160
12/29/2023 3:00,165
12/29/2023 4:00,170
12/29/2023 5:00,186
12/29/2023 6:00,195
12/29/2023 7:00,204
12/29/2023 8:00,215
12/29/2023 9:00,217
12/29/2023 10:00,235
12/29/2023 11:00,230
12/29/2023 12:00,235
12/29/2023 13:00,225
12/29/2023 14:00,207
12/29/2023 15:00,195
12/29/2023 16:00,180
12/29/2023 17:00,165
12/29/2023 18:00,148
12/29/2023 19:00,150
12/29/2023 20:00,138
12/29/2023 21:00,138
12/29/2023 22:00,143
12/29/2023 23:00,140
12/30/2023 0:00,142
12/30/2023 1:00,160
12/30/2023 2:00,170
12/30/2023 3:00,168
12/30/2023 4:00,180
12/30/2023 5:00,185
12/30/2023 6:00,195
12/30/2023 7:00,205
12/30/2023 8:00,210
12/30/2023 9:00,218
12/30/2023 10:00,225
12/30/2023 11:00,223
12/30/2023 12:00,218
12/30/2023 13:00,225
12/30/2023 14:00,215
12/30/2023 15:00,205
12/30/2023 16:00,185
12/30/2023 17:00,173
12/30/2023 18:00,170
12/30/2023 19:00,155
12/30/2023 20:00,140
12/30/2023 21:00,137
12/30/2023 22:00,140
12/30/2023 23:00,140
12/31/2023 0:00,152
12/31/2023 1:00,149
12/31/2023 2:00,163
12/31/2023 3:00,165
12/31/2023 4:00,170
12/31/2023 5:00,183
12/31/2023 6:00,185
12/31/2023 7:00,190
12/31/2023 8:00,205
12/31/2023 9:00,205
12/31/2023 10:00,218
12/31/2023 11:00,218
12/31/2023 12:00,230
12/31/2023 13:00,230
12/31/2023 14:00,215
12/31/2023 15:00,197
12/31/2023 16:00,196
12/31/2023 17:00,183
12/31/2023 18:00,169
12/31/2023 19:00,157
12/31/2023 20:00,157
12/31/2023 21:00,140
12/31/2023 22:00,141
12/31/2023 23:00,140
1/1/2024 0:00,145
1/1/2024 1:00,157
1/1/2024 2:00,157
1/1/2024 3:00,167
1/1/2024 4:00,178
1/1/2024 5:00,190
1/1/2024 6:00,190
1/1/2024 7:00,195
1/1/2024 8:00,202
1/1/2024 9:00,210
1/1/2024 10:00,203
1/1/2024 11:00,210
1/1/2024 12:00,210
1/1/2024 13:00,205
1/1/2024 14:00,200
1/1/2024 15:00,195
1/1/2024 16:00,195
1/1/2024 17:00,178
1/1/2024 18:00,170
1/1/2024 19:00,164
1/1/2024 20:00,152
1/1/2024 21:00,140
1/1/2024 22:00,142
1/1/2024 23:00,136
1/2/2024 0:00,135
1/2/2024 1:00,138
1/2/2024 2:00,140
1/2/2024 3:00,138
1/2/2024 4:00,173
1/2/2024 5:00,177
1/2/2024 6:00,180
1/2/2024 7:00,185
1/2/2024 8:00,205
1/2/2024 9:00,213
1/2/2024 10:00,207
1/2/2024 11:00,209
1/2/2024 12:00,200
1/2/2024 13:00,208
1/2/2024 14:00,205
1/2/2024 15:00,190
1/2/2024 16:00,187
1/2/2024 17:00,178
1/2/2024 18:00,170
1/2/2024 19:00,168
1/2/2024 20:00,160
1/2/2024 21:00,155
1/2/2024 22:00,150
1/2/2024 23:00,150
1/3/2024 0:00,158
1/3/2024 1:00,155
1/3/2024 2:00,164
1/3/2024 3:00,170
1/3/2024 4:00,176
1/3/2024 5:00,193
1/3/2024 6:00,195
1/3/2024 7:00,200
1/3/2024 8:00,206
1/3/2024 9:00,215
1/3/2024 10:00,215
1/3/2024 11:00,198
1/3/2024 12:00,196
1/3/2024 13:00,190
1/3/2024 14:00,190
1/3/2024 15:00,182
1/3/2024 16:00,167
1/3/2024 17:00,168
1/3/2024 18:00,160
1/3/2024 19:00,154
1/3/2024 20:00,150
1/3/2024 21:00,148
1/3/2024 22:00,148
1/3/2024 23:00,150
1/4/2024 0:00,152
1/4/2024 1:00,155
1/4/2024 2:00,165
1/4/2024 3:00,176
1/4/2024 4:00,175
1/4/2024 5:00,180
1/4/2024 6:00,185
1/4/2024 7:00,200
1/4/2024 8:00,200
1/4/2024 9:00,208
1/4/2024 10:00,205
1/4/2024 11:00,200
1/4/2024 12:00,185
1/4/2024 13:00,179
1/4/2024 14:00,175
1/4/2024 15:00,166
1/4/2024 16:00,175
1/4/2024 17:00,165
1/4/2024 18:00,165
1/4/2024 19:00,163
1/4/2024 20:00,160
1/4/2024 21:00,150
1/4/2024 22:00,144
1/4/2024 23:00,148
1/5/2024 0:00,152
1/5/2024 1:00,157
1/5/2024 2:00,160
1/5/2024 3:00,172
1/5/2024 4:00,185
1/5/2024 5:00,192
1/5/2024 6:00,202
1/5/2024 7:00,203
1/5/2024 8:00,210
1/5/2024 9:00,208
1/5/2024 10:00,205
1/5/2024 11:00,200
1/5/2024 12:00,190
1/5/2024 13:00,178
1/5/2024 14:00,170
1/5/2024 15:00,163
1/5/2024 16:00,160
1/5/2024 17:00,151
1/5/2024 18:00,152
1/5/2024 19:00,152
1/5/2024 20:00,150
1/5/2024 21:00,158
1/5/2024 22:00,163
1/5/2024 23:00,161
1/6/2024 0:00,163
1/6/2024 1:00,163
1/6/2024 2:00,175
1/6/2024 3:00,184
1/6/2024 4:00,198
1/6/2024 5:00,200
1/6/2024 6:00,215
1/6/2024 7:00,220
1/6/2024 8:00,198
1/6/2024 9:00,214
1/6/2024 10:00,200
1/6/2024 11:00,198
1/6/2024 12:00,182
1/6/2024 13:00,171
1/6/2024 14:00,158
1/6/2024 15:00,155
1/6/2024 16:00,146
1/6/2024 17:00,146
1/6/2024 18:00,146
1/6/2024 19:00,148
1/6/2024 20:00,148
1/6/2024 21:00,155
1/6/2024 22:00,160
1/6/2024 23:00,175
1/7/2024 0:00,170
1/7/2024 1:00,178
1/7/2024 2:00,185
1/7/2024 3:00,190
1/7/2024 4:00,200
1/7/2024 5:00,204
1/7/2024 6:00,215
1/7/2024 7:00,213
1/7/2024 8:00,215
1/7/2024 9:00,212
1/7/2024 10:00,208
1/7/2024 11:00,205
1/7/2024 12:00,194
1/7/2024 13:00,185
1/7/2024 14:00,165
1/7/2024 15:00,150
1/7/2024 16:00,140
1/7/2024 17:00,140
1/7/2024 18:00,133
1/7/2024 19:00,136
1/7/2024 20:00,130
1/7/2024 21:00,135
1/7/2024 22:00,138
1/7/2024 23:00,150
1/8/2024 0:00,160
1/8/2024 1:00,166
1/8/2024 2:00,173
1/8/2024 3:00,183
1/8/2024 4:00,197
1/8/2024 5:00,205
1/8/2024 6:00,215
1/8/2024 7:00,211
1/8/2024 8:00,221
1/8/2024 9:00,221
1/8/2024 10:00,216
1/8/2024 11:00,207
1/8/2024 12:00,196
1/8/2024 13:00,180
1/8/2024 14:00,162
1/8/2024 15:00,146
1/8/2024 16:00,135
1/8/2024 17:00,130
1/8/2024 18:00,128
1/8/2024 19:00,130
1/8/2024 20:00,133
1/8/2024 21:00,135
1/8/2024 22:00,147
1/8/2024 23:00,150
1/9/2024 0:00,161
1/9/2024 1:00,168
1/9/2024 2:00,177
1/9/2024 3:00,190
1/9/2024 4:00,195
1/9/2024 5:00,208
1/9/2024 6:00,218
1/9/2024 7:00,220
1/9/2024 8:00,228
1/9/2024 9:00,218
1/9/2024 10:00,213
1/9/2024 11:00,215
1/9/2024 12:00,198
1/9/2024 13:00,190
1/9/2024 14:00,176
1/9/2024 15:00,165
1/9/2024 16:00,140
1/9/2024 17:00,135
1/9/2024 18:00,134
1/9/2024 19:00,133
1/9/2024 20:00,135
1/9/2024 21:00,137
1/9/2024 22:00,142
1/9/2024 23:00,150
1/10/2024 0:00,165
1/10/2024 1:00,165
1/10/2024 2:00,176
1/10/2024 3:00,175
1/10/2024 4:00,189
1/10/2024 5:00,208
1/10/2024 6:00,215
1/10/2024 7:00,228
1/10/2024 8:00,235
1/10/2024 9:00,236
1/10/2024 10:00,227
1/10/2024 11:00,225
1/10/2024 12:00,205
1/10/2024 13:00,190
1/10/2024 14:00,170
1/10/2024 15:00,165
1/10/2024 16:00,135
1/10/2024 17:00,130
1/10/2024 18:00,123
1/10/2024 19:00,120
1/10/2024 20:00,125
1/10/2024 21:00,122
1/10/2024 22:00,125
1/10/2024 23:00,127
1/11/2024 0:00,142
1/11/2024 1:00,152
1/11/2024 2:00,160
1/11/2024 3:00,179
1/11/2024 4:00,190
1/11/2024 5:00,197
1/11/2024 6:00,215
1/11/2024 7:00,215
1/11/2024 8:00,238
1/11/2024 9:00,245
1/11/2024 10:00,224
1/11/2024 11:00,235
1/11/2024 12:00,230
1/11/2024 13:00,205
1/11/2024 14:00,190
1/11/2024 15:00,170
1/11/2024 16:00,150
1/11/2024 17:00,139
1/11/2024 18:00,132
1/11/2024 19:00,130
1/11/2024 20:00,125
1/11/2024 21:00,125
1/11/2024 22:00,125
1/11/2024 23:00,135
1/12/2024 0:00,137
1/12/2024 1:00,143
1/12/2024 2:00,143
1/12/2024 3:00,155
1/12/2024 4:00,164
1/12/2024 5:00,168
1/12/2024 6:00,195
1/12/2024 7:00,210
1/12/2024 8:00,220
1/12/2024 9:00,232
1/12/2024 10:00,235
1/12/2024 11:00,232
1/12/2024 12:00,228
1/12/2024 13:00,210
1/12/2024 14:00,195
1/12/2024 15:00,175
1/12/2024 16:00,153
1/12/2024 17:00,140
1/12/2024 18:00,130
1/12/2024 19:00,118
1/12/2024 20:00,125
1/12/2024 21:00,125
1/12/2024 22:00,130
1/12/2024 23:00,140
1/13/2024 0:00,143
1/13/2024 1:00,145
1/13/2024 2:00,165
1/13/2024 3:00,157
1/13/2024 4:00,165
1/13/2024 5:00,175
1/13/2024 6:00,190
1/13/2024 7:00,200
1/13/2024 8:00,213
1/13/2024 9:00,228
1/13/2024 10:00,237
1/13/2024 11:00,240
1/13/2024 12:00,233
1/13/2024 13:00,228
1/13/2024 14:00,195
1/13/2024 15:00,195
1/13/2024 16:00,180
1/13/2024 17:00,160
1/13/2024 18:00,142
1/13/2024 19:00,145
1/13/2024 20:00,127
1/13/2024 21:00,127
1/13/2024 22:00,128
1/13/2024 23:00,135
1/14/2024 0:00,140
1/14/2024 1:00,145
1/14/2024 2:00,148
1/14/2024 3:00,152
1/14/2024 4:00,155
1/14/2024 5:00,165
1/14/2024 6:00,175
1/14/2024 7:00,185
1/14/2024 8:00,205
1/14/2024 9:00,219
1/14/2024 10:00,230
1/14/2024 11:00,240
1/14/2024 12:00,242
1/14/2024 13:00,238
1/14/2024 14:00,235
1/14/2024 15:00,220
1/14/2024 16:00,207
1/14/2024 17:00,178
1/14/2024 18:00,160
1/14/2024 19:00,145
1/14/2024 20:00,135
1/14/2024 21:00,130
1/14/2024 22:00,132
1/14/2024 23:00,143
1/15/2024 0:00,145
1/15/2024 1:00,150
1/15/2024 2:00,160
1/15/2024 3:00,160
1/15/2024 4:00,162
1/15/2024 5:00,165
1/15/2024 6:00,170
1/15/2024 7:00,180
1/15/2024 8:00,190
1/15/2024 9:00,204
1/15/2024 10:00,217
1/15/2024 11:00,220
1/15/2024 12:00,225
1/15/2024 13:00,230
1/15/2024 14:00,219
1/15/2024 15:00,205
1/15/2024 16:00,195
1/15/2024 17:00,185
1/15/2024 18:00,165
1/15/2024 19:00,155
1/15/2024 20:00,150
1/15/2024 21:00,145
1/15/2024 22:00,145
1/15/2024 23:00,152
1/16/2024 0:00,156
1/16/2024 1:00,152
1/16/2024 2:00,160
1/16/2024 3:00,174
1/16/2024 4:00,174
1/16/2024 5:00,174
1/16/2024 6:00,184
1/16/2024 7:00,190
1/16/2024 8:00,180
1/16/2024 9:00,190
1/16/2024 10:00,193
1/16/2024 11:00,200
1/16/2024 12:00,208
1/16/2024 13:00,210
1/16/2024 14:00,208
1/16/2024 15:00,202
1/16/2024 16:00,194
1/16/2024 17:00,185
1/16/2024 18:00,170
1/16/2024 19:00,165
1/16/2024 20:00,155
1/16/2024 21:00,145
1/16/2024 22:00,140
1/16/2024 23:00,145
1/17/2024 0:00,165
1/17/2024 1:00,168
1/17/2024 2:00,173
1/17/2024 3:00,189
1/17/2024 4:00,190
1/17/2024 5:00,193
1/17/2024 6:00,195
1/17/2024 7:00,195
1/17/2024 8:00,198
1/17/2024 9:00,207
1/17/2024 10:00,203
1/17/2024 11:00,200
1/17/2024 12:00,202
1/17/2024 13:00,202
1/17/2024 14:00,190
1/17/2024 15:00,187
1/17/2024 16:00,185
1/17/2024 17:00,175
1/17/2024 18:00,165
1/17/2024 19:00,152
1/17/2024 20:00,152
1/17/2024 21:00,155
1/17/2024 22:00,153
1/17/2024 23:00,152
1/18/2024 0:00,160
1/18/2024 1:00,170
1/18/2024 2:00,180
1/18/2024 3:00,180
1/18/2024 4:00,188
1/18/2024 5:00,190
1/18/2024 6:00,195
1/18/2024 7:00,190
1/18/2024 8:00,200
1/18/2024 9:00,200
1/18/2024 10:00,200
1/18/2024 11:00,182
1/18/2024 12:00,178
1/18/2024 13:00,179
1/18/2024 14:00,176
1/18/2024 15:00,168
1/18/2024 16:00,165
1/18/2024 17:00,155
1/18/2024 18:00,153
1/18/2024 19:00,150
1/18/2024 20:00,150
1/18/2024 21:00,148
1/18/2024 22:00,155
1/18/2024 23:00,155
1/19/2024 0:00,156
1/19/2024 1:00,165
1/19/2024 2:00,175
1/19/2024 3:00,180
1/19/2024 4:00,190
1/19/2024 5:00,196
1/19/2024 6:00,196
1/19/2024 7:00,204
1/19/2024 8:00,198
1/19/2024 9:00,200
1/19/2024 10:00,188
1/19/2024 11:00,172
1/19/2024 12:00,167
1/19/2024 13:00,150
1/19/2024 14:00,142
1/19/2024 15:00,135
1/19/2024 16:00,130
1/19/2024 17:00,145
1/19/2024 18:00,130
1/19/2024 19:00,130
1/19/2024 20:00,125
1/19/2024 21:00,125
1/19/2024 22:00,130
1/19/2024 23:00,135
1/20/2024 0:00,155
1/20/2024 1:00,150
1/20/2024 2:00,155
1/20/2024 3:00,168
1/20/2024 4:00,178
1/20/2024 5:00,182
1/20/2024 6:00,185
1/20/2024 7:00,200
1/20/2024 8:00,200
1/20/2024 9:00,200
1/20/2024 10:00,195
1/20/2024 11:00,190
1/20/2024 12:00,170
1/20/2024 13:00,160
1/20/2024 14:00,155
1/20/2024 15:00,144
1/20/2024 16:00,139
1/20/2024 17:00,132
1/20/2024 18:00,130
1/20/2024 19:00,130
1/20/2024 20:00,125
1/20/2024 21:00,123
1/20/2024 22:00,138
1/20/2024 23:00,142
1/21/2024 0:00,152
1/21/2024 1:00,164
1/21/2024 2:00,171
1/21/2024 3:00,190
1/21/2024 4:00,190
1/21/2024 5:00,198
1/21/2024 6:00,213
1/21/2024 7:00,215
1/21/2024 8:00,222
1/21/2024 9:00,220
1/21/2024 10:00,218
1/21/2024 11:00,205
1/21/2024 12:00,187
1/21/2024 13:00,173
1/21/2024 14:00,150
1/21/2024 15:00,143
1/21/2024 16:00,130
1/21/2024 17:00,125
1/21/2024 18:00,125
1/21/2024 19:00,130
1/21/2024 20:00,125
1/21/2024 21:00,130
1/21/2024 22:00,140
1/21/2024 23:00,145
1/22/2024 0:00,152
1/22/2024 1:00,162
1/22/2024 2:00,172
1/22/2024 3:00,185
1/22/2024 4:00,185
1/22/2024 5:00,194
1/22/2024 6:00,205
1/22/2024 7:00,218
1/22/2024 8:00,218
1/22/2024 9:00,215
1/22/2024 10:00,210
1/22/2024 11:00,200
1/22/2024 12:00,185
1/22/2024 13:00,180
1/22/2024 14:00,156
1/22/2024 15:00,138
1/22/2024 16:00,138
1/22/2024 17:00,120
1/22/2024 18:00,115
1/22/2024 19:00,118
1/22/2024 20:00,118
1/22/2024 21:00,125
1/22/2024 22:00,125
1/22/2024 23:00,130
1/23/2024 0:00,132
1/23/2024 1:00,135
1/23/2024 2:00,148
1/23/2024 3:00,160
1/23/2024 4:00,175
1/23/2024 5:00,190
1/23/2024 6:00,200
1/23/2024 7:00,206
1/23/2024 8:00,215
1/23/2024 9:00,215
1/23/2024 10:00,214
1/23/2024 11:00,210
1/23/2024 12:00,190
1/23/2024 13:00,180
1/23/2024 14:00,160
1/23/2024 15:00,145
1/23/2024 16:00,135
1/23/2024 17:00,127
1/23/2024 18:00,126
1/23/2024 19:00,130
1/23/2024 20:00,125
1/23/2024 21:00,125
1/23/2024 22:00,130
1/23/2024 23:00,136
1/24/2024 0:00,140
1/24/2024 1:00,148
1/24/2024 2:00,158
1/24/2024 3:00,161
1/24/2024 4:00,171
1/24/2024 5:00,183
1/24/2024 6:00,198
1/24/2024 7:00,208
1/24/2024 8:00,220
1/24/2024 9:00,230
1/24/2024 10:00,227
1/24/2024 11:00,217
1/24/2024 12:00,207
1/24/2024 13:00,196
1/24/2024 14:00,168
1/24/2024 15:00,155
1/24/2024 16:00,148
1/24/2024 17:00,130
1/24/2024 18:00,126
1/24/2024 19:00,120
1/24/2024 20:00,127
1/24/2024 21:00,130
1/24/2024 22:00,135
1/24/2024 23:00,138
1/25/2024 0:00,140
1/25/2024 1:00,145
1/25/2024 2:00,150
1/25/2024 3:00,159
1/25/2024 4:00,170
1/25/2024 5:00,182
1/25/2024 6:00,195
1/25/2024 7:00,206
1/25/2024 8:00,217
1/25/2024 9:00,217
1/25/2024 10:00,218
1/25/2024 11:00,212
1/25/2024 12:00,210
1/25/2024 13:00,192
1/25/2024 14:00,175
1/25/2024 15:00,160
1/25/2024 16:00,147
1/25/2024 17:00,134
1/25/2024 18:00,125
1/25/2024 19:00,125
1/25/2024 20:00,125
1/25/2024 21:00,135
1/25/2024 22:00,135
1/25/2024 23:00,135
1/26/2024 0:00,144
1/26/2024 1:00,150
1/26/2024 2:00,160
1/26/2024 3:00,170
1/26/2024 4:00,173
1/26/2024 5:00,177
1/26/2024 6:00,192
1/26/2024 7:00,202
1/26/2024 8:00,215
1/26/2024 9:00,220
1/26/2024 10:00,227
1/26/2024 11:00,223
1/26/2024 12:00,218
1/26/2024 13:00,200
1/26/2024 14:00,194
1/26/2024 15:00,175
1/26/2024 16:00,160
1/26/2024 17:00,152
1/26/2024 18:00,135
1/26/2024 19:00,132
1/26/2024 20:00,133
1/26/2024 21:00,130
1/26/2024 22:00,140
1/26/2024 23:00,150
1/27/2024 0:00,150
1/27/2024 1:00,153
1/27/2024 2:00,156
1/27/2024 3:00,168
1/27/2024 4:00,165
1/27/2024 5:00,170
1/27/2024 6:00,180
1/27/2024 7:00,188
1/27/2024 8:00,204
1/27/2024 9:00,215
1/27/2024 10:00,224
1/27/2024 11:00,228
1/27/2024 12:00,214
1/27/2024 13:00,209
1/27/2024 14:00,194
1/27/2024 15:00,184
1/27/2024 16:00,165
1/27/2024 17:00,155
1/27/2024 18:00,150
1/27/2024 19:00,150
1/27/2024 20:00,135
1/27/2024 21:00,144
1/27/2024 22:00,146
1/27/2024 23:00,150
1/28/2024 0:00,155
1/28/2024 1:00,160
1/28/2024 2:00,165
1/28/2024 3:00,170
1/28/2024 4:00,172
1/28/2024 5:00,176
1/28/2024 6:00,188
1/28/2024 7:00,193
1/28/2024 8:00,195
1/28/2024 9:00,205
1/28/2024 10:00,215
1/28/2024 11:00,213
1/28/2024 12:00,210
1/28/2024 13:00,207
1/28/2024 14:00,195
1/28/2024 15:00,188
1/28/2024 16:00,165
1/28/2024 17:00,153
1/28/2024 18:00,148
1/28/2024 19:00,145
1/28/2024 20:00,137
1/28/2024 21:00,140
1/28/2024 22:00,135
1/28/2024 23:00,148
1/29/2024 0:00,152
1/29/2024 1:00,160
1/29/2024 2:00,168
1/29/2024 3:00,170
1/29/2024 4:00,173
1/29/2024 5:00,170
1/29/2024 6:00,180
1/29/2024 7:00,185
1/29/2024 8:00,190
1/29/2024 9:00,200
1/29/2024 10:00,204
1/29/2024 11:00,210
1/29/2024 12:00,205
1/29/2024 13:00,200
1/29/2024 14:00,190
1/29/2024 15:00,180
1/29/2024 16:00,177
1/29/2024 17:00,158
1/29/2024 18:00,155
1/29/2024 19:00,150
1/29/2024 20:00,155
1/29/2024 21:00,150
1/29/2024 22:00,156
1/29/2024 23:00,160
1/30/2024 0:00,165
1/30/2024 1:00,178
1/30/2024 2:00,170
1/30/2024 3:00,172
1/30/2024 4:00,177
1/30/2024 5:00,185
1/30/2024 6:00,180
1/30/2024 7:00,182
1/30/2024 8:00,193
1/30/2024 9:00,190
1/30/2024 10:00,199
1/30/2024 11:00,203
1/30/2024 12:00,202
1/30/2024 13:00,200
1/30/2024 14:00,195
1/30/2024 15:00,183
1/30/2024 16:00,177
1/30/2024 17:00,163
1/30/2024 18:00,161
1/30/2024 19:00,155
1/30/2024 20:00,164
1/30/2024 21:00,162
1/30/2024 22:00,155
1/30/2024 23:00,184
1/31/2024 0:00,170
1/31/2024 1:00,178
1/31/2024 2:00,185
1/31/2024 3:00,185
1/31/2024 4:00,175
1/31/2024 5:00,179
1/31/2024 6:00,176
1/31/2024 7:00,188
1/31/2024 8:00,190
1/31/2024 9:00,190
1/31/2024 10:00,192
1/31/2024 11:00,192
1/31/2024 12:00,192
1/31/2024 13:00,197
1/31/2024 14:00,180
1/31/2024 15:00,172
1/31/2024 16:00,175
1/31/2024 17:00,155
1/31/2024 18:00,153
1/31/2024 19:00,145
1/31/2024 20:00,150
1/31/2024 21:00,150
1/31/2024 22:00,152
1/31/2024 23:00,156
2/1/2024 0:00,152
2/1/2024 1:00,160
2/1/2024 2:00,164
2/1/2024 3:00,170
2/1/2024 4:00,175
2/1/2024 5:00,185
2/1/2024 6:00,185
2/1/2024 7:00,190
2/1/2024 8:00,198
2/1/2024 9:00,194
2/1/2024 10:00,190
2/1/2024 11:00,196
2/1/2024 12:00,188
2/1/2024 13:00,185
2/1/2024 14:00,185
2/1/2024 15:00,176
2/1/2024 16:00,160
2/1/2024 17:00,156
2/1/2024 18:00,160
2/1/2024 19:00,150
2/1/2024 20:00,150
2/1/2024 21:00,158
2/1/2024 22:00,153
2/1/2024 23:00,160
2/2/2024 0:00,165
2/2/2024 1:00,170
2/2/2024 2:00,169
2/2/2024 3:00,172
2/2/2024 4:00,177
2/2/2024 5:00,180
2/2/2024 6:00,180
2/2/2024 7:00,190
2/2/2024 8:00,200
2/2/2024 9:00,196
2/2/2024 10:00,190
2/2/2024 11:00,185
2/2/2024 12:00,170
2/2/2024 13:00,170
2/2/2024 14:00,165
2/2/2024 15:00,159
2/2/2024 16:00,155
2/2/2024 17:00,145
2/2/2024 18:00,148
2/2/2024 19:00,147
2/2/2024 20:00,158
2/2/2024 21:00,160
2/2/2024 22:00,160
2/2/2024 23:00,166
2/3/2024 0:00,175
2/3/2024 1:00,180
2/3/2024 2:00,188
2/3/2024 3:00,190
2/3/2024 4:00,200
2/3/2024 5:00,203
2/3/2024 6:00,205
2/3/2024 7:00,208
2/3/2024 8:00,202
2/3/2024 9:00,200
2/3/2024 10:00,195
2/3/2024 11:00,172
2/3/2024 12:00,163
2/3/2024 13:00,151
2/3/2024 14:00,150
2/3/2024 15:00,140
2/3/2024 16:00,135
2/3/2024 17:00,140
2/3/2024 18:00,145
2/3/2024 19:00,140
2/3/2024 20:00,145
2/3/2024 21:00,155
2/3/2024 22:00,170
2/3/2024 23:00,160
2/4/2024 0:00,170
2/4/2024 1:00,165
2/4/2024 2:00,172
2/4/2024 3:00,173
2/4/2024 4:00,175
2/4/2024 5:00,185
2/4/2024 6:00,188
2/4/2024 7:00,192
2/4/2024 8:00,200
2/4/2024 9:00,195
2/4/2024 10:00,190
2/4/2024 11:00,177
2/4/2024 12:00,160
2/4/2024 13:00,150
2/4/2024 14:00,148
2/4/2024 15:00,140
2/4/2024 16:00,133
2/4/2024 17:00,135
2/4/2024 18:00,135
2/4/2024 19:00,135
2/4/2024 20:00,137
2/4/2024 21:00,145
2/4/2024 22:00,158
2/4/2024 23:00,158
2/5/2024 0:00,150
2/5/2024 1:00,168
2/5/2024 2:00,170
2/5/2024 3:00,150
2/5/2024 4:00,185
2/5/2024 5:00,195
2/5/2024 6:00,200
2/5/2024 7:00,200
2/5/2024 8:00,207
2/5/2024 9:00,205
2/5/2024 10:00,185
2/5/2024 11:00,183
2/5/2024 12:00,160
2/5/2024 13:00,155
2/5/2024 14:00,148
2/5/2024 15:00,130
2/5/2024 16:00,131
2/5/2024 17:00,125
2/5/2024 18:00,128
2/5/2024 19:00,128
2/5/2024 20:00,140
2/5/2024 21:00,147
2/5/2024 22:00,155
2/5/2024 23:00,160
2/6/2024 0:00,170
2/6/2024 1:00,185
2/6/2024 2:00,185
2/6/2024 3:00,188
2/6/2024 4:00,195
2/6/2024 5:00,202
2/6/2024 6:00,210
2/6/2024 7:00,210
2/6/2024 8:00,215
2/6/2024 9:00,217
2/6/2024 10:00,202
2/6/2024 11:00,188
2/6/2024 12:00,170
2/6/2024 13:00,170
2/6/2024 14:00,145
2/6/2024 15:00,128
2/6/2024 16:00,145
2/6/2024 17:00,110
2/6/2024 18:00,100
2/6/2024 19:00,120
2/6/2024 20:00,130
2/6/2024 21:00,132
2/6/2024 22:00,134
2/6/2024 23:00,155
2/7/2024 0:00,152
2/7/2024 1:00,155
2/7/2024 2:00,165
2/7/2024 3:00,167
2/7/2024 4:00,175
2/7/2024 5:00,185
2/7/2024 6:00,195
2/7/2024 7:00,210
2/7/2024 8:00,220
2/7/2024 9:00,220
2/7/2024 10:00,215
2/7/2024 11:00,200
2/7/2024 12:00,183
2/7/2024 13:00,165
2/7/2024 14:00,148
2/7/2024 15:00,138
2/7/2024 16:00,126
2/7/2024 17:00,123
2/7/2024 18:00,115
2/7/2024 19:00,125
2/7/2024 20:00,130
2/7/2024 21:00,130
2/7/2024 22:00,135
2/7/2024 23:00,139
2/8/2024 0:00,140
2/8/2024 1:00,150
2/8/2024 2:00,153
2/8/2024 3:00,162
2/8/2024 4:00,170
2/8/2024 5:00,195
2/8/2024 6:00,205
2/8/2024 7:00,220
2/8/2024 8:00,240
2/8/2024 9:00,230
2/8/2024 10:00,226
2/8/2024 11:00,215
2/8/2024 12:00,206
2/8/2024 13:00,195
2/8/2024 14:00,170
2/8/2024 15:00,155
2/8/2024 16:00,143
2/8/2024 17:00,130
2/8/2024 18:00,125
2/8/2024 19:00,125
2/8/2024 20:00,135
2/8/2024 21:00,135
2/8/2024 22:00,145
2/8/2024 23:00,145
2/9/2024 0:00,149
2/9/2024 1:00,155
2/9/2024 2:00,170
2/9/2024 3:00,175
2/9/2024 4:00,183
2/9/2024 5:00,201
2/9/2024 6:00,205
2/9/2024 7:00,225
2/9/2024 8:00,232
2/9/2024 9:00,243
2/9/2024 10:00,240
2/9/2024 11:00,236
2/9/2024 12:00,228
2/9/2024 13:00,210
2/9/2024 14:00,190
2/9/2024 15:00,172
2/9/2024 16:00,153
2/9/2024 17:00,149
2/9/2024 18:00,135
2/9/2024 19:00,130
2/9/2024 20:00,132
2/9/2024 21:00,140
2/9/2024 22:00,145
2/9/2024 23:00,155
2/10/2024 0:00,160
2/10/2024 1:00,162
2/10/2024 2:00,165
2/10/2024 3:00,169
2/10/2024 4:00,172
2/10/2024 5:00,175
2/10/2024 6:00,190
2/10/2024 7:00,215
2/10/2024 8:00,232
2/10/2024 9:00,245
2/10/2024 10:00,243
2/10/2024 11:00,244
2/10/2024 12:00,230
2/10/2024 13:00,220
2/10/2024 14:00,200
2/10/2024 15:00,182
2/10/2024 16:00,170
2/10/2024 17:00,150
2/10/2024 18:00,136
2/10/2024 19:00,130
2/10/2024 20:00,130
2/10/2024 21:00,145
2/10/2024 22:00,138
2/10/2024 23:00,130
2/11/2024 0:00,145
2/11/2024 1:00,150
2/11/2024 2:00,155
2/11/2024 3:00,157
2/11/2024 4:00,162
2/11/2024 5:00,168
2/11/2024 6:00,185
2/11/2024 7:00,190
2/11/2024 8:00,205
2/11/2024 9:00,210
2/11/2024 10:00,225
2/11/2024 11:00,229
2/11/2024 12:00,222
2/11/2024 13:00,210
2/11/2024 14:00,200
2/11/2024 15:00,180
2/11/2024 16:00,160
2/11/2024 17:00,145
2/11/2024 18:00,137
2/11/2024 19:00,137
2/11/2024 20:00,130
2/11/2024 21:00,139
2/11/2024 22:00,147
2/11/2024 23:00,160
2/12/2024 0:00,160
2/12/2024 1:00,168
2/12/2024 2:00,172
2/12/2024 3:00,173
2/12/2024 4:00,168
2/12/2024 5:00,175
2/12/2024 6:00,176
2/12/2024 7:00,185
2/12/2024 8:00,190
2/12/2024 9:00,205
2/12/2024 10:00,218
2/12/2024 11:00,222
2/12/2024 12:00,218
2/12/2024 13:00,215
2/12/2024 14:00,190
2/12/2024 15:00,188
2/12/2024 16:00,174
2/12/2024 17:00,155
2/12/2024 18:00,152
2/12/2024 19:00,142
2/12/2024 20:00,140
2/12/2024 21:00,145
2/12/2024 22:00,155
2/12/2024 23:00,163
2/13/2024 0:00,170
2/13/2024 1:00,168
2/13/2024 2:00,175
2/13/2024 3:00,172
2/13/2024 4:00,178
2/13/2024 5:00,165
2/13/2024 6:00,175
2/13/2024 7:00,175
2/13/2024 8:00,178
2/13/2024 9:00,190
2/13/2024 10:00,195
2/13/2024 11:00,200
2/13/2024 12:00,205
2/13/2024 13:00,207
2/13/2024 14:00,193
2/13/2024 15:00,183
2/13/2024 16:00,170
2/13/2024 17:00,160
2/13/2024 18:00,155
2/13/2024 19:00,150
2/13/2024 20:00,148
2/13/2024 21:00,155
2/13/2024 22:00,162
2/13/2024 23:00,173
2/14/2024 0:00,180
2/14/2024 1:00,194
2/14/2024 2:00,190
2/14/2024 3:00,195
2/14/2024 4:00,198
2/14/2024 5:00,180
2/14/2024 6:00,183
2/14/2024 7:00,185
2/14/2024 8:00,190
2/14/2024 9:00,190
2/14/2024 10:00,184
2/14/2024 11:00,194
2/14/2024 12:00,188
2/14/2024 13:00,190
2/14/2024 14:00,185
2/14/2024 15:00,185
2/14/2024 16:00,170
2/14/2024 17:00,155
2/14/2024 18:00,155
2/14/2024 19:00,148
2/14/2024 20:00,150
2/14/2024 21:00,150
2/14/2024 22:00,166
2/14/2024 23:00,170
2/15/2024 0:00,188
2/15/2024 1:00,195
2/15/2024 2:00,207
2/15/2024 3:00,195
2/15/2024 4:00,205
2/15/2024 5:00,195
2/15/2024 6:00,195
2/15/2024 7:00,195
2/15/2024 8:00,190
2/15/2024 9:00,193
2/15/2024 10:00,180
2/15/2024 11:00,172
2/15/2024 12:00,166
2/15/2024 13:00,170
2/15/2024 14:00,170
2/15/2024 15:00,160
2/15/2024 16:00,155
2/15/2024 17:00,155
2/15/2024 18:00,145
2/15/2024 19:00,148
2/15/2024 20:00,158
2/15/2024 21:00,162
2/15/2024 22:00,168
2/15/2024 23:00,179
2/16/2024 0:00,190
2/16/2024 1:00,200
2/16/2024 2:00,202
2/16/2024 3:00,208
2/16/2024 4:00,210
2/16/2024 5:00,215
2/16/2024 6:00,220
2/16/2024 7:00,212
2/16/2024 8:00,209
2/16/2024 9:00,210
2/16/2024 10:00,205
2/16/2024 11:00,190
2/16/2024 12:00,180
2/16/2024 13:00,170
2/16/2024 14:00,160
2/16/2024 15:00,150
2/16/2024 16:00,140
2/16/2024 17:00,140
2/16/2024 18:00,140
2/16/2024 19:00,140
2/16/2024 20:00,150
2/16/2024 21:00,160
2/16/2024 22:00,170
2/16/2024 23:00,170
2/17/2024 0:00,190
2/17/2024 1:00,195
2/17/2024 2:00,205
2/17/2024 3:00,210
2/17/2024 4:00,215
2/17/2024 5:00,225
2/17/2024 6:00,222
2/17/2024 7:00,217
2/17/2024 8:00,210
2/17/2024 9:00,200
2/17/2024 10:00,195
2/17/2024 11:00,180
2/17/2024 12:00,160
2/17/2024 13:00,155
2/17/2024 14:00,145
2/17/2024 15:00,155
2/17/2024 16:00,136
2/17/2024 17:00,135
2/17/2024 18:00,138
2/17/2024 19:00,138
2/17/2024 20:00,150
2/17/2024 21:00,165
2/17/2024 22:00,175
2/17/2024 23:00,180
2/18/2024 0:00,182
2/18/2024 1:00,181
2/18/2024 2:00,190
2/18/2024 3:00,195
2/18/2024 4:00,195
2/18/2024 5:00,210
2/18/2024 6:00,215
2/18/2024 7:00,215
2/18/2024 8:00,210
2/18/2024 9:00,205
2/18/2024 10:00,190
2/18/2024 11:00,180
2/18/2024 12:00,160
2/18/2024 13:00,138
2/18/2024 14:00,130
2/18/2024 15:00,130
2/18/2024 16:00,128
2/18/2024 17:00,120
2/18/2024 18:00,125
2/18/2024 19:00,122
2/18/2024 20:00,138
2/18/2024 21:00,147
2/18/2024 22:00,155
2/18/2024 23:00,168
2/19/2024 0:00,175
2/19/2024 1:00,176
2/19/2024 2:00,180
2/19/2024 3:00,182
2/19/2024 4:00,192
2/19/2024 5:00,202
2/19/2024 6:00,204
2/19/2024 7:00,210
2/19/2024 8:00,218
2/19/2024 9:00,215
2/19/2024 10:00,205
2/19/2024 11:00,195
2/19/2024 12:00,180
2/19/2024 13:00,156
2/19/2024 14:00,150
2/19/2024 15:00,140
2/19/2024 16:00,134
2/19/2024 17:00,130
2/19/2024 18:00,128
2/19/2024 19:00,135
2/19/2024 20:00,143
2/19/2024 21:00,155
2/19/2024 22:00,160
2/19/2024 23:00,170
2/20/2024 0:00,168
2/20/2024 1:00,175
2/20/2024 2:00,178
2/20/2024 3:00,179
2/20/2024 4:00,186
2/20/2024 5:00,196
2/20/2024 6:00,210
2/20/2024 7:00,213
2/20/2024 8:00,219
2/20/2024 9:00,219
2/20/2024 10:00,209
2/20/2024 11:00,197
2/20/2024 12:00,190
2/20/2024 13:00,165
2/20/2024 14:00,155
2/20/2024 15:00,145
2/20/2024 16:00,134
2/20/2024 17:00,130
2/20/2024 18:00,125
2/20/2024 19:00,130
2/20/2024 20:00,141
2/20/2024 21:00,154
2/20/2024 22:00,158
2/20/2024 23:00,165
2/21/2024 0:00,170
2/21/2024 1:00,170
2/21/2024 2:00,173
2/21/2024 3:00,175
2/21/2024 4:00,179
2/21/2024 5:00,190
2/21/2024 6:00,210
2/21/2024 7:00,210
2/21/2024 8:00,220
2/21/2024 9:00,220
2/21/2024 10:00,221
2/21/2024 11:00,205
2/21/2024 12:00,188
2/21/2024 13:00,178
2/21/2024 14:00,163
2/21/2024 15:00,150
2/21/2024 16:00,138
2/21/2024 17:00,135
2/21/2024 18:00,127
2/21/2024 19:00,130
2/21/2024 20:00,140
2/21/2024 21:00,145
2/21/2024 22:00,150
2/21/2024 23:00,160
2/22/2024 0:00,165
2/22/2024 1:00,167
2/22/2024 2:00,175
2/22/2024 3:00,170
2/22/2024 4:00,173
2/22/2024 5:00,185
2/22/2024 6:00,190
2/22/2024 7:00,185
2/22/2024 8:00,200
2/22/2024 9:00,200
2/22/2024 10:00,204
2/22/2024 11:00,197
2/22/2024 12:00,185
2/22/2024 13:00,170
2/22/2024 14:00,160
2/22/2024 15:00,145
2/22/2024 16:00,135
2/22/2024 17:00,130
2/22/2024 18:00,130
2/22/2024 19:00,130
2/22/2024 20:00,135
2/22/2024 21:00,145
2/22/2024 22:00,150
2/22/2024 23:00,158
2/23/2024 0:00,160
2/23/2024 1:00,170
2/23/2024 2:00,165
2/23/2024 3:00,168
2/23/2024 4:00,173
2/23/2024 5:00,180
2/23/2024 6:00,185
2/23/2024 7:00,195
2/23/2024 8:00,195
2/23/2024 9:00,202
2/23/2024 10:00,205
2/23/2024 11:00,201
2/23/2024 12:00,192
2/23/2024 13:00,185
2/23/2024 14:00,169
2/23/2024 15:00,163
2/23/2024 16:00,143
2/23/2024 17:00,144
2/23/2024 18:00,135
2/23/2024 19:00,147
2/23/2024 20:00,140
2/23/2024 21:00,154
2/23/2024 22:00,158
2/23/2024 23:00,168
2/24/2024 0:00,170
2/24/2024 1:00,164
2/24/2024 2:00,170
2/24/2024 3:00,170
2/24/2024 4:00,181
2/24/2024 5:00,182
2/24/2024 6:00,179
2/24/2024 7:00,190
2/24/2024 8:00,195
2/24/2024 9:00,210
2/24/2024 10:00,200
2/24/2024 11:00,205
2/24/2024 12:00,195
2/24/2024 13:00,185
2/24/2024 14:00,170
2/24/2024 15:00,165
2/24/2024 16:00,155
2/24/2024 17:00,138
2/24/2024 18:00,140
2/24/2024 19:00,152
2/24/2024 20:00,145
2/24/2024 21:00,144
2/24/2024 22:00,150
2/24/2024 23:00,155
2/25/2024 0:00,155
2/25/2024 1:00,165
2/25/2024 2:00,165
2/25/2024 3:00,162
2/25/2024 4:00,170
2/25/2024 5:00,173
2/25/2024 6:00,172
2/25/2024 7:00,175
2/25/2024 8:00,190
2/25/2024 9:00,197
2/25/2024 10:00,200
2/25/2024 11:00,203
2/25/2024 12:00,195
2/25/2024 13:00,190
2/25/2024 14:00,185
2/25/2024 15:00,170
2/25/2024 16:00,153
2/25/2024 17:00,142
2/25/2024 18:00,150
2/25/2024 19:00,138
2/25/2024 20:00,150
2/25/2024 21:00,150
2/25/2024 22:00,166
2/25/2024 23:00,160
2/26/2024 0:00,165
2/26/2024 1:00,165
2/26/2024 2:00,158
2/26/2024 3:00,155
2/26/2024 4:00,160
2/26/2024 5:00,165
2/26/2024 6:00,170
2/26/2024 7:00,185
2/26/2024 8:00,190
2/26/2024 9:00,183
2/26/2024 10:00,198
2/26/2024 11:00,215
2/26/2024 12:00,197
2/26/2024 13:00,185
2/26/2024 14:00,178
2/26/2024 15:00,170
2/26/2024 16:00,159
2/26/2024 17:00,150
2/26/2024 18:00,145
2/26/2024 19:00,150
2/26/2024 20:00,150
2/26/2024 21:00,160
2/26/2024 22:00,170
2/26/2024 23:00,175
2/27/2024 0:00,175
2/27/2024 1:00,170
2/27/2024 2:00,180
2/27/2024 3:00,177
2/27/2024 4:00,186
2/27/2024 5:00,170
2/27/2024 6:00,180
2/27/2024 7:00,195
2/27/2024 8:00,195
2/27/2024 9:00,195
2/27/2024 10:00,195
2/27/2024 11:00,195
2/27/2024 12:00,195
2/27/2024 13:00,197
2/27/2024 14:00,180
2/27/2024 15:00,185
2/27/2024 16:00,165
2/27/2024 17:00,160
2/27/2024 18:00,158
2/27/2024 19:00,160
2/27/2024 20:00,162
2/27/2024 21:00,170
2/27/2024 22:00,180
2/27/2024 23:00,193
2/28/2024 0:00,195
2/28/2024 1:00,197
2/28/2024 2:00,185
2/28/2024 3:00,190
2/28/2024 4:00,195
2/28/2024 5:00,180
2/28/2024 6:00,175
2/28/2024 7:00,175
2/28/2024 8:00,198
2/28/2024 9:00,195
2/28/2024 10:00,185
2/28/2024 11:00,197
2/28/2024 12:00,190
2/28/2024 13:00,185
2/28/2024 14:00,181
2/28/2024 15:00,175
2/28/2024 16:00,168
2/28/2024 17:00,160
2/28/2024 18:00,153
2/28/2024 19:00,150
2/28/2024 20:00,155
2/28/2024 21:00,173
2/28/2024 22:00,180
2/28/2024 23:00,188
2/29/2024 0:00,185
2/29/2024 1:00,195
2/29/2024 2:00,195
2/29/2024 3:00,195
2/29/2024 4:00,185
2/29/2024 5:00,190
2/29/2024 6:00,195
2/29/2024 7:00,190
2/29/2024 8:00,185
2/29/2024 9:00,185
2/29/2024 10:00,179
2/29/2024 11:00,177
2/29/2024 12:00,182
2/29/2024 13:00,170
2/29/2024 14:00,170
2/29/2024 15:00,166
2/29/2024 16:00,160
2/29/2024 17:00,165
2/29/2024 18:00,155
2/29/2024 19:00,167
2/29/2024 20:00,165
2/29/2024 21:00,170
2/29/2024 22:00,180
2/29/2024 23:00,187
3/1/2024 0:00,198
3/1/2024 1:00,203
3/1/2024 2:00,195
3/1/2024 3:00,190
3/1/2024 4:00,193
3/1/2024 5:00,195
3/1/2024 6:00,195
3/1/2024 7:00,195
3/1/2024 8:00,190
3/1/2024 9:00,192
3/1/2024 10:00,175
3/1/2024 11:00,174
3/1/2024 12:00,165
3/1/2024 13:00,160
3/1/2024 14:00,154
3/1/2024 15:00,155
3/1/2024 16:00,157
3/1/2024 17:00,150
3/1/2024 18:00,155
3/1/2024 19:00,165
3/1/2024 20:00,170
3/1/2024 21:00,178
3/1/2024 22:00,186
3/1/2024 23:00,192
3/2/2024 0:00,201
3/2/2024 1:00,190
3/2/2024 2:00,180
3/2/2024 3:00,190
3/2/2024 4:00,188
3/2/2024 5:00,185
3/2/2024 6:00,190
3/2/2024 7:00,190
3/2/2024 8:00,189
3/2/2024 9:00,185
3/2/2024 10:00,170
3/2/2024 11:00,175
3/2/2024 12:00,166
3/2/2024 13:00,160
3/2/2024 14:00,155
3/2/2024 15:00,155
3/2/2024 16:00,150
3/2/2024 17:00,157
3/2/2024 18:00,153
3/2/2024 19:00,165
3/2/2024 20:00,183
3/2/2024 21:00,167
3/2/2024 22:00,170
3/2/2024 23:00,180
3/3/2024 0:00,188
3/3/2024 1:00,201
3/3/2024 2:00,198
3/3/2024 3:00,197
3/3/2024 4:00,200
3/3/2024 5:00,208
3/3/2024 6:00,194
3/3/2024 7:00,195
3/3/2024 8:00,185
3/3/2024 9:00,185
3/3/2024 10:00,175
3/3/2024 11:00,165
3/3/2024 12:00,164
3/3/2024 13:00,148
3/3/2024 14:00,144
3/3/2024 15:00,144
3/3/2024 16:00,142
3/3/2024 17:00,140
3/3/2024 18:00,150
3/3/2024 19:00,145
3/3/2024 20:00,160
3/3/2024 21:00,178
3/3/2024 22:00,179
3/3/2024 23:00,186
3/4/2024 0:00,188
3/4/2024 1:00,190
3/4/2024 2:00,190
3/4/2024 3:00,195
3/4/2024 4:00,205
3/4/2024 5:00,208
3/4/2024 6:00,210
3/4/2024 7:00,200
3/4/2024 8:00,200
3/4/2024 9:00,190
3/4/2024 10:00,182
3/4/2024 11:00,170
3/4/2024 12:00,162
3/4/2024 13:00,155
3/4/2024 14:00,138
3/4/2024 15:00,135
3/4/2024 16:00,133
3/4/2024 17:00,135
3/4/2024 18:00,140
3/4/2024 19:00,140
3/4/2024 20:00,145
3/4/2024 21:00,160
3/4/2024 22:00,162
3/4/2024 23:00,167
3/5/2024 0:00,172
3/5/2024 1:00,174
3/5/2024 2:00,180
3/5/2024 3:00,190
3/5/2024 4:00,190
3/5/2024 5:00,200
3/5/2024 6:00,198
3/5/2024 7:00,203
3/5/2024 8:00,200
3/5/2024 9:00,197
3/5/2024 10:00,185
3/5/2024 11:00,165
3/5/2024 12:00,158
3/5/2024 13:00,145
3/5/2024 14:00,138
3/5/2024 15:00,125
3/5/2024 16:00,120
3/5/2024 17:00,117
3/5/2024 18:00,120
3/5/2024 19:00,138
3/5/2024 20:00,150
3/5/2024 21:00,148
3/5/2024 22:00,158
3/5/2024 23:00,165
3/6/2024 0:00,170
3/6/2024 1:00,180
3/6/2024 2:00,187
3/6/2024 3:00,190
3/6/2024 4:00,198
3/6/2024 5:00,200
3/6/2024 6:00,218
3/6/2024 7:00,213
3/6/2024 8:00,220
3/6/2024 9:00,210
3/6/2024 10:00,199
3/6/2024 11:00,190
3/6/2024 12:00,163
3/6/2024 13:00,154
3/6/2024 14:00,165
3/6/2024 15:00,135
3/6/2024 16:00,125
3/6/2024 17:00,125
3/6/2024 18:00,135
3/6/2024 19:00,145
3/6/2024 20:00,146
3/6/2024 21:00,155
3/6/2024 22:00,165
3/6/2024 23:00,168
3/7/2024 0:00,160
3/7/2024 1:00,170
3/7/2024 2:00,180
3/7/2024 3:00,183
3/7/2024 4:00,187
3/7/2024 5:00,205
3/7/2024 6:00,208
3/7/2024 7:00,210
3/7/2024 8:00,197
3/7/2024 9:00,210
3/7/2024 10:00,213
3/7/2024 11:00,193
3/7/2024 12:00,180
3/7/2024 13:00,165
3/7/2024 14:00,145
3/7/2024 15:00,135
3/7/2024 16:00,120
3/7/2024 17:00,115
3/7/2024 18:00,120
3/7/2024 19:00,130
3/7/2024 20:00,133
3/7/2024 21:00,148
3/7/2024 22:00,145
3/7/2024 23:00,150
3/8/2024 0:00,160
3/8/2024 1:00,163
3/8/2024 2:00,164
3/8/2024 3:00,175
3/8/2024 4:00,180
3/8/2024 5:00,195
3/8/2024 6:00,202
3/8/2024 7:00,220
3/8/2024 8:00,201
3/8/2024 9:00,223
3/8/2024 10:00,217
3/8/2024 11:00,205
3/8/2024 12:00,190
3/8/2024 13:00,177
3/8/2024 14:00,155
3/8/2024 15:00,145
3/8/2024 16:00,135
3/8/2024 17:00,132
3/8/2024 18:00,130
3/8/2024 19:00,140
3/8/2024 20:00,157
3/8/2024 21:00,162
3/8/2024 22:00,165
3/8/2024 23:00,169
3/9/2024 0:00,163
3/9/2024 1:00,160
3/9/2024 2:00,162
3/9/2024 3:00,146
3/9/2024 4:00,172
3/9/2024 5:00,185
3/9/2024 6:00,190
3/9/2024 7:00,210
3/9/2024 8:00,220
3/9/2024 9:00,212
3/9/2024 10:00,210
3/9/2024 11:00,203
3/9/2024 12:00,195
3/9/2024 13:00,180
3/9/2024 14:00,160
3/9/2024 15:00,138
3/9/2024 16:00,133
3/9/2024 17:00,122
3/9/2024 18:00,122
3/9/2024 19:00,123
3/9/2024 20:00,125
3/9/2024 21:00,138
3/9/2024 22:00,140
3/9/2024 23:00,142
3/10/2024 0:00,142
3/10/2024 1:00,145
3/10/2024 2:00,145
3/10/2024 3:00,146
3/10/2024 4:00,150
3/10/2024 5:00,158
3/10/2024 6:00,165
3/10/2024 7:00,175
3/10/2024 8:00,185
3/10/2024 9:00,185
3/10/2024 10:00,198
3/10/2024 11:00,200
3/10/2024 12:00,197
3/10/2024 13:00,190
3/10/2024 14:00,180
3/10/2024 15:00,170
3/10/2024 16:00,153
3/10/2024 17:00,138
3/10/2024 18:00,130
3/10/2024 19:00,139
3/10/2024 20:00,145
3/10/2024 21:00,162
3/10/2024 22:00,170
3/10/2024 23:00,168
3/11/2024 0:00,188
3/11/2024 1:00,185
3/11/2024 2:00,180
3/11/2024 3:00,193
3/11/2024 4:00,185
3/11/2024 5:00,190
3/11/2024 6:00,200
3/11/2024 7:00,195
3/11/2024 8:00,208
3/11/2024 9:00,220
3/11/2024 10:00,225
3/11/2024 11:00,220
3/11/2024 12:00,205
3/11/2024 13:00,200
3/11/2024 14:00,195
3/11/2024 15:00,180
3/11/2024 16:00,160
3/11/2024 17:00,155
3/11/2024 18:00,145
3/11/2024 19:00,148
3/11/2024 20:00,160
3/11/2024 21:00,177
3/11/2024 22:00,193
3/11/2024 23:00,190
3/12/2024 0:00,190
3/12/2024 1:00,188
3/12/2024 2:00,185
3/12/2024 3:00,175
3/12/2024 4:00,170
3/12/2024 5:00,170
3/12/2024 6:00,175
3/12/2024 7:00,176
3/12/2024 8:00,187
3/12/2024 9:00,190
3/12/2024 10:00,200
3/12/2024 11:00,200
3/12/2024 12:00,200
3/12/2024 13:00,188
3/12/2024 14:00,175
3/12/2024 15:00,170
3/12/2024 16:00,165
3/12/2024 17:00,160
3/12/2024 18:00,160
3/12/2024 19:00,155
3/12/2024 20:00,160
3/12/2024 21:00,185
3/12/2024 22:00,190
3/12/2024 23:00,205
3/13/2024 0:00,205
3/13/2024 1:00,198
3/13/2024 2:00,195
3/13/2024 3:00,195
3/13/2024 4:00,185
3/13/2024 5:00,180
3/13/2024 6:00,177
3/13/2024 7:00,175
3/13/2024 8:00,165
3/13/2024 9:00,170
3/13/2024 10:00,170
3/13/2024 11:00,180
3/13/2024 12:00,168
3/13/2024 13:00,167
3/13/2024 14:00,162
3/13/2024 15:00,152
3/13/2024 16:00,155
3/13/2024 17:00,145
3/13/2024 18:00,138
3/13/2024 19:00,160
3/13/2024 20:00,180
3/13/2024 21:00,175
3/13/2024 22:00,182
3/13/2024 23:00,192
3/14/2024 0:00,195
3/14/2024 1:00,212
3/14/2024 2:00,200
3/14/2024 3:00,192
3/14/2024 4:00,195
3/14/2024 5:00,175
3/14/2024 6:00,170
3/14/2024 7:00,170
3/14/2024 8:00,170
3/14/2024 9:00,165
3/14/2024 10:00,163
3/14/2024 11:00,168
3/14/2024 12:00,160
3/14/2024 13:00,155
3/14/2024 14:00,150
3/14/2024 15:00,145
3/14/2024 16:00,135
3/14/2024 17:00,135
3/14/2024 18:00,140
3/14/2024 19:00,154
3/14/2024 20:00,165
3/14/2024 21:00,175
3/14/2024 22:00,186
3/14/2024 23:00,199
3/15/2024 0:00,205
3/15/2024 1:00,212
3/15/2024 2:00,215
3/15/2024 3:00,230
3/15/2024 4:00,205
3/15/2024 5:00,199
3/15/2024 6:00,195
3/15/2024 7:00,180
3/15/2024 8:00,170
3/15/2024 9:00,166
3/15/2024 10:00,162
3/15/2024 11:00,158
3/15/2024 12:00,160
3/15/2024 13:00,137
3/15/2024 14:00,142
3/15/2024 15:00,135
3/15/2024 16:00,129
3/15/2024 17:00,130
3/15/2024 18:00,135
3/15/2024 19:00,150
3/15/2024 20:00,162
3/15/2024 21:00,175
3/15/2024 22:00,187
3/15/2024 23:00,200
3/16/2024 0:00,205
3/16/2024 1:00,192
3/16/2024 2:00,210
3/16/2024 3:00,208
3/16/2024 4:00,202
3/16/2024 5:00,202
3/16/2024 6:00,200
3/16/2024 7:00,182
3/16/2024 8:00,173
3/16/2024 9:00,168
3/16/2024 10:00,155
3/16/2024 11:00,140
3/16/2024 12:00,137
3/16/2024 13:00,130
3/16/2024 14:00,120
3/16/2024 15:00,110
3/16/2024 16:00,107
3/16/2024 17:00,100
3/16/2024 18:00,117
3/16/2024 19:00,118
3/16/2024 20:00,140
3/16/2024 21:00,150
3/16/2024 22:00,165
3/16/2024 23:00,178
3/17/2024 0:00,190
3/17/2024 1:00,192
3/17/2024 2:00,195
3/17/2024 3:00,200
3/17/2024 4:00,203
3/17/2024 5:00,200
3/17/2024 6:00,195
3/17/2024 7:00,190
3/17/2024 8:00,187
3/17/2024 9:00,178
3/17/2024 10:00,175
3/17/2024 11:00,157
3/17/2024 12:00,142
3/17/2024 13:00,140
3/17/2024 14:00,130
3/17/2024 15:00,130
3/17/2024 16:00,127
3/17/2024 17:00,130
3/17/2024 18:00,135
3/17/2024 19:00,140
3/17/2024 20:00,157
3/17/2024 21:00,175
3/17/2024 22:00,175
3/17/2024 23:00,184
3/18/2024 0:00,184
3/18/2024 1:00,195
3/18/2024 2:00,200
3/18/2024 3:00,185
3/18/2024 4:00,195
3/18/2024 5:00,198
3/18/2024 6:00,205
3/18/2024 7:00,202
3/18/2024 8:00,190
3/18/2024 9:00,188
3/18/2024 10:00,180
3/18/2024 11:00,164
3/18/2024 12:00,150
3/18/2024 13:00,138
3/18/2024 14:00,130
3/18/2024 15:00,130
3/18/2024 16:00,125
3/18/2024 17:00,125
3/18/2024 18:00,135
3/18/2024 19:00,140
3/18/2024 20:00,150
3/18/2024 21:00,160
3/18/2024 22:00,168
3/18/2024 23:00,170
3/19/2024 0:00,178
3/19/2024 1:00,180
3/19/2024 2:00,185
3/19/2024 3:00,188
3/19/2024 4:00,195
3/19/2024 5:00,197
3/19/2024 6:00,200
3/19/2024 7:00,203
3/19/2024 8:00,200
3/19/2024 9:00,200
3/19/2024 10:00,190
3/19/2024 11:00,175
3/19/2024 12:00,163
3/19/2024 13:00,145
3/19/2024 14:00,140
3/19/2024 15:00,134
3/19/2024 16:00,130
3/19/2024 17:00,130
3/19/2024 18:00,142
3/19/2024 19:00,145
3/19/2024 20:00,160
3/19/2024 21:00,168
3/19/2024 22:00,172
3/19/2024 23:00,175
3/20/2024 0:00,178
3/20/2024 1:00,180
3/20/2024 2:00,185
3/20/2024 3:00,188
3/20/2024 4:00,200
3/20/2024 5:00,198
3/20/2024 6:00,208
3/20/2024 7:00,210
3/20/2024 8:00,210
3/20/2024 9:00,210
3/20/2024 10:00,205
3/20/2024 11:00,192
3/20/2024 12:00,180
3/20/2024 13:00,170
3/20/2024 14:00,151
3/20/2024 15:00,158
3/20/2024 16:00,148
3/20/2024 17:00,140
3/20/2024 18:00,138
3/20/2024 19:00,140
3/20/2024 20:00,168
3/20/2024 21:00,177
3/20/2024 22:00,177
3/20/2024 23:00,180
3/21/2024 0:00,185
3/21/2024 1:00,180
3/21/2024 2:00,183
3/21/2024 3:00,185
3/21/2024 4:00,190
3/21/2024 5:00,193
3/21/2024 6:00,200
3/21/2024 7:00,208
3/21/2024 8:00,209
3/21/2024 9:00,206
3/21/2024 10:00,201
3/21/2024 11:00,190
3/21/2024 12:00,180
3/21/2024 13:00,165
3/21/2024 14:00,165
3/21/2024 15:00,155
3/21/2024 16:00,145
3/21/2024 17:00,140
3/21/2024 18:00,145
3/21/2024 19:00,163
3/21/2024 20:00,170
3/21/2024 21:00,180
3/21/2024 22:00,190
3/21/2024 23:00,188
3/22/2024 0:00,183
3/22/2024 1:00,180
3/22/2024 2:00,190
3/22/2024 3:00,180
3/22/2024 4:00,182
3/22/2024 5:00,180
3/22/2024 6:00,188
3/22/2024 7:00,199
3/22/2024 8:00,205
3/22/2024 9:00,208
3/22/2024 10:00,203
3/22/2024 11:00,195
3/22/2024 12:00,185
3/22/2024 13:00,173
3/22/2024 14:00,165
3/22/2024 15:00,155
3/22/2024 16:00,150
3/22/2024 17:00,153
3/22/2024 18:00,157
3/22/2024 19:00,165
3/22/2024 20:00,170
3/22/2024 21:00,180
3/22/2024 22:00,184
3/22/2024 23:00,180
3/23/2024 0:00,182
3/23/2024 1:00,177
3/23/2024 2:00,170
3/23/2024 3:00,175
3/23/2024 4:00,185
3/23/2024 5:00,187
3/23/2024 6:00,195
3/23/2024 7:00,195
3/23/2024 8:00,208
3/23/2024 9:00,210
3/23/2024 10:00,205
3/23/2024 11:00,200
3/23/2024 12:00,195
3/23/2024 13:00,185
3/23/2024 14:00,175
3/23/2024 15:00,162
3/23/2024 16:00,162
3/23/2024 17:00,160
3/23/2024 18:00,168
3/23/2024 19:00,173
3/23/2024 20:00,180
3/23/2024 21:00,187
3/23/2024 22:00,190
3/23/2024 23:00,190
3/24/2024 0:00,192
3/24/2024 1:00,188
3/24/2024 2:00,190
3/24/2024 3:00,187
3/24/2024 4:00,192
3/24/2024 5:00,195
3/24/2024 6:00,200
3/24/2024 7:00,200
3/24/2024 8:00,215
3/24/2024 9:00,215
3/24/2024 10:00,206
3/24/2024 11:00,205
3/24/2024 12:00,200
3/24/2024 13:00,192
3/24/2024 14:00,188
3/24/2024 15:00,180
3/24/2024 16:00,175
3/24/2024 17:00,180
3/24/2024 18:00,180
3/24/2024 19:00,188
3/24/2024 20:00,190
3/24/2024 21:00,198
3/24/2024 22:00,205
3/24/2024 23:00,205
3/25/2024 0:00,205
3/25/2024 1:00,200
3/25/2024 2:00,195
3/25/2024 3:00,190
3/25/2024 4:00,195
3/25/2024 5:00,198
3/25/2024 6:00,198
3/25/2024 7:00,200
3/25/2024 8:00,204
3/25/2024 9:00,209
3/25/2024 10:00,200
3/25/2024 11:00,198
3/25/2024 12:00,185
3/25/2024 13:00,190
3/25/2024 14:00,182
3/25/2024 15:00,183
3/25/2024 16:00,177
3/25/2024 17:00,175
3/25/2024 18:00,173
3/25/2024 19:00,182
3/25/2024 20:00,177
3/25/2024 21:00,182
3/25/2024 22:00,192
3/25/2024 23:00,194
3/26/2024 0:00,188
3/26/2024 1:00,188
3/26/2024 2:00,188
3/26/2024 3:00,185
3/26/2024 4:00,190
3/26/2024 5:00,187
3/26/2024 6:00,190
3/26/2024 7:00,195
3/26/2024 8:00,195
3/26/2024 9:00,190
3/26/2024 10:00,198
3/26/2024 11:00,190
3/26/2024 12:00,190
3/26/2024 13:00,190
3/26/2024 14:00,188
3/26/2024 15:00,185
3/26/2024 16:00,185
3/26/2024 17:00,183
3/26/2024 18:00,182
3/26/2024 19:00,185
3/26/2024 20:00,199
3/26/2024 21:00,207
3/26/2024 22:00,210
3/26/2024 23:00,210
3/27/2024 0:00,205
3/27/2024 1:00,210
3/27/2024 2:00,208
3/27/2024 3:00,210
3/27/2024 4:00,200
3/27/2024 5:00,200
3/27/2024 6:00,198
3/27/2024 7:00,194
3/27/2024 8:00,184
3/27/2024 9:00,190
3/27/2024 10:00,185
3/27/2024 11:00,187
3/27/2024 12:00,180
3/27/2024 13:00,175
3/27/2024 14:00,175
3/27/2024 15:00,182
3/27/2024 16:00,182
3/27/2024 17:00,184
3/27/2024 18:00,185
3/27/2024 19:00,188
3/27/2024 20:00,194
3/27/2024 21:00,205
3/27/2024 22:00,210
3/27/2024 23:00,213
3/28/2024 0:00,205
3/28/2024 1:00,210
3/28/2024 2:00,205
3/28/2024 3:00,200
3/28/2024 4:00,200
3/28/2024 5:00,195
3/28/2024 6:00,190
3/28/2024 7:00,175
3/28/2024 8:00,170
3/28/2024 9:00,170
3/28/2024 10:00,168
3/28/2024 11:00,165
3/28/2024 12:00,164
3/28/2024 13:00,170
3/28/2024 14:00,170
3/28/2024 15:00,163
3/28/2024 16:00,160
3/28/2024 17:00,165
3/28/2024 18:00,178
3/28/2024 19:00,180
3/28/2024 20:00,180
3/28/2024 21:00,185
3/28/2024 22:00,190
3/28/2024 23:00,192
3/29/2024 0:00,190
3/29/2024 1:00,195
3/29/2024 2:00,192
3/29/2024 3:00,192
3/29/2024 4:00,190
3/29/2024 5:00,180
3/29/2024 6:00,178
3/29/2024 7:00,175
3/29/2024 8:00,173
3/29/2024 9:00,160
3/29/2024 10:00,160
3/29/2024 11:00,160
3/29/2024 12:00,160
3/29/2024 13:00,160
3/29/2024 14:00,168
3/29/2024 15:00,169
3/29/2024 16:00,170
3/29/2024 17:00,175
3/29/2024 18:00,180
3/29/2024 19:00,185
3/29/2024 20:00,190
3/29/2024 21:00,199
3/29/2024 22:00,210
3/29/2024 23:00,210
3/30/2024 0:00,215
3/30/2024 1:00,215
3/30/2024 2:00,215
3/30/2024 3:00,210
3/30/2024 4:00,210
3/30/2024 5:00,202
3/30/2024 6:00,200
3/30/2024 7:00,197
3/30/2024 8:00,184
3/30/2024 9:00,174
3/30/2024 10:00,170
3/30/2024 11:00,165
3/30/2024 12:00,165
3/30/2024 13:00,155
3/30/2024 14:00,153
3/30/2024 15:00,160
3/30/2024 16:00,170
3/30/2024 17:00,175
3/30/2024 18:00,197
3/30/2024 19:00,200
3/30/2024 20:00,205
3/30/2024 21:00,210
3/30/2024 22:00,210
3/30/2024 23:00,215
3/31/2024 0:00,225
3/31/2024 1:00,221
3/31/2024 2:00,222
3/31/2024 3:00,220
3/31/2024 4:00,220
3/31/2024 5:00,208
3/31/2024 6:00,200
3/31/2024 7:00,203
3/31/2024 8:00,190
3/31/2024 9:00,180
3/31/2024 10:00,167
3/31/2024 11:00,160
3/31/2024 12:00,148
3/31/2024 13:00,145
3/31/2024 14:00,143
3/31/2024 15:00,152
3/31/2024 16:00,154
3/31/2024 17:00,163
3/31/2024 18:00,175
3/31/2024 19:00,180
3/31/2024 20:00,200
3/31/2024 21:00,200
3/31/2024 22:00,200
3/31/2024 23:00,202
4/1/2024 0:00,205
4/1/2024 1:00,208
4/1/2024 2:00,210
4/1/2024 3:00,213
4/1/2024 4:00,215
4/1/2024 5:00,210
4/1/2024 6:00,202
4/1/2024 7:00,200
4/1/2024 8:00,180
4/1/2024 9:00,170
4/1/2024 10:00,155
4/1/2024 11:00,153
4/1/2024 12:00,153
4/1/2024 13:00,153
4/1/2024 14:00,147
4/1/2024 15:00,147
4/1/2024 16:00,150
4/1/2024 17:00,155
4/1/2024 18:00,170
4/1/2024 19:00,180
4/1/2024 20:00,190
4/1/2024 21:00,230
4/1/2024 22:00,203
4/1/2024 23:00,203
4/2/2024 0:00,204
4/2/2024 1:00,210
4/2/2024 2:00,205
4/2/2024 3:00,213
4/2/2024 4:00,222
4/2/2024 5:00,218
4/2/2024 6:00,220
4/2/2024 7:00,215
4/2/2024 8:00,205
4/2/2024 9:00,192
4/2/2024 10:00,190
4/2/2024 11:00,170
4/2/2024 12:00,145
4/2/2024 13:00,143
4/2/2024 14:00,135
4/2/2024 15:00,140
4/2/2024 16:00,150
4/2/2024 17:00,155
4/2/2024 18:00,168
4/2/2024 19:00,175
4/2/2024 20:00,188
4/2/2024 21:00,192
4/2/2024 22:00,190
4/2/2024 23:00,190
4/3/2024 0:00,195
4/3/2024 1:00,205
4/3/2024 2:00,205
4/3/2024 3:00,200
4/3/2024 4:00,211
4/3/2024 5:00,220
4/3/2024 6:00,215
4/3/2024 7:00,219
4/3/2024 8:00,210
4/3/2024 9:00,198
4/3/2024 10:00,190
4/3/2024 11:00,173
4/3/2024 12:00,169
4/3/2024 13:00,150
4/3/2024 14:00,148
4/3/2024 15:00,135
4/3/2024 16:00,138
4/3/2024 17:00,140
4/3/2024 18:00,145
4/3/2024 19:00,160
4/3/2024 20:00,175
4/3/2024 21:00,180
4/3/2024 22:00,190
4/3/2024 23:00,190
4/4/2024 0:00,190
4/4/2024 1:00,190
4/4/2024 2:00,200
4/4/2024 3:00,197
4/4/2024 4:00,208
4/4/2024 5:00,210
4/4/2024 6:00,213
4/4/2024 7:00,220
4/4/2024 8:00,222
4/4/2024 9:00,210
4/4/2024 10:00,200
4/4/2024 11:00,190
4/4/2024 12:00,173
4/4/2024 13:00,180
4/4/2024 14:00,185
4/4/2024 15:00,138
4/4/2024 16:00,140
4/4/2024 17:00,140
4/4/2024 18:00,154
4/4/2024 19:00,165
4/4/2024 20:00,175
4/4/2024 21:00,190
4/4/2024 22:00,190
4/4/2024 23:00,198
4/5/2024 0:00,195
4/5/2024 1:00,185
4/5/2024 2:00,185
4/5/2024 3:00,190
4/5/2024 4:00,200
4/5/2024 5:00,212
4/5/2024 6:00,218
4/5/2024 7:00,229
4/5/2024 8:00,220
4/5/2024 9:00,220
4/5/2024 10:00,210
4/5/2024 11:00,199
4/5/2024 12:00,180
4/5/2024 13:00,160
4/5/2024 14:00,155
4/5/2024 15:00,136
4/5/2024 16:00,146
4/5/2024 17:00,142
4/5/2024 18:00,145
4/5/2024 19:00,168
4/5/2024 20:00,170
4/5/2024 21:00,185
4/5/2024 22:00,175
4/5/2024 23:00,183
4/6/2024 0:00,175
4/6/2024 1:00,180
4/6/2024 2:00,175
4/6/2024 3:00,183
4/6/2024 4:00,186
4/6/2024 5:00,196
4/6/2024 6:00,207
4/6/2024 7:00,216
4/6/2024 8:00,215
4/6/2024 9:00,210
4/6/2024 10:00,202
4/6/2024 11:00,190
4/6/2024 12:00,180
4/6/2024 13:00,170
4/6/2024 14:00,160
4/6/2024 15:00,153
4/6/2024 16:00,148
4/6/2024 17:00,137
4/6/2024 18:00,145
4/6/2024 19:00,155
4/6/2024 20:00,175
4/6/2024 21:00,177
4/6/2024 22:00,185
4/6/2024 23:00,184
4/7/2024 0:00,187
4/7/2024 1:00,178
4/7/2024 2:00,180
4/7/2024 3:00,176
4/7/2024 4:00,173
4/7/2024 5:00,180
4/7/2024 6:00,185
4/7/2024 7:00,188
4/7/2024 8:00,204
4/7/2024 9:00,205
4/7/2024 10:00,205
4/7/2024 11:00,200
4/7/2024 12:00,190
4/7/2024 13:00,180
4/7/2024 14:00,175
4/7/2024 15:00,168
4/7/2024 16:00,157
4/7/2024 17:00,157
4/7/2024 18:00,160
4/7/2024 19:00,174
4/7/2024 20:00,190
4/7/2024 21:00,193
4/7/2024 22:00,208
4/7/2024 23:00,195
4/8/2024 0:00,195
4/8/2024 1:00,185
4/8/2024 2:00,190
4/8/2024 3:00,185
4/8/2024 4:00,190
4/8/2024 5:00,180
4/8/2024 6:00,185
4/8/2024 7:00,190
4/8/2024 8:00,195
4/8/2024 9:00,199
4/8/2024 10:00,199
4/8/2024 11:00,190
4/8/2024 12:00,185
4/8/2024 13:00,175
4/8/2024 14:00,180
4/8/2024 15:00,170
4/8/2024 16:00,168
4/8/2024 17:00,168
4/8/2024 18:00,162
4/8/2024 19:00,170
4/8/2024 20:00,188
4/8/2024 21:00,201
4/8/2024 22:00,200
4/8/2024 23:00,205
4/9/2024 0:00,203
4/9/2024 1:00,195
4/9/2024 2:00,195
4/9/2024 3:00,185
4/9/2024 4:00,180
4/9/2024 5:00,177
4/9/2024 6:00,168
4/9/2024 7:00,168
4/9/2024 8:00,170
4/9/2024 9:00,170
4/9/2024 10:00,175
4/9/2024 11:00,172
4/9/2024 12:00,169
4/9/2024 13:00,170
4/9/2024 14:00,168
4/9/2024 15:00,163
4/9/2024 16:00,165
4/9/2024 17:00,163
4/9/2024 18:00,165
4/9/2024 19:00,180
4/9/2024 20:00,188
4/9/2024 21:00,203
4/9/2024 22:00,205
4/9/2024 23:00,202
4/10/2024 0:00,205
4/10/2024 1:00,204
4/10/2024 2:00,194
4/10/2024 3:00,190
4/10/2024 4:00,188
4/10/2024 5:00,175
4/10/2024 6:00,170
4/10/2024 7:00,160
4/10/2024 8:00,160
4/10/2024 9:00,163
4/10/2024 10:00,165
4/10/2024 11:00,160
4/10/2024 12:00,160
4/10/2024 13:00,160
4/10/2024 14:00,160
4/10/2024 15:00,163
4/10/2024 16:00,172
4/10/2024 17:00,178
4/10/2024 18:00,190
4/10/2024 19:00,190
4/10/2024 20:00,190
4/10/2024 21:00,205
4/10/2024 22:00,210
4/10/2024 23:00,225
4/11/2024 0:00,225
4/11/2024 1:00,229
4/11/2024 2:00,229
4/11/2024 3:00,209
4/11/2024 4:00,205
4/11/2024 5:00,203
4/11/2024 6:00,191
4/11/2024 7:00,175
4/11/2024 8:00,165
4/11/2024 9:00,160
4/11/2024 10:00,165
4/11/2024 11:00,150
4/11/2024 12:00,150
4/11/2024 13:00,152
4/11/2024 14:00,160
4/11/2024 15:00,160
4/11/2024 16:00,165
4/11/2024 17:00,174
4/11/2024 18:00,190
4/11/2024 19:00,195
4/11/2024 20:00,202
4/11/2024 21:00,217
4/11/2024 22:00,234
4/11/2024 23:00,235
4/12/2024 0:00,235
4/12/2024 1:00,232
4/12/2024 2:00,228
4/12/2024 3:00,222
4/12/2024 4:00,202
4/12/2024 5:00,190
4/12/2024 6:00,185
4/12/2024 7:00,170
4/12/2024 8:00,152
4/12/2024 9:00,148
4/12/2024 10:00,140
4/12/2024 11:00,137
4/12/2024 12:00,133
4/12/2024 13:00,125
4/12/2024 14:00,137
4/12/2024 15:00,137
4/12/2024 16:00,142
4/12/2024 17:00,154
4/12/2024 18:00,167
4/12/2024 19:00,177
4/12/2024 20:00,187
4/12/2024 21:00,200
4/12/2024 22:00,210
4/12/2024 23:00,220
4/13/2024 0:00,220
4/13/2024 1:00,228
4/13/2024 2:00,230
4/13/2024 3:00,220
4/13/2024 4:00,220
4/13/2024 5:00,202
4/13/2024 6:00,194
4/13/2024 7:00,183
4/13/2024 8:00,175
4/13/2024 9:00,160
4/13/2024 10:00,150
4/13/2024 11:00,150
4/13/2024 12:00,145
4/13/2024 13:00,138
4/13/2024 14:00,138
4/13/2024 15:00,140
4/13/2024 16:00,160
4/13/2024 17:00,170
4/13/2024 18:00,177
4/13/2024 19:00,190
4/13/2024 20:00,203
4/13/2024 21:00,207
4/13/2024 22:00,210
4/13/2024 23:00,215
4/14/2024 0:00,220
4/14/2024 1:00,225
4/14/2024 2:00,225
4/14/2024 3:00,228
4/14/2024 4:00,228
4/14/2024 5:00,215
4/14/2024 6:00,205
4/14/2024 7:00,190
4/14/2024 8:00,187
4/14/2024 9:00,170
4/14/2024 10:00,158
4/14/2024 11:00,150
4/14/2024 12:00,143
4/14/2024 13:00,138
4/14/2024 14:00,135
4/14/2024 15:00,144
4/14/2024 16:00,150
4/14/2024 17:00,165
4/14/2024 18:00,178
4/14/2024 19:00,185
4/14/2024 20:00,196
4/14/2024 21:00,204
4/14/2024 22:00,205
4/14/2024 23:00,200
4/15/2024 0:00,210
4/15/2024 1:00,213
4/15/2024 2:00,220
4/15/2024 3:00,220
4/15/2024 4:00,220
4/15/2024 5:00,219
4/15/2024 6:00,214
4/15/2024 7:00,200
4/15/2024 8:00,183
4/15/2024 9:00,178
4/15/2024 10:00,165
4/15/2024 11:00,148
4/15/2024 12:00,145
4/15/2024 13:00,140
4/15/2024 14:00,145
4/15/2024 15:00,137
4/15/2024 16:00,145
4/15/2024 17:00,150
4/15/2024 18:00,170
4/15/2024 19:00,185
4/15/2024 20:00,188
4/15/2024 21:00,195
4/15/2024 22:00,195
4/15/2024 23:00,202
4/16/2024 0:00,200
4/16/2024 1:00,198
4/16/2024 2:00,198
4/16/2024 3:00,204
4/16/2024 4:00,200
4/16/2024 5:00,195
4/16/2024 6:00,204
4/16/2024 7:00,205
4/16/2024 8:00,205
4/16/2024 9:00,195
4/16/2024 10:00,185
4/16/2024 11:00,170
4/16/2024 12:00,160
4/16/2024 13:00,150
4/16/2024 14:00,145
4/16/2024 15:00,140
4/16/2024 16:00,145
4/16/2024 17:00,160
4/16/2024 18:00,175
4/16/2024 19:00,190
4/16/2024 20:00,200
4/16/2024 21:00,204
4/16/2024 22:00,206
4/16/2024 23:00,201
4/17/2024 0:00,200
4/17/2024 1:00,195
4/17/2024 2:00,200
4/17/2024 3:00,200
4/17/2024 4:00,208
4/17/2024 5:00,210
4/17/2024 6:00,220
4/17/2024 7:00,218
4/17/2024 8:00,214
4/17/2024 9:00,202
4/17/2024 10:00,195
4/17/2024 11:00,180
4/17/2024 12:00,173
4/17/2024 13:00,165
4/17/2024 14:00,155
4/17/2024 15:00,150
4/17/2024 16:00,153
4/17/2024 17:00,165
4/17/2024 18:00,175
4/17/2024 19:00,183
4/17/2024 20:00,200
4/17/2024 21:00,232
4/17/2024 22:00,200
4/17/2024 23:00,200
4/18/2024 0:00,200
4/18/2024 1:00,183
4/18/2024 2:00,190
4/18/2024 3:00,192
4/18/2024 4:00,202
4/18/2024 5:00,200
4/18/2024 6:00,208
4/18/2024 7:00,209
4/18/2024 8:00,204
4/18/2024 9:00,195
4/18/2024 10:00,200
4/18/2024 11:00,185
4/18/2024 12:00,179
4/18/2024 13:00,168
4/18/2024 14:00,165
4/18/2024 15:00,152
4/18/2024 16:00,150
4/18/2024 17:00,155
4/18/2024 18:00,167
4/18/2024 19:00,180
4/18/2024 20:00,195
4/18/2024 21:00,200
4/18/2024 22:00,200
4/18/2024 23:00,190
4/19/2024 0:00,188
4/19/2024 1:00,187
4/19/2024 2:00,185
4/19/2024 3:00,182
4/19/2024 4:00,193
4/19/2024 5:00,196
4/19/2024 6:00,202
4/19/2024 7:00,206
4/19/2024 8:00,208
4/19/2024 9:00,200
4/19/2024 10:00,200
4/19/2024 11:00,190
4/19/2024 12:00,185
4/19/2024 13:00,175
4/19/2024 14:00,165
4/19/2024 15:00,162
4/19/2024 16:00,160
4/19/2024 17:00,159
4/19/2024 18:00,167
4/19/2024 19:00,180
4/19/2024 20:00,185
4/19/2024 21:00,195
4/19/2024 22:00,205
4/19/2024 23:00,196
4/20/2024 0:00,190
4/20/2024 1:00,190
4/20/2024 2:00,190
4/20/2024 3:00,195
4/20/2024 4:00,197
4/20/2024 5:00,201
4/20/2024 6:00,198
4/20/2024 7:00,200
4/20/2024 8:00,198
4/20/2024 9:00,200
4/20/2024 10:00,195
4/20/2024 11:00,185
4/20/2024 12:00,175
4/20/2024 13:00,179
4/20/2024 14:00,175
4/20/2024 15:00,170
4/20/2024 16:00,178
4/20/2024 17:00,177
4/20/2024 18:00,183
4/20/2024 19:00,190
4/20/2024 20:00,202
4/20/2024 21:00,211
4/20/2024 22:00,210
4/20/2024 23:00,205
4/21/2024 0:00,205
4/21/2024 1:00,203
4/21/2024 2:00,200
4/21/2024 3:00,190
4/21/2024 4:00,199
4/21/2024 5:00,191
4/21/2024 6:00,194
4/21/2024 7:00,190
4/21/2024 8:00,190
4/21/2024 9:00,185
4/21/2024 10:00,175
4/21/2024 11:00,175
4/21/2024 12:00,175
4/21/2024 13:00,180
4/21/2024 14:00,179
4/21/2024 15:00,174
4/21/2024 16:00,169
4/21/2024 17:00,172
4/21/2024 18:00,174
4/21/2024 19:00,183
4/21/2024 20:00,190
4/21/2024 21:00,200
4/21/2024 22:00,210
4/21/2024 23:00,195
4/22/2024 0:00,193
4/22/2024 1:00,190
4/22/2024 2:00,188
4/22/2024 3:00,184
4/22/2024 4:00,183
4/22/2024 5:00,180
4/22/2024 6:00,173
4/22/2024 7:00,172
4/22/2024 8:00,175
4/22/2024 9:00,180
4/22/2024 10:00,175
4/22/2024 11:00,165
4/22/2024 12:00,175
4/22/2024 13:00,175
4/22/2024 14:00,180
4/22/2024 15:00,180
4/22/2024 16:00,185
4/22/2024 17:00,185
4/22/2024 18:00,188
4/22/2024 19:00,195
4/22/2024 20:00,205
4/22/2024 21:00,208
4/22/2024 22:00,210
4/22/2024 23:00,208
4/23/2024 0:00,206
4/23/2024 1:00,200
4/23/2024 2:00,198
4/23/2024 3:00,198
4/23/2024 4:00,190
4/23/2024 5:00,185
4/23/2024 6:00,180
4/23/2024 7:00,177
4/23/2024 8:00,180
4/23/2024 9:00,173
4/23/2024 10:00,167
4/23/2024 11:00,170
4/23/2024 12:00,168
4/23/2024 13:00,167
4/23/2024 14:00,175
4/23/2024 15:00,175
4/23/2024 16:00,195
4/23/2024 17:00,190
4/23/2024 18:00,189
4/23/2024 19:00,204
4/23/2024 20:00,204
4/23/2024 21:00,195
4/23/2024 22:00,217
4/23/2024 23:00,214
4/24/2024 0:00,205
4/24/2024 1:00,195
4/24/2024 2:00,205
4/24/2024 3:00,200
4/24/2024 4:00,190
4/24/2024 5:00,186
4/24/2024 6:00,175
4/24/2024 7:00,164
4/24/2024 8:00,160
4/24/2024 9:00,165
4/24/2024 10:00,158
4/24/2024 11:00,157
4/24/2024 12:00,170
4/24/2024 13:00,175
4/24/2024 14:00,180
4/24/2024 15:00,185
4/24/2024 16:00,190
4/24/2024 17:00,195
4/24/2024 18:00,192
4/24/2024 19:00,190
4/24/2024 20:00,207
4/24/2024 21:00,215
4/24/2024 22:00,220
4/24/2024 23:00,220
4/25/2024 0:00,215
4/25/2024 1:00,213
4/25/2024 2:00,196
4/25/2024 3:00,187
4/25/2024 4:00,177
4/25/2024 5:00,170
4/25/2024 6:00,175
4/25/2024 7:00,170
4/25/2024 8:00,162
4/25/2024 9:00,170
4/25/2024 10:00,168
4/25/2024 11:00,168
4/25/2024 12:00,167
4/25/2024 13:00,160
4/25/2024 14:00,158
4/25/2024 15:00,170
4/25/2024 16:00,180
4/25/2024 17:00,200
4/25/2024 18:00,209
4/25/2024 19:00,213
4/25/2024 20:00,220
4/25/2024 21:00,230
4/25/2024 22:00,232
4/25/2024 23:00,232
4/26/2024 0:00,220
4/26/2024 1:00,217
4/26/2024 2:00,210
4/26/2024 3:00,200
4/26/2024 4:00,200
4/26/2024 5:00,185
4/26/2024 6:00,180
4/26/2024 7:00,170
4/26/2024 8:00,165
4/26/2024 9:00,155
4/26/2024 10:00,156
4/26/2024 11:00,159
4/26/2024 12:00,160
4/26/2024 13:00,164
4/26/2024 14:00,175
4/26/2024 15:00,185
4/26/2024 16:00,196
4/26/2024 17:00,200
4/26/2024 18:00,210
4/26/2024 19:00,218
4/26/2024 20:00,220
4/26/2024 21:00,230
4/26/2024 22:00,230
4/26/2024 23:00,230
4/27/2024 0:00,227
4/27/2024 1:00,228
4/27/2024 2:00,215
4/27/2024 3:00,213
4/27/2024 4:00,204
4/27/2024 5:00,193
4/27/2024 6:00,182
4/27/2024 7:00,173
4/27/2024 8:00,160
4/27/2024 9:00,165
4/27/2024 10:00,144
4/27/2024 11:00,155
4/27/2024 12:00,158
4/27/2024 13:00,158
4/27/2024 14:00,169
4/27/2024 15:00,170
4/27/2024 16:00,183
4/27/2024 17:00,190
4/27/2024 18:00,196
4/27/2024 19:00,207
4/27/2024 20:00,215
4/27/2024 21:00,225
4/27/2024 22:00,215
4/27/2024 23:00,223
4/28/2024 0:00,235
4/28/2024 1:00,225
4/28/2024 2:00,215
4/28/2024 3:00,207
4/28/2024 4:00,200
4/28/2024 5:00,195
4/28/2024 6:00,180
4/28/2024 7:00,174
4/28/2024 8:00,170
4/28/2024 9:00,163
4/28/2024 10:00,158
4/28/2024 11:00,160
4/28/2024 12:00,157
4/28/2024 13:00,158
4/28/2024 14:00,158
4/28/2024 15:00,165
4/28/2024 16:00,177
4/28/2024 17:00,185
4/28/2024 18:00,189
4/28/2024 19:00,200
4/28/2024 20:00,225
4/28/2024 21:00,228
4/28/2024 22:00,234
4/28/2024 23:00,227
4/29/2024 0:00,235
4/29/2024 1:00,230
4/29/2024 2:00,225
4/29/2024 3:00,220
4/29/2024 4:00,215
4/29/2024 5:00,205
4/29/2024 6:00,205
4/29/2024 7:00,195
4/29/2024 8:00,184
4/29/2024 9:00,177
4/29/2024 10:00,177
4/29/2024 11:00,162
4/29/2024 12:00,153
4/29/2024 13:00,153
4/29/2024 14:00,147
4/29/2024 15:00,157
4/29/2024 16:00,174
4/29/2024 17:00,188
4/29/2024 18:00,198
4/29/2024 19:00,208
4/29/2024 20:00,215
4/29/2024 21:00,223
4/29/2024 22:00,226
4/29/2024 23:00,225
4/30/2024 0:00,235
4/30/2024 1:00,237
4/30/2024 2:00,240
4/30/2024 3:00,225
4/30/2024 4:00,225
4/30/2024 5:00,227
4/30/2024 6:00,220
4/30/2024 7:00,212
4/30/2024 8:00,200
4/30/2024 9:00,190
4/30/2024 10:00,180
4/30/2024 11:00,160
4/30/2024 12:00,155
4/30/2024 13:00,150
4/30/2024 14:00,148
4/30/2024 15:00,152
4/30/2024 16:00,168
4/30/2024 17:00,178
4/30/2024 18:00,190
4/30/2024 19:00,205
4/30/2024 20:00,210
4/30/2024 21:00,212
4/30/2024 22:00,215
4/30/2024 23:00,215
5/1/2024 0:00,220
5/1/2024 1:00,216
5/1/2024 2:00,221
5/1/2024 3:00,220
5/1/2024 4:00,225
5/1/2024 5:00,226
5/1/2024 6:00,228
5/1/2024 7:00,215
5/1/2024 8:00,205
5/1/2024 9:00,190
5/1/2024 10:00,175
5/1/2024 11:00,155
5/1/2024 12:00,150
5/1/2024 13:00,150
5/1/2024 14:00,148
5/1/2024 15:00,150
5/1/2024 16:00,158
5/1/2024 17:00,170
5/1/2024 18:00,185
5/1/2024 19:00,203
5/1/2024 20:00,210
5/1/2024 21:00,224
5/1/2024 22:00,220
5/1/2024 23:00,215
5/2/2024 0:00,220
5/2/2024 1:00,225
5/2/2024 2:00,220
5/2/2024 3:00,228
5/2/2024 4:00,225
5/2/2024 5:00,232
5/2/2024 6:00,232
5/2/2024 7:00,225
5/2/2024 8:00,220
5/2/2024 9:00,214
5/2/2024 10:00,198
5/2/2024 11:00,175
5/2/2024 12:00,175
5/2/2024 13:00,158
5/2/2024 14:00,155
5/2/2024 15:00,159
5/2/2024 16:00,167
5/2/2024 17:00,174
5/2/2024 18:00,185
5/2/2024 19:00,204
5/2/2024 20:00,210
5/2/2024 21:00,216
5/2/2024 22:00,217
5/2/2024 23:00,215
5/3/2024 0:00,210
5/3/2024 1:00,210
5/3/2024 2:00,207
5/3/2024 3:00,215
5/3/2024 4:00,214
5/3/2024 5:00,214
5/3/2024 6:00,218
5/3/2024 7:00,218
5/3/2024 8:00,212
5/3/2024 9:00,215
5/3/2024 10:00,193
5/3/2024 11:00,187
5/3/2024 12:00,173
5/3/2024 13:00,170
5/3/2024 14:00,164
5/3/2024 15:00,160
5/3/2024 16:00,165
5/3/2024 17:00,169
5/3/2024 18:00,180
5/3/2024 19:00,204
5/3/2024 20:00,206
5/3/2024 21:00,215
5/3/2024 22:00,214
5/3/2024 23:00,212
5/4/2024 0:00,202
5/4/2024 1:00,197
5/4/2024 2:00,195
5/4/2024 3:00,205
5/4/2024 4:00,207
5/4/2024 5:00,211
5/4/2024 6:00,210
5/4/2024 7:00,212
5/4/2024 8:00,210
5/4/2024 9:00,213
5/4/2024 10:00,200
5/4/2024 11:00,190
5/4/2024 12:00,190
5/4/2024 13:00,178
5/4/2024 14:00,170
5/4/2024 15:00,168
5/4/2024 16:00,170
5/4/2024 17:00,175
5/4/2024 18:00,186
5/4/2024 19:00,195
5/4/2024 20:00,206
5/4/2024 21:00,212
5/4/2024 22:00,218
5/4/2024 23:00,213
5/5/2024 0:00,205
5/5/2024 1:00,195
5/5/2024 2:00,197
5/5/2024 3:00,200
5/5/2024 4:00,204
5/5/2024 5:00,201
5/5/2024 6:00,204
5/5/2024 7:00,205
5/5/2024 8:00,205
5/5/2024 9:00,213
5/5/2024 10:00,200
5/5/2024 11:00,195
5/5/2024 12:00,175
5/5/2024 13:00,165
5/5/2024 14:00,168
5/5/2024 15:00,171
5/5/2024 16:00,173
5/5/2024 17:00,182
5/5/2024 18:00,187
5/5/2024 19:00,198
5/5/2024 20:00,210
5/5/2024 21:00,217
5/5/2024 22:00,210
5/5/2024 23:00,208
5/6/2024 0:00,210
5/6/2024 1:00,208
5/6/2024 2:00,195
5/6/2024 3:00,190
5/6/2024 4:00,183
5/6/2024 5:00,175
5/6/2024 6:00,184
5/6/2024 7:00,180
5/6/2024 8:00,185
5/6/2024 9:00,190
5/6/2024 10:00,188
5/6/2024 11:00,182
5/6/2024 12:00,180
5/6/2024 13:00,177
5/6/2024 14:00,177
5/6/2024 15:00,175
5/6/2024 16:00,190
5/6/2024 17:00,198
5/6/2024 18:00,202
5/6/2024 19:00,200
5/6/2024 20:00,230
5/6/2024 21:00,237
5/6/2024 22:00,233
5/6/2024 23:00,230
5/7/2024 0:00,220
5/7/2024 1:00,218
5/7/2024 2:00,205
5/7/2024 3:00,200
5/7/2024 4:00,190
5/7/2024 5:00,183
5/7/2024 6:00,170
5/7/2024 7:00,170
5/7/2024 8:00,173
5/7/2024 9:00,173
5/7/2024 10:00,174
5/7/2024 11:00,170
5/7/2024 12:00,174
5/7/2024 13:00,180
5/7/2024 14:00,180
5/7/2024 15:00,187
5/7/2024 16:00,192
5/7/2024 17:00,199
5/7/2024 18:00,208
5/7/2024 19:00,225
5/7/2024 20:00,237
5/7/2024 21:00,245
5/7/2024 22:00,245
5/7/2024 23:00,244
5/8/2024 0:00,235
5/8/2024 1:00,228
5/8/2024 2:00,212
5/8/2024 3:00,205
5/8/2024 4:00,195
5/8/2024 5:00,175
5/8/2024 6:00,165
5/8/2024 7:00,160
5/8/2024 8:00,160
5/8/2024 9:00,160
5/8/2024 10:00,165
5/8/2024 11:00,163
5/8/2024 12:00,160
5/8/2024 13:00,170
5/8/2024 14:00,180
5/8/2024 15:00,185
5/8/2024 16:00,198
5/8/2024 17:00,213
5/8/2024 18:00,210
5/8/2024 19:00,223
5/8/2024 20:00,238
5/8/2024 21:00,244
5/8/2024 22:00,239
5/8/2024 23:00,250
5/9/2024 0:00,238
5/9/2024 1:00,230
5/9/2024 2:00,220
5/9/2024 3:00,210
5/9/2024 4:00,195
5/9/2024 5:00,178
5/9/2024 6:00,167
5/9/2024 7:00,150
5/9/2024 8:00,140
5/9/2024 9:00,148
5/9/2024 10:00,147
5/9/2024 11:00,150
5/9/2024 12:00,159
5/9/2024 13:00,152
5/9/2024 14:00,160
5/9/2024 15:00,175
5/9/2024 16:00,178
5/9/2024 17:00,195
5/9/2024 18:00,205
5/9/2024 19:00,215
5/9/2024 20:00,225
5/9/2024 21:00,235
5/9/2024 22:00,242
5/9/2024 23:00,240
5/10/2024 0:00,238
5/10/2024 1:00,230
5/10/2024 2:00,215
5/10/2024 3:00,215
5/10/2024 4:00,205
5/10/2024 5:00,190
5/10/2024 6:00,180
5/10/2024 7:00,167
5/10/2024 8:00,160
5/10/2024 9:00,150
5/10/2024 10:00,155
5/10/2024 11:00,160
5/10/2024 12:00,154
5/10/2024 13:00,165
5/10/2024 14:00,169
5/10/2024 15:00,175
5/10/2024 16:00,190
5/10/2024 17:00,205
5/10/2024 18:00,214
5/10/2024 19:00,225
5/10/2024 20:00,232
5/10/2024 21:00,240
5/10/2024 22:00,250
5/10/2024 23:00,250
5/11/2024 0:00,255
5/11/2024 1:00,245
5/11/2024 2:00,245
5/11/2024 3:00,235
5/11/2024 4:00,225
5/11/2024 5:00,211
5/11/2024 6:00,197
5/11/2024 7:00,188
5/11/2024 8:00,166
5/11/2024 9:00,159
5/11/2024 10:00,155
5/11/2024 11:00,154
5/11/2024 12:00,160
5/11/2024 13:00,158
5/11/2024 14:00,170
5/11/2024 15:00,180
5/11/2024 16:00,188
5/11/2024 17:00,198
5/11/2024 18:00,215
5/11/2024 19:00,225
5/11/2024 20:00,235
5/11/2024 21:00,240
5/11/2024 22:00,245
5/11/2024 23:00,249
5/12/2024 0:00,246
5/12/2024 1:00,245
5/12/2024 2:00,240
5/12/2024 3:00,236
5/12/2024 4:00,230
5/12/2024 5:00,220
5/12/2024 6:00,206
5/12/2024 7:00,184
5/12/2024 8:00,170
5/12/2024 9:00,158
5/12/2024 10:00,150
5/12/2024 11:00,151
5/12/2024 12:00,153
5/12/2024 13:00,150
5/12/2024 14:00,156
5/12/2024 15:00,168
5/12/2024 16:00,187
5/12/2024 17:00,195
5/12/2024 18:00,207
5/12/2024 19:00,225
5/12/2024 20:00,229
5/12/2024 21:00,230
5/12/2024 22:00,234
5/12/2024 23:00,232
5/13/2024 0:00,230
5/13/2024 1:00,224
5/13/2024 2:00,215
5/13/2024 3:00,214
5/13/2024 4:00,216
5/13/2024 5:00,212
5/13/2024 6:00,202
5/13/2024 7:00,195
5/13/2024 8:00,180
5/13/2024 9:00,175
5/13/2024 10:00,160
5/13/2024 11:00,158
5/13/2024 12:00,158
5/13/2024 13:00,153
5/13/2024 14:00,158
5/13/2024 15:00,168
5/13/2024 16:00,185
5/13/2024 17:00,199
5/13/2024 18:00,208
5/13/2024 19:00,216
5/13/2024 20:00,220
5/13/2024 21:00,227
5/13/2024 22:00,224
5/13/2024 23:00,223
5/14/2024 0:00,233
5/14/2024 1:00,220
5/14/2024 2:00,225
5/14/2024 3:00,221
5/14/2024 4:00,218
5/14/2024 5:00,220
5/14/2024 6:00,218
5/14/2024 7:00,215
5/14/2024 8:00,198
5/14/2024 9:00,187
5/14/2024 10:00,176
5/14/2024 11:00,165
5/14/2024 12:00,168
5/14/2024 13:00,170
5/14/2024 14:00,173
5/14/2024 15:00,170
5/14/2024 16:00,177
5/14/2024 17:00,185
5/14/2024 18:00,195
5/14/2024 19:00,207
5/14/2024 20:00,210
5/14/2024 21:00,215
5/14/2024 22:00,218
5/14/2024 23:00,219
5/15/2024 0:00,218
5/15/2024 1:00,220
5/15/2024 2:00,219
5/15/2024 3:00,205
5/15/2024 4:00,216
5/15/2024 5:00,210
5/15/2024 6:00,214
5/15/2024 7:00,208
5/15/2024 8:00,198
5/15/2024 9:00,193
5/15/2024 10:00,175
5/15/2024 11:00,164
5/15/2024 12:00,155
5/15/2024 13:00,150
5/15/2024 14:00,145
5/15/2024 15:00,150
5/15/2024 16:00,165
5/15/2024 17:00,175
5/15/2024 18:00,190
5/15/2024 19:00,200
5/15/2024 20:00,204
5/15/2024 21:00,212
5/15/2024 22:00,214
5/15/2024 23:00,210
5/16/2024 0:00,208
5/16/2024 1:00,202
5/16/2024 2:00,202
5/16/2024 3:00,204
5/16/2024 4:00,210
5/16/2024 5:00,202
5/16/2024 6:00,208
5/16/2024 7:00,208
5/16/2024 8:00,205
5/16/2024 9:00,205
5/16/2024 10:00,199
5/16/2024 11:00,190
5/16/2024 12:00,184
5/16/2024 13:00,175
5/16/2024 14:00,170
5/16/2024 15:00,175
5/16/2024 16:00,180
5/16/2024 17:00,190
5/16/2024 18:00,210
5/16/2024 19:00,213
5/16/2024 20:00,220
5/16/2024 21:00,225
5/16/2024 22:00,218
5/16/2024 23:00,218
5/17/2024 0:00,210
5/17/2024 1:00,210
5/17/2024 2:00,210
5/17/2024 3:00,207
5/17/2024 4:00,208
5/17/2024 5:00,208
5/17/2024 6:00,204
5/17/2024 7:00,202
5/17/2024 8:00,198
5/17/2024 9:00,194
5/17/2024 10:00,190
5/17/2024 11:00,190
5/17/2024 12:00,181
5/17/2024 13:00,175
5/17/2024 14:00,178
5/17/2024 15:00,170
5/17/2024 16:00,170
5/17/2024 17:00,185
5/17/2024 18:00,198
5/17/2024 19:00,208
5/17/2024 20:00,215
5/17/2024 21:00,219
5/17/2024 22:00,221
5/17/2024 23:00,215
5/18/2024 0:00,214
5/18/2024 1:00,212
5/18/2024 2:00,207
5/18/2024 3:00,202
5/18/2024 4:00,204
5/18/2024 5:00,200
5/18/2024 6:00,198
5/18/2024 7:00,205
5/18/2024 8:00,198
5/18/2024 9:00,200
5/18/2024 10:00,194
5/18/2024 11:00,190
5/18/2024 12:00,192
5/18/2024 13:00,180
5/18/2024 14:00,180
5/18/2024 15:00,177
5/18/2024 16:00,195
5/18/2024 17:00,188
5/18/2024 18:00,205
5/18/2024 19:00,212
5/18/2024 20:00,223
5/18/2024 21:00,229
5/18/2024 22:00,222
5/18/2024 23:00,215
5/19/2024 0:00,218
5/19/2024 1:00,208
5/19/2024 2:00,205
5/19/2024 3:00,207
5/19/2024 4:00,200
5/19/2024 5:00,191
5/19/2024 6:00,195
5/19/2024 7:00,187
5/19/2024 8:00,174
5/19/2024 9:00,185
5/19/2024 10:00,189
5/19/2024 11:00,188
5/19/2024 12:00,191
5/19/2024 13:00,190
5/19/2024 14:00,191
5/19/2024 15:00,190
5/19/2024 16:00,190
5/19/2024 17:00,198
5/19/2024 18:00,207
5/19/2024 19:00,218
5/19/2024 20:00,225
5/19/2024 21:00,228
5/19/2024 22:00,228
5/19/2024 23:00,227
5/20/2024 0:00,220
5/20/2024 1:00,215
5/20/2024 2:00,207
5/20/2024 3:00,203
5/20/2024 4:00,195
5/20/2024 5:00,193
5/20/2024 6:00,190
5/20/2024 7:00,187
5/20/2024 8:00,190
5/20/2024 9:00,190
5/20/2024 10:00,198
5/20/2024 11:00,190
5/20/2024 12:00,196
5/20/2024 13:00,197
5/20/2024 14:00,200
5/20/2024 15:00,202
5/20/2024 16:00,208
5/20/2024 17:00,213
5/20/2024 18:00,218
5/20/2024 19:00,233
5/20/2024 20:00,235
5/20/2024 21:00,230
5/20/2024 22:00,235
5/20/2024 23:00,229
5/21/2024 0:00,225
5/21/2024 1:00,216
5/21/2024 2:00,215
5/21/2024 3:00,217
5/21/2024 4:00,197
5/21/2024 5:00,185
5/21/2024 6:00,179
5/21/2024 7:00,175
5/21/2024 8:00,170
5/21/2024 9:00,173
5/21/2024 10:00,175
5/21/2024 11:00,167
5/21/2024 12:00,175
5/21/2024 13:00,190
5/21/2024 14:00,192
5/21/2024 15:00,198
5/21/2024 16:00,204
5/21/2024 17:00,202
5/21/2024 18:00,212
5/21/2024 19:00,223
5/21/2024 20:00,230
5/21/2024 21:00,233
5/21/2024 22:00,228
5/21/2024 23:00,224
5/22/2024 0:00,210
5/22/2024 1:00,207
5/22/2024 2:00,200
5/22/2024 3:00,195
5/22/2024 4:00,183
5/22/2024 5:00,177
5/22/2024 6:00,174
5/22/2024 7:00,169
5/22/2024 8:00,170
5/22/2024 9:00,170
5/22/2024 10:00,174
5/22/2024 11:00,181
5/22/2024 12:00,180
5/22/2024 13:00,185
5/22/2024 14:00,192
5/22/2024 15:00,205
5/22/2024 16:00,210
5/22/2024 17:00,212
5/22/2024 18:00,218
5/22/2024 19:00,230
5/22/2024 20:00,239
5/22/2024 21:00,245
5/22/2024 22:00,246
5/22/2024 23:00,238
5/23/2024 0:00,230
5/23/2024 1:00,222
5/23/2024 2:00,215
5/23/2024 3:00,200
5/23/2024 4:00,195
5/23/2024 5:00,180
5/23/2024 6:00,168
5/23/2024 7:00,168
5/23/2024 8:00,168
5/23/2024 9:00,164
5/23/2024 10:00,158
5/23/2024 11:00,163
5/23/2024 12:00,170
5/23/2024 13:00,175
5/23/2024 14:00,180
5/23/2024 15:00,190
5/23/2024 16:00,201
5/23/2024 17:00,210
5/23/2024 18:00,206
5/23/2024 19:00,202
5/23/2024 20:00,220
5/23/2024 21:00,242
5/23/2024 22:00,239
5/23/2024 23:00,232
5/24/2024 0:00,230
5/24/2024 1:00,230
5/24/2024 2:00,213
5/24/2024 3:00,201
5/24/2024 4:00,190
5/24/2024 5:00,177
5/24/2024 6:00,165
5/24/2024 7:00,163
5/24/2024 8:00,150
5/24/2024 9:00,146
5/24/2024 10:00,150
5/24/2024 11:00,155
5/24/2024 12:00,162
5/24/2024 13:00,170
5/24/2024 14:00,178
5/24/2024 15:00,185
5/24/2024 16:00,200
5/24/2024 17:00,202
5/24/2024 18:00,220
5/24/2024 19:00,235
5/24/2024 20:00,238
5/24/2024 21:00,243
5/24/2024 22:00,245
5/24/2024 23:00,245
5/25/2024 0:00,235
5/25/2024 1:00,230
5/25/2024 2:00,216
5/25/2024 3:00,212
5/25/2024 4:00,195
5/25/2024 5:00,183
5/25/2024 6:00,172
5/25/2024 7:00,158
5/25/2024 8:00,155
5/25/2024 9:00,150
5/25/2024 10:00,145
5/25/2024 11:00,148
5/25/2024 12:00,160
5/25/2024 13:00,160
5/25/2024 14:00,173
5/25/2024 15:00,185
5/25/2024 16:00,190
5/25/2024 17:00,198
5/25/2024 18:00,210
5/25/2024 19:00,219
5/25/2024 20:00,223
5/25/2024 21:00,228
5/25/2024 22:00,232
5/25/2024 23:00,230
5/26/2024 0:00,228
5/26/2024 1:00,228
5/26/2024 2:00,220
5/26/2024 3:00,213
5/26/2024 4:00,195
5/26/2024 5:00,180
5/26/2024 6:00,163
5/26/2024 7:00,154
5/26/2024 8:00,140
5/26/2024 9:00,140
5/26/2024 10:00,141
5/26/2024 11:00,140
5/26/2024 12:00,140
5/26/2024 13:00,145
5/26/2024 14:00,155
5/26/2024 15:00,165
5/26/2024 16:00,170
5/26/2024 17:00,190
5/26/2024 18:00,205
5/26/2024 19:00,210
5/26/2024 20:00,200
5/26/2024 21:00,225
5/26/2024 22:00,229
5/26/2024 23:00,230
5/27/2024 0:00,230
5/27/2024 1:00,230
5/27/2024 2:00,219
5/27/2024 3:00,210
5/27/2024 4:00,205
5/27/2024 5:00,193
5/27/2024 6:00,180
5/27/2024 7:00,165
5/27/2024 8:00,150
5/27/2024 9:00,143
5/27/2024 10:00,137
5/27/2024 11:00,140
5/27/2024 12:00,140
5/27/2024 13:00,145
5/27/2024 14:00,148
5/27/2024 15:00,160
5/27/2024 16:00,184
5/27/2024 17:00,195
5/27/2024 18:00,201
5/27/2024 19:00,218
5/27/2024 20:00,219
5/27/2024 21:00,225
5/27/2024 22:00,228
5/27/2024 23:00,235
5/28/2024 0:00,235
5/28/2024 1:00,230
5/28/2024 2:00,222
5/28/2024 3:00,220
5/28/2024 4:00,215
5/28/2024 5:00,205
5/28/2024 6:00,190
5/28/2024 7:00,172
5/28/2024 8:00,162
5/28/2024 9:00,153
5/28/2024 10:00,148
5/28/2024 11:00,148
5/28/2024 12:00,145
5/28/2024 13:00,145
5/28/2024 14:00,155
5/28/2024 15:00,161
5/28/2024 16:00,178
5/28/2024 17:00,185
5/28/2024 18:00,197
5/28/2024 19:00,205
5/28/2024 20:00,215
5/28/2024 21:00,220
5/28/2024 22:00,225
5/28/2024 23:00,225
5/29/2024 0:00,225
5/29/2024 1:00,223
5/29/2024 2:00,220
5/29/2024 3:00,213
5/29/2024 4:00,210
5/29/2024 5:00,208
5/29/2024 6:00,202
5/29/2024 7:00,197
5/29/2024 8:00,183
5/29/2024 9:00,183
5/29/2024 10:00,167
5/29/2024 11:00,158
5/29/2024 12:00,150
5/29/2024 13:00,155
5/29/2024 14:00,153
5/29/2024 15:00,160
5/29/2024 16:00,170
5/29/2024 17:00,185
5/29/2024 18:00,195
5/29/2024 19:00,205
5/29/2024 20:00,214
5/29/2024 21:00,210
5/29/2024 22:00,211
5/29/2024 23:00,202
5/30/2024 0:00,223
5/30/2024 1:00,222
5/30/2024 2:00,215
5/30/2024 3:00,218
5/30/2024 4:00,210
5/30/2024 5:00,205
5/30/2024 6:00,200
5/30/2024 7:00,185
5/30/2024 8:00,170
5/30/2024 9:00,163
5/30/2024 10:00,155
5/30/2024 11:00,150
5/30/2024 12:00,150
5/30/2024 13:00,154
5/30/2024 14:00,154
5/30/2024 15:00,154
5/30/2024 16:00,167
5/30/2024 17:00,178
5/30/2024 18:00,195
5/30/2024 19:00,198
5/30/2024 20:00,210
5/30/2024 21:00,218
5/30/2024 22:00,215
5/30/2024 23:00,210
5/31/2024 0:00,212
5/31/2024 1:00,215
5/31/2024 2:00,210
5/31/2024 3:00,210
5/31/2024 4:00,213
5/31/2024 5:00,203
5/31/2024 6:00,205
5/31/2024 7:00,205
5/31/2024 8:00,200
5/31/2024 9:00,192
5/31/2024 10:00,185
5/31/2024 11:00,172
5/31/2024 12:00,165
5/31/2024 13:00,165
5/31/2024 14:00,171
5/31/2024 15:00,170
5/31/2024 16:00,180
5/31/2024 17:00,188
5/31/2024 18:00,205
5/31/2024 19:00,210
5/31/2024 20:00,219
5/31/2024 21:00,220
5/31/2024 22:00,220
5/31/2024 23:00,211
6/1/2024 0:00,215
6/1/2024 1:00,210
6/1/2024 2:00,202
6/1/2024 3:00,205
6/1/2024 4:00,202
6/1/2024 5:00,200
6/1/2024 6:00,205
6/1/2024 7:00,200
6/1/2024 8:00,202
6/1/2024 9:00,200
6/1/2024 10:00,190
6/1/2024 11:00,185
6/1/2024 12:00,180
6/1/2024 13:00,175
6/1/2024 14:00,175
6/1/2024 15:00,180
6/1/2024 16:00,195
6/1/2024 17:00,200
6/1/2024 18:00,197
6/1/2024 19:00,210
6/1/2024 20:00,221
6/1/2024 21:00,227
6/1/2024 22:00,223
6/1/2024 23:00,218
6/2/2024 0:00,205
6/2/2024 1:00,198
6/2/2024 2:00,200
6/2/2024 3:00,190
6/2/2024 4:00,187
6/2/2024 5:00,185
6/2/2024 6:00,190
6/2/2024 7:00,190
6/2/2024 8:00,190
6/2/2024 9:00,186
6/2/2024 10:00,190
6/2/2024 11:00,185
6/2/2024 12:00,173
6/2/2024 13:00,170
6/2/2024 14:00,168
6/2/2024 15:00,155
6/2/2024 16:00,185
6/2/2024 17:00,198
6/2/2024 18:00,212
6/2/2024 19:00,225
6/2/2024 20:00,225
6/2/2024 21:00,227
6/2/2024 22:00,230
6/2/2024 23:00,220
6/3/2024 0:00,200
6/3/2024 1:00,184
6/3/2024 2:00,174
6/3/2024 3:00,166
6/3/2024 4:00,168
6/3/2024 5:00,170
6/3/2024 6:00,178
6/3/2024 7:00,182
6/3/2024 8:00,178
6/3/2024 9:00,180
6/3/2024 10:00,179
6/3/2024 11:00,180
6/3/2024 12:00,188
6/3/2024 13:00,188
6/3/2024 14:00,188
6/3/2024 15:00,190
6/3/2024 16:00,203
6/3/2024 17:00,210
6/3/2024 18:00,223
6/3/2024 19:00,232
6/3/2024 20:00,234
6/3/2024 21:00,235
6/3/2024 22:00,227
6/3/2024 23:00,222
6/4/2024 0:00,205
6/4/2024 1:00,190
6/4/2024 2:00,190
6/4/2024 3:00,175
6/4/2024 4:00,160
6/4/2024 5:00,154
6/4/2024 6:00,150
6/4/2024 7:00,148
6/4/2024 8:00,165
6/4/2024 9:00,153
6/4/2024 10:00,159
6/4/2024 11:00,161
6/4/2024 12:00,174
6/4/2024 13:00,179
6/4/2024 14:00,180
6/4/2024 15:00,198
6/4/2024 16:00,203
6/4/2024 17:00,210
6/4/2024 18:00,234
6/4/2024 19:00,242
6/4/2024 20:00,250
6/4/2024 21:00,249
6/4/2024 22:00,242
6/4/2024 23:00,234
6/5/2024 0:00,228
6/5/2024 1:00,218
6/5/2024 2:00,205
6/5/2024 3:00,185
6/5/2024 4:00,165
6/5/2024 5:00,154
6/5/2024 6:00,146
6/5/2024 7:00,145
6/5/2024 8:00,140
6/5/2024 9:00,143
6/5/2024 10:00,150
6/5/2024 11:00,155
6/5/2024 12:00,158
6/5/2024 13:00,172
6/5/2024 14:00,184
6/5/2024 15:00,190
6/5/2024 16:00,195
6/5/2024 17:00,200
6/5/2024 18:00,210
6/5/2024 19:00,225
6/5/2024 20:00,235
6/5/2024 21:00,240
6/5/2024 22:00,240
6/5/2024 23:00,235
6/6/2024 0:00,224
6/6/2024 1:00,215
6/6/2024 2:00,205
6/6/2024 3:00,186
6/6/2024 4:00,170
6/6/2024 5:00,155
6/6/2024 6:00,140
6/6/2024 7:00,137
6/6/2024 8:00,135
6/6/2024 9:00,140
6/6/2024 10:00,150
6/6/2024 11:00,155
6/6/2024 12:00,165
6/6/2024 13:00,175
6/6/2024 14:00,188
6/6/2024 15:00,195
6/6/2024 16:00,205
6/6/2024 17:00,210
6/6/2024 18:00,225
6/6/2024 19:00,235
6/6/2024 20:00,242
6/6/2024 21:00,250
6/6/2024 22:00,252
6/6/2024 23:00,248
6/7/2024 0:00,240
6/7/2024 1:00,228
6/7/2024 2:00,218
6/7/2024 3:00,200
6/7/2024 4:00,185
6/7/2024 5:00,168
6/7/2024 6:00,154
6/7/2024 7:00,145
6/7/2024 8:00,144
6/7/2024 9:00,147
6/7/2024 10:00,150
6/7/2024 11:00,155
6/7/2024 12:00,162
6/7/2024 13:00,176
6/7/2024 14:00,178
6/7/2024 15:00,193
6/7/2024 16:00,203
6/7/2024 17:00,210
6/7/2024 18:00,215
6/7/2024 19:00,228
6/7/2024 20:00,244
6/7/2024 21:00,249
6/7/2024 22:00,249
6/7/2024 23:00,245
6/8/2024 0:00,239
6/8/2024 1:00,235
6/8/2024 2:00,219
6/8/2024 3:00,207
6/8/2024 4:00,195
6/8/2024 5:00,185
6/8/2024 6:00,157
6/8/2024 7:00,150
6/8/2024 8:00,140
6/8/2024 9:00,140
6/8/2024 10:00,140
6/8/2024 11:00,138
6/8/2024 12:00,150
6/8/2024 13:00,168
6/8/2024 14:00,170
6/8/2024 15:00,184
6/8/2024 16:00,195
6/8/2024 17:00,205
6/8/2024 18:00,210
6/8/2024 19:00,222
6/8/2024 20:00,224
6/8/2024 21:00,235
6/8/2024 22:00,235
6/8/2024 23:00,239
6/9/2024 0:00,235
6/9/2024 1:00,227
6/9/2024 2:00,220
6/9/2024 3:00,214
6/9/2024 4:00,207
6/9/2024 5:00,198
6/9/2024 6:00,183
6/9/2024 7:00,155
6/9/2024 8:00,156
6/9/2024 9:00,153
6/9/2024 10:00,151
6/9/2024 11:00,147
6/9/2024 12:00,155
6/9/2024 13:00,160
6/9/2024 14:00,171
6/9/2024 15:00,188
6/9/2024 16:00,190
6/9/2024 17:00,202
6/9/2024 18:00,210
6/9/2024 19:00,220
6/9/2024 20:00,220
6/9/2024 21:00,230
6/9/2024 22:00,235
6/9/2024 23:00,235
6/10/2024 0:00,240
6/10/2024 1:00,230
6/10/2024 2:00,223
6/10/2024 3:00,215
6/10/2024 4:00,205
6/10/2024 5:00,198
6/10/2024 6:00,198
6/10/2024 7:00,185
6/10/2024 8:00,184
6/10/2024 9:00,175
6/10/2024 10:00,165
6/10/2024 11:00,160
6/10/2024 12:00,158
6/10/2024 13:00,155
6/10/2024 14:00,160
6/10/2024 15:00,173
6/10/2024 16:00,180
6/10/2024 17:00,195
6/10/2024 18:00,208
6/10/2024 19:00,201
6/10/2024 20:00,218
6/10/2024 21:00,220
6/10/2024 22:00,219
6/10/2024 23:00,260
6/11/2024 0:00,223
6/11/2024 1:00,213
6/11/2024 2:00,210
6/11/2024 3:00,207
6/11/2024 4:00,209
6/11/2024 5:00,206
6/11/2024 6:00,195
6/11/2024 7:00,189
6/11/2024 8:00,183
6/11/2024 9:00,167
6/11/2024 10:00,159
6/11/2024 11:00,152
6/11/2024 12:00,155
6/11/2024 13:00,159
6/11/2024 14:00,175
6/11/2024 15:00,175
6/11/2024 16:00,185
6/11/2024 17:00,195
6/11/2024 18:00,202
6/11/2024 19:00,200
6/11/2024 20:00,220
6/11/2024 21:00,220
6/11/2024 22:00,225
6/11/2024 23:00,220
6/12/2024 0:00,224
6/12/2024 1:00,220
6/12/2024 2:00,212
6/12/2024 3:00,204
6/12/2024 4:00,195
6/12/2024 5:00,190
6/12/2024 6:00,184
6/12/2024 7:00,185
6/12/2024 8:00,155
6/12/2024 9:00,158
6/12/2024 10:00,160
6/12/2024 11:00,165
6/12/2024 12:00,175
6/12/2024 13:00,165
6/12/2024 14:00,160
6/12/2024 15:00,173
6/12/2024 16:00,180
6/12/2024 17:00,195
6/12/2024 18:00,208
6/12/2024 19:00,201
6/12/2024 20:00,218
6/12/2024 21:00,220
6/12/2024 22:00,219
6/12/2024 23:00,219
6/13/2024 0:00,223
6/13/2024 1:00,213
6/13/2024 2:00,210
6/13/2024 3:00,207
6/13/2024 4:00,198
6/13/2024 5:00,204
6/13/2024 6:00,200
6/13/2024 7:00,193
6/13/2024 8:00,180
6/13/2024 9:00,180
6/13/2024 10:00,173
6/13/2024 11:00,170
6/13/2024 12:00,169
6/13/2024 13:00,168
6/13/2024 14:00,164
6/13/2024 15:00,175
6/13/2024 16:00,180
6/13/2024 17:00,185
6/13/2024 18:00,202
6/13/2024 19:00,205
6/13/2024 20:00,214
6/13/2024 21:00,213
6/13/2024 22:00,215
6/13/2024 23:00,210
6/14/2024 0:00,205
6/14/2024 1:00,195
6/14/2024 2:00,190
6/14/2024 3:00,189
6/14/2024 4:00,189
6/14/2024 5:00,184
6/14/2024 6:00,189
6/14/2024 7:00,180
6/14/2024 8:00,172
6/14/2024 9:00,175
6/14/2024 10:00,165
6/14/2024 11:00,165
6/14/2024 12:00,163
6/14/2024 13:00,165
6/14/2024 14:00,170
6/14/2024 15:00,180
6/14/2024 16:00,187
6/14/2024 17:00,198
6/14/2024 18:00,205
6/14/2024 19:00,210
6/14/2024 20:00,215
6/14/2024 21:00,220
6/14/2024 22:00,212
6/14/2024 23:00,205
6/15/2024 0:00,207
6/15/2024 1:00,198
6/15/2024 2:00,185
6/15/2024 3:00,184
6/15/2024 4:00,182
6/15/2024 5:00,180
6/15/2024 6:00,182
6/15/2024 7:00,184
6/15/2024 8:00,184
6/15/2024 9:00,176
6/15/2024 10:00,169
6/15/2024 11:00,180
6/15/2024 12:00,175
6/15/2024 13:00,175
6/15/2024 14:00,175
6/15/2024 15:00,175
6/15/2024 16:00,192
6/15/2024 17:00,204
6/15/2024 18:00,212
6/15/2024 19:00,220
6/15/2024 20:00,225
6/15/2024 21:00,217
6/15/2024 22:00,227
6/15/2024 23:00,220
6/16/2024 0:00,212
6/16/2024 1:00,200
6/16/2024 2:00,195
6/16/2024 3:00,195
6/16/2024 4:00,165
6/16/2024 5:00,175
6/16/2024 6:00,170
6/16/2024 7:00,180
6/16/2024 8:00,180
6/16/2024 9:00,175
6/16/2024 10:00,178
6/16/2024 11:00,182
6/16/2024 12:00,185
6/16/2024 13:00,185
6/16/2024 14:00,190
6/16/2024 15:00,195
6/16/2024 16:00,198
6/16/2024 17:00,210
6/16/2024 18:00,215
6/16/2024 19:00,215
6/16/2024 20:00,229
6/16/2024 21:00,225
6/16/2024 22:00,215
6/16/2024 23:00,213
6/17/2024 0:00,205
6/17/2024 1:00,198
6/17/2024 2:00,190
6/17/2024 3:00,183
6/17/2024 4:00,168
6/17/2024 5:00,169
6/17/2024 6:00,170
6/17/2024 7:00,170
6/17/2024 8:00,175
6/17/2024 9:00,177
6/17/2024 10:00,180
6/17/2024 11:00,185
6/17/2024 12:00,185
6/17/2024 13:00,185
6/17/2024 14:00,180
6/17/2024 15:00,185
6/17/2024 16:00,196
6/17/2024 17:00,200
6/17/2024 18:00,210
6/17/2024 19:00,222
6/17/2024 20:00,225
6/17/2024 21:00,227
6/17/2024 22:00,225
6/17/2024 23:00,215
6/18/2024 0:00,217
6/18/2024 1:00,200
6/18/2024 2:00,195
6/18/2024 3:00,178
6/18/2024 4:00,170
6/18/2024 5:00,167
6/18/2024 6:00,160
6/18/2024 7:00,173
6/18/2024 8:00,174
6/18/2024 9:00,176
6/18/2024 10:00,180
6/18/2024 11:00,182
6/18/2024 12:00,190
6/18/2024 13:00,198
6/18/2024 14:00,203
6/18/2024 15:00,205
6/18/2024 16:00,210
6/18/2024 17:00,221
6/18/2024 18:00,227
6/18/2024 19:00,238
6/18/2024 20:00,238
6/18/2024 21:00,238
6/18/2024 22:00,230
6/18/2024 23:00,225
6/19/2024 0:00,214
6/19/2024 1:00,205
6/19/2024 2:00,190
6/19/2024 3:00,185
6/19/2024 4:00,175
6/19/2024 5:00,165
6/19/2024 6:00,165
6/19/2024 7:00,165
6/19/2024 8:00,169
6/19/2024 9:00,180
6/19/2024 10:00,188
6/19/2024 11:00,192
6/19/2024 12:00,192
6/19/2024 13:00,203
6/19/2024 14:00,213
6/19/2024 15:00,217
6/19/2024 16:00,220
6/19/2024 17:00,225
6/19/2024 18:00,230
6/19/2024 19:00,243
6/19/2024 20:00,238
6/19/2024 21:00,238
6/19/2024 22:00,230
6/19/2024 23:00,229
6/20/2024 0:00,220
6/20/2024 1:00,215
6/20/2024 2:00,198
6/20/2024 3:00,185
6/20/2024 4:00,175
6/20/2024 5:00,168
6/20/2024 6:00,165
6/20/2024 7:00,160
6/20/2024 8:00,160
6/20/2024 9:00,170
6/20/2024 10:00,172
6/20/2024 11:00,185
6/20/2024 12:00,192
6/20/2024 13:00,194
6/20/2024 14:00,203
6/20/2024 15:00,210
6/20/2024 16:00,220
6/20/2024 17:00,228
6/20/2024 18:00,230
6/20/2024 19:00,238
6/20/2024 20:00,243
6/20/2024 21:00,244
6/20/2024 22:00,245
6/20/2024 23:00,235
6/21/2024 0:00,232
6/21/2024 1:00,230
6/21/2024 2:00,215
6/21/2024 3:00,205
6/21/2024 4:00,190
6/21/2024 5:00,175
6/21/2024 6:00,160
6/21/2024 7:00,160
6/21/2024 8:00,162
6/21/2024 9:00,160
6/21/2024 10:00,164
6/21/2024 11:00,175
6/21/2024 12:00,190
6/21/2024 13:00,195
6/21/2024 14:00,203
6/21/2024 15:00,205
6/21/2024 16:00,215
6/21/2024 17:00,220
6/21/2024 18:00,225
6/21/2024 19:00,240
6/21/2024 20:00,240
6/21/2024 21:00,238
6/21/2024 22:00,238
6/21/2024 23:00,233
6/22/2024 0:00,228
6/22/2024 1:00,218
6/22/2024 2:00,210
6/22/2024 3:00,190
6/22/2024 4:00,175
6/22/2024 5:00,165
6/22/2024 6:00,158
6/22/2024 7:00,155
6/22/2024 8:00,149
6/22/2024 9:00,149
6/22/2024 10:00,150
6/22/2024 11:00,156
6/22/2024 12:00,165
6/22/2024 13:00,178
6/22/2024 14:00,187
6/22/2024 15:00,195
6/22/2024 16:00,201
6/22/2024 17:00,204
6/22/2024 18:00,213
6/22/2024 19:00,230
6/22/2024 20:00,235
6/22/2024 21:00,240
6/22/2024 22:00,243
6/22/2024 23:00,234
6/23/2024 0:00,228
6/23/2024 1:00,222
6/23/2024 2:00,214
6/23/2024 3:00,202
6/23/2024 4:00,190
6/23/2024 5:00,175
6/23/2024 6:00,150
6/23/2024 7:00,142
6/23/2024 8:00,132
6/23/2024 9:00,135
6/23/2024 10:00,137
6/23/2024 11:00,140
6/23/2024 12:00,148
6/23/2024 13:00,170
6/23/2024 14:00,178
6/23/2024 15:00,181
6/23/2024 16:00,187
6/23/2024 17:00,202
6/23/2024 18:00,210
6/23/2024 19:00,217
6/23/2024 20:00,229
6/23/2024 21:00,238
6/23/2024 22:00,238
6/23/2024 23:00,240
6/24/2024 0:00,235
6/24/2024 1:00,225
6/24/2024 2:00,215
6/24/2024 3:00,213
6/24/2024 4:00,203
6/24/2024 5:00,188
6/24/2024 6:00,170
6/24/2024 7:00,160
6/24/2024 8:00,157
6/24/2024 9:00,150
6/24/2024 10:00,162
6/24/2024 11:00,160
6/24/2024 12:00,173
6/24/2024 13:00,175
6/24/2024 14:00,177
6/24/2024 15:00,195
6/24/2024 16:00,203
6/24/2024 17:00,208
6/24/2024 18:00,212
6/24/2024 19:00,225
6/24/2024 20:00,229
6/24/2024 21:00,241
6/24/2024 22:00,243
6/24/2024 23:00,245
6/25/2024 0:00,245
6/25/2024 1:00,239
6/25/2024 2:00,233
6/25/2024 3:00,228
6/25/2024 4:00,220
6/25/2024 5:00,205
6/25/2024 6:00,193
6/25/2024 7:00,175
6/25/2024 8:00,175
6/25/2024 9:00,165
6/25/2024 10:00,165
6/25/2024 11:00,160
6/25/2024 12:00,165
6/25/2024 13:00,172
6/25/2024 14:00,170
6/25/2024 15:00,185
6/25/2024 16:00,195
6/25/2024 17:00,205
6/25/2024 18:00,210
6/25/2024 19:00,212
6/25/2024 20:00,215
6/25/2024 21:00,225
6/25/2024 22:00,235
6/25/2024 23:00,238
6/26/2024 0:00,235
6/26/2024 1:00,230
6/26/2024 2:00,230
6/26/2024 3:00,222
6/26/2024 4:00,213
6/26/2024 5:00,215
6/26/2024 6:00,192
6/26/2024 7:00,177
6/26/2024 8:00,172
6/26/2024 9:00,160
6/26/2024 10:00,146
6/26/2024 11:00,152
6/26/2024 12:00,160
6/26/2024 13:00,160
6/26/2024 14:00,163
6/26/2024 15:00,174
6/26/2024 16:00,188
6/26/2024 17:00,190
6/26/2024 18:00,190
6/26/2024 19:00,206
6/26/2024 20:00,215
6/26/2024 21:00,210
6/26/2024 22:00,218
6/26/2024 23:00,225
6/27/2024 0:00,225
6/27/2024 1:00,220
6/27/2024 2:00,210
6/27/2024 3:00,202
6/27/2024 4:00,200
6/27/2024 5:00,197
6/27/2024 6:00,197
6/27/2024 7:00,190
6/27/2024 8:00,188
6/27/2024 9:00,178
6/27/2024 10:00,170
6/27/2024 11:00,172
6/27/2024 12:00,170
6/27/2024 13:00,178
6/27/2024 14:00,178
6/27/2024 15:00,175
6/27/2024 16:00,190
6/27/2024 17:00,200
6/27/2024 18:00,205
6/27/2024 19:00,214
6/27/2024 20:00,215
6/27/2024 21:00,219
6/27/2024 22:00,220
6/27/2024 23:00,225
6/28/2024 0:00,223
6/28/2024 1:00,218
6/28/2024 2:00,214
6/28/2024 3:00,215
6/28/2024 4:00,208
6/28/2024 5:00,200
6/28/2024 6:00,195
6/28/2024 7:00,188
6/28/2024 8:00,180
6/28/2024 9:00,180
6/28/2024 10:00,169
6/28/2024 11:00,164
6/28/2024 12:00,165
6/28/2024 13:00,172
6/28/2024 14:00,185
6/28/2024 15:00,194
6/28/2024 16:00,202
6/28/2024 17:00,208
6/28/2024 18:00,215
6/28/2024 19:00,220
6/28/2024 20:00,220
6/28/2024 21:00,218
6/28/2024 22:00,210
6/28/2024 23:00,215
6/29/2024 0:00,210
6/29/2024 1:00,205
6/29/2024 2:00,200
6/29/2024 3:00,197
6/29/2024 4:00,190
6/29/2024 5:00,189
6/29/2024 6:00,198
6/29/2024 7:00,180
6/29/2024 8:00,188
6/29/2024 9:00,184
6/29/2024 10:00,180
6/29/2024 11:00,178
6/29/2024 12:00,177
6/29/2024 13:00,175
6/29/2024 14:00,181
6/29/2024 15:00,183
6/29/2024 16:00,192
6/29/2024 17:00,205
6/29/2024 18:00,210
6/29/2024 19:00,218
6/29/2024 20:00,220
6/29/2024 21:00,215
6/29/2024 22:00,213
6/29/2024 23:00,207
6/30/2024 0:00,200
6/30/2024 1:00,195
6/30/2024 2:00,190
6/30/2024 3:00,182
6/30/2024 4:00,180
6/30/2024 5:00,175
6/30/2024 6:00,170
6/30/2024 7:00,172
6/30/2024 8:00,170
6/30/2024 9:00,173
6/30/2024 10:00,173
6/30/2024 11:00,175
6/30/2024 12:00,175
6/30/2024 13:00,182
6/30/2024 14:00,180
6/30/2024 15:00,200
6/30/2024 16:00,203
6/30/2024 17:00,216
6/30/2024 18:00,224
6/30/2024 19:00,225
6/30/2024 20:00,227
6/30/2024 21:00,225
6/30/2024 22:00,218
6/30/2024 23:00,212
7/1/2024 0:00,183
7/1/2024 1:00,165
7/1/2024 2:00,165
7/1/2024 3:00,155
7/1/2024 4:00,168
7/1/2024 5:00,168
7/1/2024 6:00,166
7/1/2024 7:00,168
7/1/2024 8:00,168
7/1/2024 9:00,180
7/1/2024 10:00,187
7/1/2024 11:00,189
7/1/2024 12:00,189
7/1/2024 13:00,193
7/1/2024 14:00,200
7/1/2024 15:00,205
7/1/2024 16:00,208
7/1/2024 17:00,222
7/1/2024 18:00,228
7/1/2024 19:00,235
7/1/2024 20:00,230
7/1/2024 21:00,238
7/1/2024 22:00,240
7/1/2024 23:00,225
7/2/2024 0:00,210
7/2/2024 1:00,193
7/2/2024 2:00,175
7/2/2024 3:00,165
7/2/2024 4:00,150
7/2/2024 5:00,143
7/2/2024 6:00,153
7/2/2024 7:00,160
7/2/2024 8:00,153
7/2/2024 9:00,168
7/2/2024 10:00,165
7/2/2024 11:00,170
7/2/2024 12:00,178
7/2/2024 13:00,188
7/2/2024 14:00,192
7/2/2024 15:00,201
7/2/2024 16:00,202
7/2/2024 17:00,221
7/2/2024 18:00,229
7/2/2024 19:00,238
7/2/2024 20:00,240
7/2/2024 21:00,240
7/2/2024 22:00,235
7/2/2024 23:00,228
7/3/2024 0:00,188
7/3/2024 1:00,170
7/3/2024 2:00,155
7/3/2024 3:00,140
7/3/2024 4:00,142
7/3/2024 5:00,130
7/3/2024 6:00,135
7/3/2024 7:00,144
7/3/2024 8:00,150
7/3/2024 9:00,158
7/3/2024 10:00,165
7/3/2024 11:00,177
7/3/2024 12:00,185
7/3/2024 13:00,185
7/3/2024 14:00,195
7/3/2024 15:00,198
7/3/2024 16:00,208
7/3/2024 17:00,220
7/3/2024 18:00,228
7/3/2024 19:00,246
7/3/2024 20:00,245
7/3/2024 21:00,245
7/3/2024 22:00,235
7/3/2024 23:00,235
7/4/2024 0:00,220
7/4/2024 1:00,210
7/4/2024 2:00,192
7/4/2024 3:00,177
7/4/2024 4:00,160
7/4/2024 5:00,148
7/4/2024 6:00,140
7/4/2024 7:00,140
7/4/2024 8:00,146
7/4/2024 9:00,150
7/4/2024 10:00,160
7/4/2024 11:00,175
7/4/2024 12:00,180
7/4/2024 13:00,195
7/4/2024 14:00,210
7/4/2024 15:00,210
7/4/2024 16:00,215
7/4/2024 17:00,218
7/4/2024 18:00,228
7/4/2024 19:00,230
7/4/2024 20:00,240
7/4/2024 21:00,235
7/4/2024 22:00,232
7/4/2024 23:00,220
7/5/2024 0:00,219
7/5/2024 1:00,210
7/5/2024 2:00,195
7/5/2024 3:00,184
7/5/2024 4:00,163
7/5/2024 5:00,156
7/5/2024 6:00,148
7/5/2024 7:00,145
7/5/2024 8:00,150
7/5/2024 9:00,152
7/5/2024 10:00,153
7/5/2024 11:00,168
7/5/2024 12:00,180
7/5/2024 13:00,199
7/5/2024 14:00,194
7/5/2024 15:00,215
7/5/2024 16:00,210
7/5/2024 17:00,212
7/5/2024 18:00,224
7/5/2024 19:00,230
7/5/2024 20:00,242
7/5/2024 21:00,252
7/5/2024 22:00,254
7/5/2024 23:00,248
7/6/2024 0:00,246
7/6/2024 1:00,238
7/6/2024 2:00,232
7/6/2024 3:00,220
7/6/2024 4:00,208
7/6/2024 5:00,185
7/6/2024 6:00,175
7/6/2024 7:00,164
7/6/2024 8:00,170
7/6/2024 9:00,168
7/6/2024 10:00,160
7/6/2024 11:00,170
7/6/2024 12:00,185
7/6/2024 13:00,175
7/6/2024 14:00,190
7/6/2024 15:00,190
7/6/2024 16:00,185
7/6/2024 17:00,195
7/6/2024 18:00,211
7/6/2024 19:00,215
7/6/2024 20:00,223
7/6/2024 21:00,235
7/6/2024 22:00,240
7/6/2024 23:00,240
7/7/2024 0:00,240
7/7/2024 1:00,230
7/7/2024 2:00,196
7/7/2024 3:00,185
7/7/2024 4:00,175
7/7/2024 5:00,168
7/7/2024 6:00,155
7/7/2024 7:00,145
7/7/2024 8:00,139
7/7/2024 9:00,140
7/7/2024 10:00,145
7/7/2024 11:00,140
7/7/2024 12:00,150
7/7/2024 13:00,155
7/7/2024 14:00,190
7/7/2024 15:00,170
7/7/2024 16:00,180
7/7/2024 17:00,187
7/7/2024 18:00,193
7/7/2024 19:00,202
7/7/2024 20:00,224
7/7/2024 21:00,230
7/7/2024 22:00,224
7/7/2024 23:00,225
7/8/2024 0:00,225
7/8/2024 1:00,220
7/8/2024 2:00,213
7/8/2024 3:00,205
7/8/2024 4:00,195
7/8/2024 5:00,175
7/8/2024 6:00,165
7/8/2024 7:00,152
7/8/2024 8:00,140
7/8/2024 9:00,142
7/8/2024 10:00,140
7/8/2024 11:00,144
7/8/2024 12:00,152
7/8/2024 13:00,168
7/8/2024 14:00,177
7/8/2024 15:00,190
7/8/2024 16:00,195
7/8/2024 17:00,203
7/8/2024 18:00,210
7/8/2024 19:00,212
7/8/2024 20:00,220
7/8/2024 21:00,225
7/8/2024 22:00,235
7/8/2024 23:00,238
7/9/2024 0:00,230
7/9/2024 1:00,224
7/9/2024 2:00,215
7/9/2024 3:00,217
7/9/2024 4:00,195
7/9/2024 5:00,190
7/9/2024 6:00,185
7/9/2024 7:00,170
7/9/2024 8:00,170
7/9/2024 9:00,163
7/9/2024 10:00,160
7/9/2024 11:00,169
7/9/2024 12:00,169
7/9/2024 13:00,168
7/9/2024 14:00,175
7/9/2024 15:00,185
7/9/2024 16:00,185
7/9/2024 17:00,195
7/9/2024 18:00,200
7/9/2024 19:00,209
7/9/2024 20:00,215
7/9/2024 21:00,220
7/9/2024 22:00,228
7/9/2024 23:00,225
7/10/2024 0:00,222
7/10/2024 1:00,215
7/10/2024 2:00,205
7/10/2024 3:00,205
7/10/2024 4:00,195
7/10/2024 5:00,185
7/10/2024 6:00,177
7/10/2024 7:00,174
7/10/2024 8:00,163
7/10/2024 9:00,163
7/10/2024 10:00,160
7/10/2024 11:00,160
7/10/2024 12:00,165
7/10/2024 13:00,175
7/10/2024 14:00,178
7/10/2024 15:00,188
7/10/2024 16:00,191
7/10/2024 17:00,198
7/10/2024 18:00,205
7/10/2024 19:00,203
7/10/2024 20:00,213
7/10/2024 21:00,214
7/10/2024 22:00,210
7/10/2024 23:00,215
7/11/2024 0:00,217
7/11/2024 1:00,210
7/11/2024 2:00,204
7/11/2024 3:00,204
7/11/2024 4:00,195
7/11/2024 5:00,195
7/11/2024 6:00,190
7/11/2024 7:00,185
7/11/2024 8:00,175
7/11/2024 9:00,171
7/11/2024 10:00,161
7/11/2024 11:00,165
7/11/2024 12:00,170
7/11/2024 13:00,170
7/11/2024 14:00,180
7/11/2024 15:00,185
7/11/2024 16:00,191
7/11/2024 17:00,195
7/11/2024 18:00,203
7/11/2024 19:00,208
7/11/2024 20:00,210
7/11/2024 21:00,212
7/11/2024 22:00,215
7/11/2024 23:00,205
7/12/2024 0:00,200
7/12/2024 1:00,197
7/12/2024 2:00,190
7/12/2024 3:00,190
7/12/2024 4:00,185
7/12/2024 5:00,178
7/12/2024 6:00,180
7/12/2024 7:00,174
7/12/2024 8:00,179
7/12/2024 9:00,170
7/12/2024 10:00,171
7/12/2024 11:00,171
7/12/2024 12:00,175
7/12/2024 13:00,175
7/12/2024 14:00,172
7/12/2024 15:00,185
7/12/2024 16:00,195
7/12/2024 17:00,202
7/12/2024 18:00,210
7/12/2024 19:00,207
7/12/2024 20:00,218
7/12/2024 21:00,215
7/12/2024 22:00,214
7/12/2024 23:00,210
7/13/2024 0:00,208
7/13/2024 1:00,205
7/13/2024 2:00,196
7/13/2024 3:00,193
7/13/2024 4:00,183
7/13/2024 5:00,184
7/13/2024 6:00,182
7/13/2024 7:00,183
7/13/2024 8:00,178
7/13/2024 9:00,176
7/13/2024 10:00,170
7/13/2024 11:00,170
7/13/2024 12:00,175
7/13/2024 13:00,185
7/13/2024 14:00,180
7/13/2024 15:00,195
7/13/2024 16:00,198
7/13/2024 17:00,203
7/13/2024 18:00,213
7/13/2024 19:00,213
7/13/2024 20:00,218
7/13/2024 21:00,213
7/13/2024 22:00,205
7/13/2024 23:00,200
7/14/2024 0:00,196
7/14/2024 1:00,185
7/14/2024 2:00,183
7/14/2024 3:00,172
7/14/2024 4:00,165
7/14/2024 5:00,162
7/14/2024 6:00,169
7/14/2024 7:00,170
7/14/2024 8:00,175
7/14/2024 9:00,177
7/14/2024 10:00,175
7/14/2024 11:00,173
7/14/2024 12:00,183
7/14/2024 13:00,187
7/14/2024 14:00,191
7/14/2024 15:00,198
7/14/2024 16:00,205
7/14/2024 17:00,210
7/14/2024 18:00,200
7/14/2024 19:00,222
7/14/2024 20:00,224
7/14/2024 21:00,223
7/14/2024 22:00,218
7/14/2024 23:00,210
7/15/2024 0:00,196
7/15/2024 1:00,192
7/15/2024 2:00,185
7/15/2024 3:00,182
7/15/2024 4:00,175
7/15/2024 5:00,178
7/15/2024 6:00,177
7/15/2024 7:00,178
7/15/2024 8:00,182
7/15/2024 9:00,185
7/15/2024 10:00,187
7/15/2024 11:00,185
7/15/2024 12:00,186
7/15/2024 13:00,190
7/15/2024 14:00,190
7/15/2024 15:00,195
7/15/2024 16:00,205
7/15/2024 17:00,210
7/15/2024 18:00,220
7/15/2024 19:00,220
7/15/2024 20:00,225
7/15/2024 21:00,226
7/15/2024 22:00,224
7/15/2024 23:00,212
7/16/2024 0:00,200
7/16/2024 1:00,187
7/16/2024 2:00,174
7/16/2024 3:00,160
7/16/2024 4:00,158
7/16/2024 5:00,155
7/16/2024 6:00,155
7/16/2024 7:00,158
7/16/2024 8:00,170
7/16/2024 9:00,169
7/16/2024 10:00,195
7/16/2024 11:00,184
7/16/2024 12:00,186
7/16/2024 13:00,190
7/16/2024 14:00,198
7/16/2024 15:00,203
7/16/2024 16:00,217
7/16/2024 17:00,225
7/16/2024 18:00,230
7/16/2024 19:00,230
7/16/2024 20:00,230
7/16/2024 21:00,230
7/16/2024 22:00,225
7/16/2024 23:00,219
7/17/2024 0:00,205
7/17/2024 1:00,195
7/17/2024 2:00,182
7/17/2024 3:00,167
7/17/2024 4:00,155
7/17/2024 5:00,150
7/17/2024 6:00,150
7/17/2024 7:00,146
7/17/2024 8:00,168
7/17/2024 9:00,178
7/17/2024 10:00,174
7/17/2024 11:00,180
7/17/2024 12:00,195
7/17/2024 13:00,197
7/17/2024 14:00,200
7/17/2024 15:00,205
7/17/2024 16:00,214
7/17/2024 17:00,220
7/17/2024 18:00,225
7/17/2024 19:00,239
7/17/2024 20:00,234
7/17/2024 21:00,238
7/17/2024 22:00,225
7/17/2024 23:00,225
7/18/2024 0:00,218
7/18/2024 1:00,200
7/18/2024 2:00,187
7/18/2024 3:00,176
7/18/2024 4:00,160
7/18/2024 5:00,155
7/18/2024 6:00,154
7/18/2024 7:00,155
7/18/2024 8:00,170
7/18/2024 9:00,168
7/18/2024 10:00,184
7/18/2024 11:00,190
7/18/2024 12:00,190
7/18/2024 13:00,195
7/18/2024 14:00,205
7/18/2024 15:00,210
7/18/2024 16:00,210
7/18/2024 17:00,217
7/18/2024 18:00,225
7/18/2024 19:00,232
7/18/2024 20:00,230
7/18/2024 21:00,234
7/18/2024 22:00,225
7/18/2024 23:00,221
7/19/2024 0:00,210
7/19/2024 1:00,198
7/19/2024 2:00,189
7/19/2024 3:00,173
7/19/2024 4:00,160
7/19/2024 5:00,150
7/19/2024 6:00,140
7/19/2024 7:00,140
7/19/2024 8:00,135
7/19/2024 9:00,147
7/19/2024 10:00,153
7/19/2024 11:00,175
7/19/2024 12:00,175
7/19/2024 13:00,185
7/19/2024 14:00,185
7/19/2024 15:00,187
7/19/2024 16:00,200
7/19/2024 17:00,215
7/19/2024 18:00,225
7/19/2024 19:00,237
7/19/2024 20:00,242
7/19/2024 21:00,238
7/19/2024 22:00,240
7/19/2024 23:00,235
7/20/2024 0:00,220
7/20/2024 1:00,205
7/20/2024 2:00,173
7/20/2024 3:00,170
7/20/2024 4:00,168
7/20/2024 5:00,157
7/20/2024 6:00,157
7/20/2024 7:00,150
7/20/2024 8:00,148
7/20/2024 9:00,150
7/20/2024 10:00,152
7/20/2024 11:00,159
7/20/2024 12:00,180
7/20/2024 13:00,182
7/20/2024 14:00,190
7/20/2024 15:00,190
7/20/2024 16:00,195
7/20/2024 17:00,205
7/20/2024 18:00,210
7/20/2024 19:00,224
7/20/2024 20:00,235
7/20/2024 21:00,243
7/20/2024 22:00,240
7/20/2024 23:00,235
7/21/2024 0:00,224
7/21/2024 1:00,216
7/21/2024 2:00,202
7/21/2024 3:00,193
7/21/2024 4:00,170
7/21/2024 5:00,155
7/21/2024 6:00,150
7/21/2024 7:00,140
7/21/2024 8:00,145
7/21/2024 9:00,145
7/21/2024 10:00,149
7/21/2024 11:00,150
7/21/2024 12:00,157
7/21/2024 13:00,172
7/21/2024 14:00,177
7/21/2024 15:00,178
7/21/2024 16:00,185
7/21/2024 17:00,193
7/21/2024 18:00,205
7/21/2024 19:00,218
7/21/2024 20:00,229
7/21/2024 21:00,236
7/21/2024 22:00,240
7/21/2024 23:00,235
7/22/2024 0:00,225
7/22/2024 1:00,218
7/22/2024 2:00,205
7/22/2024 3:00,201
7/22/2024 4:00,185
7/22/2024 5:00,170
7/22/2024 6:00,156
7/22/2024 7:00,145
7/22/2024 8:00,135
7/22/2024 9:00,141
7/22/2024 10:00,145
7/22/2024 11:00,150
7/22/2024 12:00,160
7/22/2024 13:00,167
7/22/2024 14:00,168
7/22/2024 15:00,178
7/22/2024 16:00,185
7/22/2024 17:00,190
7/22/2024 18:00,200
7/22/2024 19:00,210
7/22/2024 20:00,220
7/22/2024 21:00,233
7/22/2024 22:00,235
7/22/2024 23:00,233
7/23/2024 0:00,228
7/23/2024 1:00,220
7/23/2024 2:00,213
7/23/2024 3:00,204
7/23/2024 4:00,190
7/23/2024 5:00,180
7/23/2024 6:00,165
7/23/2024 7:00,150
7/23/2024 8:00,145
7/23/2024 9:00,140
7/23/2024 10:00,149
7/23/2024 11:00,150
7/23/2024 12:00,152
7/23/2024 13:00,160
7/23/2024 14:00,171
7/23/2024 15:00,176
7/23/2024 16:00,179
7/23/2024 17:00,187
7/23/2024 18:00,190
7/23/2024 19:00,193
7/23/2024 20:00,203
7/23/2024 21:00,220
7/23/2024 22:00,227
7/23/2024 23:00,230
7/24/2024 0:00,222
7/24/2024 1:00,222
7/24/2024 2:00,206
7/24/2024 3:00,200
7/24/2024 4:00,193
7/24/2024 5:00,185
7/24/2024 6:00,171
7/24/2024 7:00,157
7/24/2024 8:00,150
7/24/2024 9:00,142
7/24/2024 10:00,147
7/24/2024 11:00,155
7/24/2024 12:00,155
7/24/2024 13:00,160
7/24/2024 14:00,172
7/24/2024 15:00,170
7/24/2024 16:00,181
7/24/2024 17:00,187
7/24/2024 18:00,191
7/24/2024 19:00,193
7/24/2024 20:00,201
7/24/2024 21:00,207
7/24/2024 22:00,218
7/24/2024 23:00,222
7/25/2024 0:00,218
7/25/2024 1:00,210
7/25/2024 2:00,206
7/25/2024 3:00,197
7/25/2024 4:00,190
7/25/2024 5:00,180
7/25/2024 6:00,175
7/25/2024 7:00,170
7/25/2024 8:00,160
7/25/2024 9:00,158
7/25/2024 10:00,155
7/25/2024 11:00,160
7/25/2024 12:00,168
7/25/2024 13:00,170
7/25/2024 14:00,180
7/25/2024 15:00,184
7/25/2024 16:00,188
7/25/2024 17:00,190
7/25/2024 18:00,198
7/25/2024 19:00,200
7/25/2024 20:00,205
7/25/2024 21:00,203
7/25/2024 22:00,212
7/25/2024 23:00,215
7/26/2024 0:00,218
7/26/2024 1:00,212
7/26/2024 2:00,202
7/26/2024 3:00,199
7/26/2024 4:00,194
7/26/2024 5:00,185
7/26/2024 6:00,185
7/26/2024 7:00,180
7/26/2024 8:00,174
7/26/2024 9:00,170
7/26/2024 10:00,171
7/26/2024 11:00,172
7/26/2024 12:00,173
7/26/2024 13:00,180
7/26/2024 14:00,183
7/26/2024 15:00,183
7/26/2024 16:00,185
7/26/2024 17:00,200
7/26/2024 18:00,198
7/26/2024 19:00,202
7/26/2024 20:00,203
7/26/2024 21:00,205
7/26/2024 22:00,196
7/26/2024 23:00,198
7/27/2024 0:00,200
7/27/2024 1:00,198
7/27/2024 2:00,192
7/27/2024 3:00,180
7/27/2024 4:00,178
7/27/2024 5:00,170
7/27/2024 6:00,165
7/27/2024 7:00,170
7/27/2024 8:00,178
7/27/2024 9:00,171
7/27/2024 10:00,178
7/27/2024 11:00,180
7/27/2024 12:00,178
7/27/2024 13:00,184
7/27/2024 14:00,189
7/27/2024 15:00,195
7/27/2024 16:00,203
7/27/2024 17:00,208
7/27/2024 18:00,205
7/27/2024 19:00,210
7/27/2024 20:00,211
7/27/2024 21:00,211
7/27/2024 22:00,205
7/27/2024 23:00,193
7/28/2024 0:00,190
7/28/2024 1:00,184
7/28/2024 2:00,178
7/28/2024 3:00,170
7/28/2024 4:00,165
7/28/2024 5:00,162
7/28/2024 6:00,165
7/28/2024 7:00,162
7/28/2024 8:00,170
7/28/2024 9:00,179
7/28/2024 10:00,178
7/28/2024 11:00,178
7/28/2024 12:00,185
7/28/2024 13:00,189
7/28/2024 14:00,199
7/28/2024 15:00,203
7/28/2024 16:00,206
7/28/2024 17:00,215
7/28/2024 18:00,220
7/28/2024 19:00,224
7/28/2024 20:00,224
7/28/2024 21:00,222
7/28/2024 22:00,215
7/28/2024 23:00,197
7/29/2024 0:00,185
7/29/2024 1:00,178
7/29/2024 2:00,168
7/29/2024 3:00,160
7/29/2024 4:00,154
7/29/2024 5:00,150
7/29/2024 6:00,155
7/29/2024 7:00,158
7/29/2024 8:00,164
7/29/2024 9:00,169
7/29/2024 10:00,163
7/29/2024 11:00,170
7/29/2024 12:00,180
7/29/2024 13:00,186
7/29/2024 14:00,193
7/29/2024 15:00,206
7/29/2024 16:00,212
7/29/2024 17:00,215
7/29/2024 18:00,225
7/29/2024 19:00,230
7/29/2024 20:00,230
7/29/2024 21:00,223
7/29/2024 22:00,227
7/29/2024 23:00,210
7/30/2024 0:00,188
7/30/2024 1:00,173
7/30/2024 2:00,163
7/30/2024 3:00,145
7/30/2024 4:00,143
7/30/2024 5:00,140
7/30/2024 6:00,140
7/30/2024 7:00,148
7/30/2024 8:00,164
7/30/2024 9:00,170
7/30/2024 10:00,178
7/30/2024 11:00,175
7/30/2024 12:00,180
7/30/2024 13:00,187
7/30/2024 14:00,193
7/30/2024 15:00,203
7/30/2024 16:00,215
7/30/2024 17:00,220
7/30/2024 18:00,230
7/30/2024 19:00,233
7/30/2024 20:00,234
7/30/2024 21:00,232
7/30/2024 22:00,225
7/30/2024 23:00,215
7/31/2024 0:00,194
7/31/2024 1:00,185
7/31/2024 2:00,158
7/31/2024 3:00,142
7/31/2024 4:00,135
7/31/2024 5:00,132
7/31/2024 6:00,130
7/31/2024 7:00,135
7/31/2024 8:00,150
7/31/2024 9:00,166
7/31/2024 10:00,173
7/31/2024 11:00,179
7/31/2024 12:00,189
7/31/2024 13:00,189
7/31/2024 14:00,195
7/31/2024 15:00,195
7/31/2024 16:00,208
7/31/2024 17:00,226
7/31/2024 18:00,228
7/31/2024 19:00,230
7/31/2024 20:00,235
7/31/2024 21:00,238
7/31/2024 22:00,230
7/31/2024 23:00,230
8/1/2024 0:00,218
8/1/2024 1:00,190
8/1/2024 2:00,170
8/1/2024 3:00,155
8/1/2024 4:00,142
8/1/2024 5:00,128
8/1/2024 6:00,128
8/1/2024 7:00,137
8/1/2024 8:00,140
8/1/2024 9:00,154
8/1/2024 10:00,164
8/1/2024 11:00,168
8/1/2024 12:00,177
8/1/2024 13:00,180
8/1/2024 14:00,178
8/1/2024 15:00,188
8/1/2024 16:00,198
8/1/2024 17:00,208
8/1/2024 18:00,220
8/1/2024 19:00,225
8/1/2024 20:00,236
8/1/2024 21:00,230
8/1/2024 22:00,235
8/1/2024 23:00,224
8/2/2024 0:00,215
8/2/2024 1:00,203
8/2/2024 2:00,184
8/2/2024 3:00,168
8/2/2024 4:00,154
8/2/2024 5:00,142
8/2/2024 6:00,132
8/2/2024 7:00,130
8/2/2024 8:00,140
8/2/2024 9:00,143
8/2/2024 10:00,157
8/2/2024 11:00,180
8/2/2024 12:00,178
8/2/2024 13:00,180
8/2/2024 14:00,183
8/2/2024 15:00,183
8/2/2024 16:00,190
8/2/2024 17:00,198
8/2/2024 18:00,211
8/2/2024 19:00,226
8/2/2024 20:00,228
8/2/2024 21:00,235
8/2/2024 22:00,230
8/2/2024 23:00,228
8/3/2024 0:00,220
8/3/2024 1:00,205
8/3/2024 2:00,190
8/3/2024 3:00,179
8/3/2024 4:00,162
8/3/2024 5:00,145
8/3/2024 6:00,138
8/3/2024 7:00,140
8/3/2024 8:00,140
8/3/2024 9:00,147
8/3/2024 10:00,150
8/3/2024 11:00,160
8/3/2024 12:00,160
8/3/2024 13:00,175
8/3/2024 14:00,182
8/3/2024 15:00,182
8/3/2024 16:00,190
8/3/2024 17:00,200
8/3/2024 18:00,210
8/3/2024 19:00,215
8/3/2024 20:00,230
8/3/2024 21:00,230
8/3/2024 22:00,234
8/3/2024 23:00,234
8/4/2024 0:00,220
8/4/2024 1:00,210
8/4/2024 2:00,201
8/4/2024 3:00,190
8/4/2024 4:00,167
8/4/2024 5:00,170
8/4/2024 6:00,150
8/4/2024 7:00,142
8/4/2024 8:00,140
8/4/2024 9:00,145
8/4/2024 10:00,148
8/4/2024 11:00,155
8/4/2024 12:00,169
8/4/2024 13:00,177
8/4/2024 14:00,180
8/4/2024 15:00,182
8/4/2024 16:00,184
8/4/2024 17:00,190
8/4/2024 18:00,195
8/4/2024 19:00,202
8/4/2024 20:00,212
8/4/2024 21:00,220
8/4/2024 22:00,225
8/4/2024 23:00,225
8/5/2024 0:00,215
8/5/2024 1:00,210
8/5/2024 2:00,200
8/5/2024 3:00,184
8/5/2024 4:00,172
8/5/2024 5:00,162
8/5/2024 6:00,150
8/5/2024 7:00,144
8/5/2024 8:00,153
8/5/2024 9:00,150
8/5/2024 10:00,155
8/5/2024 11:00,159
8/5/2024 12:00,165
8/5/2024 13:00,170
8/5/2024 14:00,180
8/5/2024 15:00,182
8/5/2024 16:00,185
8/5/2024 17:00,190
8/5/2024 18:00,200
8/5/2024 19:00,208
8/5/2024 20:00,222
8/5/2024 21:00,225
8/5/2024 22:00,220
8/5/2024 23:00,218
8/6/2024 0:00,218
8/6/2024 1:00,205
8/6/2024 2:00,197
8/6/2024 3:00,194
8/6/2024 4:00,180
8/6/2024 5:00,170
8/6/2024 6:00,160
8/6/2024 7:00,153
8/6/2024 8:00,150
8/6/2024 9:00,150
8/6/2024 10:00,155
8/6/2024 11:00,160
8/6/2024 12:00,160
8/6/2024 13:00,175
8/6/2024 14:00,175
8/6/2024 15:00,182
8/6/2024 16:00,180
8/6/2024 17:00,190
8/6/2024 18:00,197
8/6/2024 19:00,202
8/6/2024 20:00,210
8/6/2024 21:00,216
8/6/2024 22:00,218
8/6/2024 23:00,220
8/7/2024 0:00,215
8/7/2024 1:00,207
8/7/2024 2:00,189
8/7/2024 3:00,195
8/7/2024 4:00,190
8/7/2024 5:00,186
8/7/2024 6:00,175
8/7/2024 7:00,170
8/7/2024 8:00,159
8/7/2024 9:00,170
8/7/2024 10:00,168
8/7/2024 11:00,168
8/7/2024 12:00,163
8/7/2024 13:00,171
8/7/2024 14:00,173
8/7/2024 15:00,182
8/7/2024 16:00,184
8/7/2024 17:00,192
8/7/2024 18:00,198
8/7/2024 19:00,205
8/7/2024 20:00,210
8/7/2024 21:00,215
8/7/2024 22:00,214
8/7/2024 23:00,210
8/8/2024 0:00,205
8/8/2024 1:00,204
8/8/2024 2:00,193
8/8/2024 3:00,186
8/8/2024 4:00,180
8/8/2024 5:00,178
8/8/2024 6:00,180
8/8/2024 7:00,172
8/8/2024 8:00,172
8/8/2024 9:00,168
8/8/2024 10:00,173
8/8/2024 11:00,175
8/8/2024 12:00,173
8/8/2024 13:00,173
8/8/2024 14:00,178
8/8/2024 15:00,180
8/8/2024 16:00,185
8/8/2024 17:00,185
8/8/2024 18:00,193
8/8/2024 19:00,204
8/8/2024 20:00,209
8/8/2024 21:00,209
8/8/2024 22:00,211
8/8/2024 23:00,215
8/9/2024 0:00,210
8/9/2024 1:00,205
8/9/2024 2:00,195
8/9/2024 3:00,193
8/9/2024 4:00,190
8/9/2024 5:00,187
8/9/2024 6:00,183
8/9/2024 7:00,183
8/9/2024 8:00,175
8/9/2024 9:00,165
8/9/2024 10:00,175
8/9/2024 11:00,188
8/9/2024 12:00,188
8/9/2024 13:00,190
8/9/2024 14:00,190
8/9/2024 15:00,195
8/9/2024 16:00,199
8/9/2024 17:00,200
8/9/2024 18:00,210
8/9/2024 19:00,213
8/9/2024 20:00,211
8/9/2024 21:00,210
8/9/2024 22:00,208
8/9/2024 23:00,205
8/10/2024 0:00,215
8/10/2024 1:00,198
8/10/2024 2:00,181
8/10/2024 3:00,177
8/10/2024 4:00,179
8/10/2024 5:00,180
8/10/2024 6:00,177
8/10/2024 7:00,180
8/10/2024 8:00,180
8/10/2024 9:00,175
8/10/2024 10:00,179
8/10/2024 11:00,189
8/10/2024 12:00,193
8/10/2024 13:00,195
8/10/2024 14:00,192
8/10/2024 15:00,190
8/10/2024 16:00,200
8/10/2024 17:00,201
8/10/2024 18:00,212
8/10/2024 19:00,213
8/10/2024 20:00,218
8/10/2024 21:00,208
8/10/2024 22:00,190
8/10/2024 23:00,195
8/11/2024 0:00,185
8/11/2024 1:00,188
8/11/2024 2:00,180
8/11/2024 3:00,162
8/11/2024 4:00,163
8/11/2024 5:00,165
8/11/2024 6:00,162
8/11/2024 7:00,166
8/11/2024 8:00,175
8/11/2024 9:00,170
8/11/2024 10:00,175
8/11/2024 11:00,180
8/11/2024 12:00,175
8/11/2024 13:00,180
8/11/2024 14:00,185
8/11/2024 15:00,195
8/11/2024 16:00,198
8/11/2024 17:00,205
8/11/2024 18:00,212
8/11/2024 19:00,215
8/11/2024 20:00,216
8/11/2024 21:00,215
8/11/2024 22:00,197
8/11/2024 23:00,185
8/12/2024 0:00,178
8/12/2024 1:00,170
8/12/2024 2:00,160
8/12/2024 3:00,162
8/12/2024 4:00,162
8/12/2024 5:00,163
8/12/2024 6:00,165
8/12/2024 7:00,173
8/12/2024 8:00,178
8/12/2024 9:00,183
8/12/2024 10:00,190
8/12/2024 11:00,180
8/12/2024 12:00,187
8/12/2024 13:00,197
8/12/2024 14:00,205
8/12/2024 15:00,206
8/12/2024 16:00,210
8/12/2024 17:00,215
8/12/2024 18:00,218
8/12/2024 19:00,220
8/12/2024 20:00,220
8/12/2024 21:00,215
8/12/2024 22:00,208
8/12/2024 23:00,194
8/13/2024 0:00,184
8/13/2024 1:00,173
8/13/2024 2:00,160
8/13/2024 3:00,173
8/13/2024 4:00,145
8/13/2024 5:00,150
8/13/2024 6:00,157
8/13/2024 7:00,168
8/13/2024 8:00,170
8/13/2024 9:00,176
8/13/2024 10:00,180
8/13/2024 11:00,178
8/13/2024 12:00,185
8/13/2024 13:00,194
8/13/2024 14:00,192
8/13/2024 15:00,198
8/13/2024 16:00,210
8/13/2024 17:00,208
8/13/2024 18:00,214
8/13/2024 19:00,220
8/13/2024 20:00,225
8/13/2024 21:00,219
8/13/2024 22:00,213
8/13/2024 23:00,197
8/14/2024 0:00,193
8/14/2024 1:00,167
8/14/2024 2:00,155
8/14/2024 3:00,144
8/14/2024 4:00,140
8/14/2024 5:00,143
8/14/2024 6:00,140
8/14/2024 7:00,157
8/14/2024 8:00,170
8/14/2024 9:00,178
8/14/2024 10:00,184
8/14/2024 11:00,186
8/14/2024 12:00,190
8/14/2024 13:00,195
8/14/2024 14:00,201
8/14/2024 15:00,208
8/14/2024 16:00,215
8/14/2024 17:00,222
8/14/2024 18:00,225
8/14/2024 19:00,225
8/14/2024 20:00,230
8/14/2024 21:00,225
8/14/2024 22:00,223
8/14/2024 23:00,203
8/15/2024 0:00,193
8/15/2024 1:00,180
8/15/2024 2:00,165
8/15/2024 3:00,158
8/15/2024 4:00,140
8/15/2024 5:00,135
8/15/2024 6:00,144
8/15/2024 7:00,154
8/15/2024 8:00,160
8/15/2024 9:00,171
8/15/2024 10:00,185
8/15/2024 11:00,190
8/15/2024 12:00,193
8/15/2024 13:00,188
8/15/2024 14:00,198
8/15/2024 15:00,204
8/15/2024 16:00,213
8/15/2024 17:00,218
8/15/2024 18:00,228
8/15/2024 19:00,235
8/15/2024 20:00,238
8/15/2024 21:00,235
8/15/2024 22:00,228
8/15/2024 23:00,210
8/16/2024 0:00,199
8/16/2024 1:00,186
8/16/2024 2:00,170
8/16/2024 3:00,157
8/16/2024 4:00,148
8/16/2024 5:00,136
8/16/2024 6:00,136
8/16/2024 7:00,133
8/16/2024 8:00,147
8/16/2024 9:00,155
8/16/2024 10:00,163
8/16/2024 11:00,169
8/16/2024 12:00,184
8/16/2024 13:00,185
8/16/2024 14:00,190
8/16/2024 15:00,194
8/16/2024 16:00,202
8/16/2024 17:00,207
8/16/2024 18:00,215
8/16/2024 19:00,225
8/16/2024 20:00,227
8/16/2024 21:00,227
8/16/2024 22:00,223
8/16/2024 23:00,214
8/17/2024 0:00,200
8/17/2024 1:00,188
8/17/2024 2:00,170
8/17/2024 3:00,155
8/17/2024 4:00,142
8/17/2024 5:00,135
8/17/2024 6:00,137
8/17/2024 7:00,135
8/17/2024 8:00,180
8/17/2024 9:00,158
8/17/2024 10:00,165
8/17/2024 11:00,175
8/17/2024 12:00,178
8/17/2024 13:00,185
8/17/2024 14:00,188
8/17/2024 15:00,190
8/17/2024 16:00,198
8/17/2024 17:00,213
8/17/2024 18:00,220
8/17/2024 19:00,232
8/17/2024 20:00,238
8/17/2024 21:00,238
8/17/2024 22:00,214
8/17/2024 23:00,230
8/18/2024 0:00,215
8/18/2024 1:00,200
8/18/2024 2:00,180
8/18/2024 3:00,168
8/18/2024 4:00,157
8/18/2024 5:00,147
8/18/2024 6:00,139
8/18/2024 7:00,145
8/18/2024 8:00,150
8/18/2024 9:00,155
8/18/2024 10:00,165
8/18/2024 11:00,174
8/18/2024 12:00,174
8/18/2024 13:00,185
8/18/2024 14:00,192
8/18/2024 15:00,195
8/18/2024 16:00,200
8/18/2024 17:00,214
8/18/2024 18:00,219
8/18/2024 19:00,232
8/18/2024 20:00,240
8/18/2024 21:00,245
8/18/2024 22:00,238
8/18/2024 23:00,232
8/19/2024 0:00,233
8/19/2024 1:00,205
8/19/2024 2:00,195
8/19/2024 3:00,177
8/19/2024 4:00,162
8/19/2024 5:00,155
8/19/2024 6:00,140
8/19/2024 7:00,145
8/19/2024 8:00,144
8/19/2024 9:00,152
8/19/2024 10:00,156
8/19/2024 11:00,165
8/19/2024 12:00,172
8/19/2024 13:00,180
8/19/2024 14:00,178
8/19/2024 15:00,180
8/19/2024 16:00,185
8/19/2024 17:00,190
8/19/2024 18:00,200
8/19/2024 19:00,212
8/19/2024 20:00,224
8/19/2024 21:00,235
8/19/2024 22:00,234
8/19/2024 23:00,235
8/20/2024 0:00,219
8/20/2024 1:00,210
8/20/2024 2:00,200
8/20/2024 3:00,183
8/20/2024 4:00,175
8/20/2024 5:00,165
8/20/2024 6:00,150
8/20/2024 7:00,140
8/20/2024 8:00,150
8/20/2024 9:00,160
8/20/2024 10:00,166
8/20/2024 11:00,169
8/20/2024 12:00,180
8/20/2024 13:00,180
8/20/2024 14:00,180
8/20/2024 15:00,178
8/20/2024 16:00,180
8/20/2024 17:00,188
8/20/2024 18:00,192
8/20/2024 19:00,201
8/20/2024 20:00,214
8/20/2024 21:00,224
8/20/2024 22:00,225
8/20/2024 23:00,225
8/21/2024 0:00,220
8/21/2024 1:00,210
8/21/2024 2:00,204
8/21/2024 3:00,187
8/21/2024 4:00,180
8/21/2024 5:00,170
8/21/2024 6:00,160
8/21/2024 7:00,157
8/21/2024 8:00,174
8/21/2024 9:00,164
8/21/2024 10:00,162
8/21/2024 11:00,169
8/21/2024 12:00,175
8/21/2024 13:00,184
8/21/2024 14:00,185
8/21/2024 15:00,184
8/21/2024 16:00,185
8/21/2024 17:00,189
8/21/2024 18:00,200
8/21/2024 19:00,205
8/21/2024 20:00,200
8/21/2024 21:00,214
8/21/2024 22:00,225
8/21/2024 23:00,215
8/22/2024 0:00,217
8/22/2024 1:00,212
8/22/2024 2:00,205
8/22/2024 3:00,193
8/22/2024 4:00,186
8/22/2024 5:00,184
8/22/2024 6:00,174
8/22/2024 7:00,166
8/22/2024 8:00,166
8/22/2024 9:00,160
8/22/2024 10:00,172
8/22/2024 11:00,180
8/22/2024 12:00,177
8/22/2024 13:00,185
8/22/2024 14:00,183
8/22/2024 15:00,180
8/22/2024 16:00,178
8/22/2024 17:00,175
8/22/2024 18:00,180
8/22/2024 19:00,188
8/22/2024 20:00,188
8/22/2024 21:00,201
8/22/2024 22:00,203
8/22/2024 23:00,210
8/23/2024 0:00,212
8/23/2024 1:00,205
8/23/2024 2:00,195
8/23/2024 3:00,190
8/23/2024 4:00,183
8/23/2024 5:00,177
8/23/2024 6:00,167
8/23/2024 7:00,170
8/23/2024 8:00,170
8/23/2024 9:00,170
8/23/2024 10:00,180
8/23/2024 11:00,190
8/23/2024 12:00,193
8/23/2024 13:00,198
8/23/2024 14:00,205
8/23/2024 15:00,201
8/23/2024 16:00,201
8/23/2024 17:00,195
8/23/2024 18:00,194
8/23/2024 19:00,197
8/23/2024 20:00,194
8/23/2024 21:00,190
8/23/2024 22:00,190
8/23/2024 23:00,192
8/24/2024 0:00,192
8/24/2024 1:00,185
8/24/2024 2:00,175
8/24/2024 3:00,173
8/24/2024 4:00,170
8/24/2024 5:00,163
8/24/2024 6:00,168
8/24/2024 7:00,168
8/24/2024 8:00,170
8/24/2024 9:00,174
8/24/2024 10:00,175
8/24/2024 11:00,190
8/24/2024 12:00,193
8/24/2024 13:00,205
8/24/2024 14:00,209
8/24/2024 15:00,212
8/24/2024 16:00,214
8/24/2024 17:00,210
8/24/2024 18:00,210
8/24/2024 19:00,207
8/24/2024 20:00,200
8/24/2024 21:00,191
8/24/2024 22:00,185
8/24/2024 23:00,175
8/25/2024 0:00,155
8/25/2024 1:00,160
8/25/2024 2:00,155
8/25/2024 3:00,153
8/25/2024 4:00,155
8/25/2024 5:00,163
8/25/2024 6:00,169
8/25/2024 7:00,175
8/25/2024 8:00,180
8/25/2024 9:00,180
8/25/2024 10:00,200
8/25/2024 11:00,200
8/25/2024 12:00,208
8/25/2024 13:00,210
8/25/2024 14:00,218
8/25/2024 15:00,218
8/25/2024 16:00,220
8/25/2024 17:00,217
8/25/2024 18:00,215
8/25/2024 19:00,215
8/25/2024 20:00,210
8/25/2024 21:00,195
8/25/2024 22:00,180
8/25/2024 23:00,170
8/26/2024 0:00,159
8/26/2024 1:00,150
8/26/2024 2:00,145
8/26/2024 3:00,140
8/26/2024 4:00,142
8/26/2024 5:00,150
8/26/2024 6:00,158
8/26/2024 7:00,160
8/26/2024 8:00,178
8/26/2024 9:00,181
8/26/2024 10:00,181
8/26/2024 11:00,186
8/26/2024 12:00,198
8/26/2024 13:00,205
8/26/2024 14:00,205
8/26/2024 15:00,215
8/26/2024 16:00,218
8/26/2024 17:00,223
8/26/2024 18:00,225
8/26/2024 19:00,227
8/26/2024 20:00,218
8/26/2024 21:00,205
8/26/2024 22:00,192
8/26/2024 23:00,175
8/27/2024 0:00,155
8/27/2024 1:00,145
8/27/2024 2:00,137
8/27/2024 3:00,135
8/27/2024 4:00,133
8/27/2024 5:00,135
8/27/2024 6:00,145
8/27/2024 7:00,155
8/27/2024 8:00,170
8/27/2024 9:00,174
8/27/2024 10:00,170
8/27/2024 11:00,185
8/27/2024 12:00,190
8/27/2024 13:00,193
8/27/2024 14:00,199
8/27/2024 15:00,205
8/27/2024 16:00,209
8/27/2024 17:00,218
8/27/2024 18:00,220
8/27/2024 19:00,220
8/27/2024 20:00,220
8/27/2024 21:00,207
8/27/2024 22:00,199
8/27/2024 23:00,178
8/28/2024 0:00,163
8/28/2024 1:00,150
8/28/2024 2:00,135
8/28/2024 3:00,133
8/28/2024 4:00,127
8/28/2024 5:00,130
8/28/2024 6:00,148
8/28/2024 7:00,157
8/28/2024 8:00,165
8/28/2024 9:00,178
8/28/2024 10:00,183
8/28/2024 11:00,182
8/28/2024 12:00,188
8/28/2024 13:00,184
8/28/2024 14:00,185
8/28/2024 15:00,195
8/28/2024 16:00,202
8/28/2024 17:00,209
8/28/2024 18:00,220
8/28/2024 19:00,228
8/28/2024 20:00,220
8/28/2024 21:00,215
8/28/2024 22:00,213
8/28/2024 23:00,197
8/29/2024 0:00,174
8/29/2024 1:00,165
8/29/2024 2:00,145
8/29/2024 3:00,134
8/29/2024 4:00,130
8/29/2024 5:00,126
8/29/2024 6:00,130
8/29/2024 7:00,140
8/29/2024 8:00,151
8/29/2024 9:00,165
8/29/2024 10:00,179
8/29/2024 11:00,185
8/29/2024 12:00,184
8/29/2024 13:00,185
8/29/2024 14:00,188
8/29/2024 15:00,193
8/29/2024 16:00,198
8/29/2024 17:00,197
8/29/2024 18:00,204
8/29/2024 19:00,218
8/29/2024 20:00,220
8/29/2024 21:00,225
8/29/2024 22:00,215
8/29/2024 23:00,200
8/30/2024 0:00,180
8/30/2024 1:00,170
8/30/2024 2:00,165
8/30/2024 3:00,147
8/30/2024 4:00,138
8/30/2024 5:00,130
8/30/2024 6:00,134
8/30/2024 7:00,147
8/30/2024 8:00,150
8/30/2024 9:00,170
8/30/2024 10:00,185
8/30/2024 11:00,183
8/30/2024 12:00,185
8/30/2024 13:00,189
8/30/2024 14:00,187
8/30/2024 15:00,188
8/30/2024 16:00,190
8/30/2024 17:00,205
8/30/2024 18:00,210
8/30/2024 19:00,225
8/30/2024 20:00,228
8/30/2024 21:00,225
8/30/2024 22:00,220
8/30/2024 23:00,213
8/31/2024 0:00,200
8/31/2024 1:00,185
8/31/2024 2:00,170
8/31/2024 3:00,155
8/31/2024 4:00,147
8/31/2024 5:00,143
8/31/2024 6:00,137
8/31/2024 7:00,152
8/31/2024 8:00,157
8/31/2024 9:00,163
8/31/2024 10:00,175
8/31/2024 11:00,178
8/31/2024 12:00,180
8/31/2024 13:00,180
8/31/2024 14:00,178
8/31/2024 15:00,180
8/31/2024 16:00,182
8/31/2024 17:00,189
8/31/2024 18:00,199
8/31/2024 19:00,208
8/31/2024 20:00,215
8/31/2024 21:00,218
8/31/2024 22:00,210
8/31/2024 23:00,205
9/1/2024 0:00,195
9/1/2024 1:00,183
9/1/2024 2:00,170
9/1/2024 3:00,160
9/1/2024 4:00,154
9/1/2024 5:00,150
9/1/2024 6:00,130
9/1/2024 7:00,144
9/1/2024 8:00,154
9/1/2024 9:00,163
9/1/2024 10:00,168
9/1/2024 11:00,174
9/1/2024 12:00,178
9/1/2024 13:00,179
9/1/2024 14:00,180
9/1/2024 15:00,183
9/1/2024 16:00,186
9/1/2024 17:00,191
9/1/2024 18:00,193
9/1/2024 19:00,204
9/1/2024 20:00,210
9/1/2024 21:00,215
9/1/2024 22:00,203
9/1/2024 23:00,210
9/2/2024 0:00,203
9/2/2024 1:00,194
9/2/2024 2:00,183
9/2/2024 3:00,172
9/2/2024 4:00,160
9/2/2024 5:00,155
9/2/2024 6:00,152
9/2/2024 7:00,150
9/2/2024 8:00,160
9/2/2024 9:00,168
9/2/2024 10:00,174
9/2/2024 11:00,178
9/2/2024 12:00,187
9/2/2024 13:00,190
9/2/2024 14:00,187
9/2/2024 15:00,185
9/2/2024 16:00,185
9/2/2024 17:00,185
9/2/2024 18:00,202
9/2/2024 19:00,205
9/2/2024 20:00,210
9/2/2024 21:00,218
9/2/2024 22:00,215
9/2/2024 23:00,210
9/3/2024 0:00,202
9/3/2024 1:00,190
9/3/2024 2:00,185
9/3/2024 3:00,175
9/3/2024 4:00,172
9/3/2024 5:00,163
9/3/2024 6:00,160
9/3/2024 7:00,162
9/3/2024 8:00,165
9/3/2024 9:00,170
9/3/2024 10:00,172
9/3/2024 11:00,172
9/3/2024 12:00,175
9/3/2024 13:00,173
9/3/2024 14:00,180
9/3/2024 15:00,178
9/3/2024 16:00,180
9/3/2024 17:00,190
9/3/2024 18:00,192
9/3/2024 19:00,200
9/3/2024 20:00,210
9/3/2024 21:00,210
9/3/2024 22:00,205
9/3/2024 23:00,202
9/4/2024 0:00,188
9/4/2024 1:00,182
9/4/2024 2:00,180
9/4/2024 3:00,175
9/4/2024 4:00,165
9/4/2024 5:00,167
9/4/2024 6:00,160
9/4/2024 7:00,160
9/4/2024 8:00,168
9/4/2024 9:00,170
9/4/2024 10:00,175
9/4/2024 11:00,185
9/4/2024 12:00,188
9/4/2024 13:00,185
9/4/2024 14:00,185
9/4/2024 15:00,185
9/4/2024 16:00,183
9/4/2024 17:00,190
9/4/2024 18:00,190
9/4/2024 19:00,198
9/4/2024 20:00,200
9/4/2024 21:00,201
9/4/2024 22:00,205
9/4/2024 23:00,205
9/5/2024 0:00,193
9/5/2024 1:00,184
9/5/2024 2:00,180
9/5/2024 3:00,175
9/5/2024 4:00,170
9/5/2024 5:00,168
9/5/2024 6:00,168
9/5/2024 7:00,170
9/5/2024 8:00,170
9/5/2024 9:00,175
9/5/2024 10:00,190
9/5/2024 11:00,185
9/5/2024 12:00,194
9/5/2024 13:00,190
9/5/2024 14:00,190
9/5/2024 15:00,194
9/5/2024 16:00,195
9/5/2024 17:00,198
9/5/2024 18:00,202
9/5/2024 19:00,199
9/5/2024 20:00,200
9/5/2024 21:00,198
9/5/2024 22:00,200
9/5/2024 23:00,195
9/6/2024 0:00,185
9/6/2024 1:00,177
9/6/2024 2:00,170
9/6/2024 3:00,165
9/6/2024 4:00,172
9/6/2024 5:00,174
9/6/2024 6:00,170
9/6/2024 7:00,179
9/6/2024 8:00,178
9/6/2024 9:00,181
9/6/2024 10:00,187
9/6/2024 11:00,195
9/6/2024 12:00,190
9/6/2024 13:00,188
9/6/2024 14:00,192
9/6/2024 15:00,199
9/6/2024 16:00,198
9/6/2024 17:00,195
9/6/2024 18:00,205
9/6/2024 19:00,200
9/6/2024 20:00,193
9/6/2024 21:00,190
9/6/2024 22:00,183
9/6/2024 23:00,182
9/7/2024 0:00,178
9/7/2024 1:00,174
9/7/2024 2:00,164
9/7/2024 3:00,165
9/7/2024 4:00,170
9/7/2024 5:00,165
9/7/2024 6:00,178
9/7/2024 7:00,185
9/7/2024 8:00,188
9/7/2024 9:00,192
9/7/2024 10:00,194
9/7/2024 11:00,198
9/7/2024 12:00,199
9/7/2024 13:00,195
9/7/2024 14:00,190
9/7/2024 15:00,193
9/7/2024 16:00,195
9/7/2024 17:00,198
9/7/2024 18:00,204
9/7/2024 19:00,199
9/7/2024 20:00,195
9/7/2024 21:00,190
9/7/2024 22:00,187
9/7/2024 23:00,188
9/8/2024 0:00,188
9/8/2024 1:00,180
9/8/2024 2:00,177
9/8/2024 3:00,175
9/8/2024 4:00,178
9/8/2024 5:00,178
9/8/2024 6:00,178
9/8/2024 7:00,188
9/8/2024 8:00,187
9/8/2024 9:00,198
9/8/2024 10:00,193
9/8/2024 11:00,201
9/8/2024 12:00,205
9/8/2024 13:00,205
9/8/2024 14:00,205
9/8/2024 15:00,200
9/8/2024 16:00,208
9/8/2024 17:00,212
9/8/2024 18:00,212
9/8/2024 19:00,215
9/8/2024 20:00,205
9/8/2024 21:00,200
9/8/2024 22:00,191
9/8/2024 23:00,178
9/9/2024 0:00,172
9/9/2024 1:00,160
9/9/2024 2:00,150
9/9/2024 3:00,160
9/9/2024 4:00,169
9/9/2024 5:00,165
9/9/2024 6:00,172
9/9/2024 7:00,174
9/9/2024 8:00,185
9/9/2024 9:00,188
9/9/2024 10:00,185
9/9/2024 11:00,187
9/9/2024 12:00,200
9/9/2024 13:00,197
9/9/2024 14:00,200
9/9/2024 15:00,201
9/9/2024 16:00,202
9/9/2024 17:00,208
9/9/2024 18:00,205
9/9/2024 19:00,195
9/9/2024 20:00,192
9/9/2024 21:00,182
9/9/2024 22:00,175
9/9/2024 23:00,163
9/10/2024 0:00,160
9/10/2024 1:00,150
9/10/2024 2:00,143
9/10/2024 3:00,140
9/10/2024 4:00,150
9/10/2024 5:00,158
9/10/2024 6:00,170
9/10/2024 7:00,180
9/10/2024 8:00,194
9/10/2024 9:00,204
9/10/2024 10:00,200
9/10/2024 11:00,200
9/10/2024 12:00,205
9/10/2024 13:00,201
9/10/2024 14:00,203
9/10/2024 15:00,199
9/10/2024 16:00,202
9/10/2024 17:00,204
9/10/2024 18:00,205
9/10/2024 19:00,202
9/10/2024 20:00,200
9/10/2024 21:00,192
9/10/2024 22:00,183
9/10/2024 23:00,165
9/11/2024 0:00,153
9/11/2024 1:00,145
9/11/2024 2:00,134
9/11/2024 3:00,140
9/11/2024 4:00,138
9/11/2024 5:00,145
9/11/2024 6:00,160
9/11/2024 7:00,173
9/11/2024 8:00,180
9/11/2024 9:00,189
9/11/2024 10:00,192
9/11/2024 11:00,194
9/11/2024 12:00,195
9/11/2024 13:00,205
9/11/2024 14:00,203
9/11/2024 15:00,214
9/11/2024 16:00,223
9/11/2024 17:00,218
9/11/2024 18:00,223
9/11/2024 19:00,215
9/11/2024 20:00,208
9/11/2024 21:00,200
9/11/2024 22:00,180
9/11/2024 23:00,172
9/12/2024 0:00,160
9/12/2024 1:00,150
9/12/2024 2:00,140
9/12/2024 3:00,135
9/12/2024 4:00,142
9/12/2024 5:00,150
9/12/2024 6:00,158
9/12/2024 7:00,175
9/12/2024 8:00,185
9/12/2024 9:00,192
9/12/2024 10:00,185
9/12/2024 11:00,198
9/12/2024 12:00,192
9/12/2024 13:00,200
9/12/2024 14:00,203
9/12/2024 15:00,205
9/12/2024 16:00,208
9/12/2024 17:00,210
9/12/2024 18:00,210
9/12/2024 19:00,215
9/12/2024 20:00,211
9/12/2024 21:00,205
9/12/2024 22:00,192
9/12/2024 23:00,183
9/13/2024 0:00,162
9/13/2024 1:00,152
9/13/2024 2:00,137
9/13/2024 3:00,135
9/13/2024 4:00,125
9/13/2024 5:00,132
9/13/2024 6:00,140
9/13/2024 7:00,148
9/13/2024 8:00,165
9/13/2024 9:00,173
9/13/2024 10:00,180
9/13/2024 11:00,180
9/13/2024 12:00,190
9/13/2024 13:00,185
9/13/2024 14:00,190
9/13/2024 15:00,194
9/13/2024 16:00,198
9/13/2024 17:00,208
9/13/2024 18:00,209
9/13/2024 19:00,218
9/13/2024 20:00,208
9/13/2024 21:00,208
9/13/2024 22:00,195
9/13/2024 23:00,176
9/14/2024 0:00,165
9/14/2024 1:00,150
9/14/2024 2:00,140
9/14/2024 3:00,130
9/14/2024 4:00,127
9/14/2024 5:00,125
9/14/2024 6:00,129
9/14/2024 7:00,142
9/14/2024 8:00,158
9/14/2024 9:00,170
9/14/2024 10:00,170
9/14/2024 11:00,180
9/14/2024 12:00,180
9/14/2024 13:00,185
9/14/2024 14:00,190
9/14/2024 15:00,195
9/14/2024 16:00,198
9/14/2024 17:00,208
9/14/2024 18:00,212
9/14/2024 19:00,219
9/14/2024 20:00,220
9/14/2024 21:00,220
9/14/2024 22:00,210
9/14/2024 23:00,200
9/15/2024 0:00,185
9/15/2024 1:00,170
9/15/2024 2:00,155
9/15/2024 3:00,145
9/15/2024 4:00,132
9/15/2024 5:00,130
9/15/2024 6:00,130
9/15/2024 7:00,143
9/15/2024 8:00,155
9/15/2024 9:00,160
9/15/2024 10:00,179
9/15/2024 11:00,180
9/15/2024 12:00,184
9/15/2024 13:00,185
9/15/2024 14:00,179
9/15/2024 15:00,179
9/15/2024 16:00,185
9/15/2024 17:00,190
9/15/2024 18:00,210
9/15/2024 19:00,220
9/15/2024 20:00,226
9/15/2024 21:00,222
9/15/2024 22:00,218
9/15/2024 23:00,208
9/16/2024 0:00,190
9/16/2024 1:00,180
9/16/2024 2:00,168
9/16/2024 3:00,160
9/16/2024 4:00,150
9/16/2024 5:00,145
9/16/2024 6:00,140
9/16/2024 7:00,140
9/16/2024 8:00,163
9/16/2024 9:00,169
9/16/2024 10:00,172
9/16/2024 11:00,171
9/16/2024 12:00,184
9/16/2024 13:00,185
9/16/2024 14:00,178
9/16/2024 15:00,182
9/16/2024 16:00,190
9/16/2024 17:00,195
9/16/2024 18:00,204
9/16/2024 19:00,212
9/16/2024 20:00,218
9/16/2024 21:00,200
9/16/2024 22:00,215
9/16/2024 23:00,213
9/17/2024 0:00,202
9/17/2024 1:00,190
9/17/2024 2:00,175
9/17/2024 3:00,153
9/17/2024 4:00,145
9/17/2024 5:00,140
9/17/2024 6:00,138
9/17/2024 7:00,148
9/17/2024 8:00,158
9/17/2024 9:00,165
9/17/2024 10:00,165
9/17/2024 11:00,173
9/17/2024 12:00,185
9/17/2024 13:00,187
9/17/2024 14:00,183
9/17/2024 15:00,176
9/17/2024 16:00,177
9/17/2024 17:00,188
9/17/2024 18:00,193
9/17/2024 19:00,205
9/17/2024 20:00,210
9/17/2024 21:00,217
9/17/2024 22:00,215
9/17/2024 23:00,209
9/18/2024 0:00,190
9/18/2024 1:00,188
9/18/2024 2:00,178
9/18/2024 3:00,165
9/18/2024 4:00,162
9/18/2024 5:00,150
9/18/2024 6:00,152
9/18/2024 7:00,163
9/18/2024 8:00,162
9/18/2024 9:00,175
9/18/2024 10:00,172
9/18/2024 11:00,180
9/18/2024 12:00,180
9/18/2024 13:00,188
9/18/2024 14:00,180
9/18/2024 15:00,180
9/18/2024 16:00,170
9/18/2024 17:00,168
9/18/2024 18:00,172
9/18/2024 19:00,173
9/18/2024 20:00,195
9/18/2024 21:00,200
9/18/2024 22:00,198
9/18/2024 23:00,197
9/19/2024 0:00,191
9/19/2024 1:00,178
9/19/2024 2:00,163
9/19/2024 3:00,165
9/19/2024 4:00,150
9/19/2024 5:00,152
9/19/2024 6:00,153
9/19/2024 7:00,153
9/19/2024 8:00,162
9/19/2024 9:00,178
9/19/2024 10:00,188
9/19/2024 11:00,190
9/19/2024 12:00,193
9/19/2024 13:00,187
9/19/2024 14:00,187
9/19/2024 15:00,180
9/19/2024 16:00,177
9/19/2024 17:00,175
9/19/2024 18:00,175
9/19/2024 19:00,180
9/19/2024 20:00,191
9/19/2024 21:00,195
9/19/2024 22:00,198
9/19/2024 23:00,195
9/20/2024 0:00,188
9/20/2024 1:00,175
9/20/2024 2:00,170
9/20/2024 3:00,170
9/20/2024 4:00,165
9/20/2024 5:00,171
9/20/2024 6:00,171
9/20/2024 7:00,175
9/20/2024 8:00,181
9/20/2024 9:00,190
9/20/2024 10:00,200
9/20/2024 11:00,206
9/20/2024 12:00,205
9/20/2024 13:00,207
9/20/2024 14:00,203
9/20/2024 15:00,200
9/20/2024 16:00,192
9/20/2024 17:00,187
9/20/2024 18:00,190
9/20/2024 19:00,180
9/20/2024 20:00,180
9/20/2024 21:00,179
9/20/2024 22:00,185
9/20/2024 23:00,180
9/21/2024 0:00,178
9/21/2024 1:00,175
9/21/2024 2:00,160
9/21/2024 3:00,159
9/21/2024 4:00,165
9/21/2024 5:00,163
9/21/2024 6:00,179
9/21/2024 7:00,181
9/21/2024 8:00,190
9/21/2024 9:00,200
9/21/2024 10:00,203
9/21/2024 11:00,205
9/21/2024 12:00,212
9/21/2024 13:00,218
9/21/2024 14:00,220
9/21/2024 15:00,210
9/21/2024 16:00,210
9/21/2024 17:00,196
9/21/2024 18:00,194
9/21/2024 19:00,192
9/21/2024 20:00,172
9/21/2024 21:00,165
9/21/2024 22:00,160
9/21/2024 23:00,158
9/22/2024 0:00,153
9/22/2024 1:00,150
9/22/2024 2:00,144
9/22/2024 3:00,140
9/22/2024 4:00,155
9/22/2024 5:00,157
9/22/2024 6:00,177
9/22/2024 7:00,185
9/22/2024 8:00,195
9/22/2024 9:00,204
9/22/2024 10:00,208
9/22/2024 11:00,215
9/22/2024 12:00,220
9/22/2024 13:00,224
9/22/2024 14:00,227
9/22/2024 15:00,225
9/22/2024 16:00,225
9/22/2024 17:00,220
9/22/2024 18:00,213
9/22/2024 19:00,205
9/22/2024 20:00,192
9/22/2024 21:00,180
9/22/2024 22:00,170
9/22/2024 23:00,162
9/23/2024 0:00,155
9/23/2024 1:00,145
9/23/2024 2:00,140
9/23/2024 3:00,145
9/23/2024 4:00,155
9/23/2024 5:00,163
9/23/2024 6:00,175
9/23/2024 7:00,190
9/23/2024 8:00,200
9/23/2024 9:00,200
9/23/2024 10:00,205
9/23/2024 11:00,215
9/23/2024 12:00,217
9/23/2024 13:00,228
9/23/2024 14:00,220
9/23/2024 15:00,230
9/23/2024 16:00,230
9/23/2024 17:00,228
9/23/2024 18:00,220
9/23/2024 19:00,210
9/23/2024 20:00,203
9/23/2024 21:00,185
9/23/2024 22:00,165
9/23/2024 23:00,157
9/24/2024 0:00,144
9/24/2024 1:00,139
9/24/2024 2:00,130
9/24/2024 3:00,137
9/24/2024 4:00,130
9/24/2024 5:00,150
9/24/2024 6:00,163
9/24/2024 7:00,180
9/24/2024 8:00,195
9/24/2024 9:00,197
9/24/2024 10:00,205
9/24/2024 11:00,202
9/24/2024 12:00,217
9/24/2024 13:00,217
9/24/2024 14:00,223
9/24/2024 15:00,214
9/24/2024 16:00,223
9/24/2024 17:00,220
9/24/2024 18:00,218
9/24/2024 19:00,215
9/24/2024 20:00,205
9/24/2024 21:00,200
9/24/2024 22:00,190
9/24/2024 23:00,158
9/25/2024 0:00,152
9/25/2024 1:00,145
9/25/2024 2:00,134
9/25/2024 3:00,130
9/25/2024 4:00,135
9/25/2024 5:00,150
9/25/2024 6:00,160
9/25/2024 7:00,177
9/25/2024 8:00,194
9/25/2024 9:00,230
9/25/2024 10:00,200
9/25/2024 11:00,202
9/25/2024 12:00,201
9/25/2024 13:00,205
9/25/2024 14:00,210
9/25/2024 15:00,215
9/25/2024 16:00,217
9/25/2024 17:00,223
9/25/2024 18:00,223
9/25/2024 19:00,221
9/25/2024 20:00,216
9/25/2024 21:00,210
9/25/2024 22:00,195
9/25/2024 23:00,175
9/26/2024 0:00,155
9/26/2024 1:00,138
9/26/2024 2:00,133
9/26/2024 3:00,125
9/26/2024 4:00,135
9/26/2024 5:00,135
9/26/2024 6:00,148
9/26/2024 7:00,170
9/26/2024 8:00,182
9/26/2024 9:00,190
9/26/2024 10:00,198
9/26/2024 11:00,193
9/26/2024 12:00,185
9/26/2024 13:00,185
9/26/2024 14:00,188
9/26/2024 15:00,190
9/26/2024 16:00,202
9/26/2024 17:00,210
9/26/2024 18:00,210
9/26/2024 19:00,210
9/26/2024 20:00,205
9/26/2024 21:00,205
9/26/2024 22:00,193
9/26/2024 23:00,173
9/27/2024 0:00,160
9/27/2024 1:00,145
9/27/2024 2:00,137
9/27/2024 3:00,124
9/27/2024 4:00,135
9/27/2024 5:00,135
9/27/2024 6:00,148
9/27/2024 7:00,166
9/27/2024 8:00,174
9/27/2024 9:00,185
9/27/2024 10:00,188
9/27/2024 11:00,185
9/27/2024 12:00,185
9/27/2024 13:00,190
9/27/2024 14:00,185
9/27/2024 15:00,190
9/27/2024 16:00,195
9/27/2024 17:00,195
9/27/2024 18:00,204
9/27/2024 19:00,215
9/27/2024 20:00,215
9/27/2024 21:00,205
9/27/2024 22:00,202
9/27/2024 23:00,190
9/28/2024 0:00,180
9/28/2024 1:00,160
9/28/2024 2:00,152
9/28/2024 3:00,147
9/28/2024 4:00,145
9/28/2024 5:00,147
9/28/2024 6:00,155
9/28/2024 7:00,160
9/28/2024 8:00,188
9/28/2024 9:00,195
9/28/2024 10:00,200
9/28/2024 11:00,198
9/28/2024 12:00,198
9/28/2024 13:00,202
9/28/2024 14:00,198
9/28/2024 15:00,195
9/28/2024 16:00,200
9/28/2024 17:00,210
9/28/2024 18:00,208
9/28/2024 19:00,215
9/28/2024 20:00,223
9/28/2024 21:00,218
9/28/2024 22:00,203
9/28/2024 23:00,208
9/29/2024 0:00,197
9/29/2024 1:00,188
9/29/2024 2:00,177
9/29/2024 3:00,170
9/29/2024 4:00,168
9/29/2024 5:00,165
9/29/2024 6:00,170
9/29/2024 7:00,173
9/29/2024 8:00,195
9/29/2024 9:00,200
9/29/2024 10:00,195
9/29/2024 11:00,196
9/29/2024 12:00,202
9/29/2024 13:00,195
9/29/2024 14:00,196
9/29/2024 15:00,199
9/29/2024 16:00,198
9/29/2024 17:00,205
9/29/2024 18:00,210
9/29/2024 19:00,214
9/29/2024 20:00,220
9/29/2024 21:00,215
9/29/2024 22:00,200
9/29/2024 23:00,190
9/30/2024 0:00,185
9/30/2024 1:00,188
9/30/2024 2:00,177
9/30/2024 3:00,170
9/30/2024 4:00,163
9/30/2024 5:00,168
9/30/2024 6:00,168
9/30/2024 7:00,175
9/30/2024 8:00,180
9/30/2024 9:00,178
9/30/2024 10:00,185
9/30/2024 11:00,185
9/30/2024 12:00,188
9/30/2024 13:00,190
9/30/2024 14:00,191
9/30/2024 15:00,181
9/30/2024 16:00,184
9/30/2024 17:00,193
9/30/2024 18:00,190
9/30/2024 19:00,198
9/30/2024 20:00,205
9/30/2024 21:00,200
9/30/2024 22:00,198
9/30/2024 23:00,190
10/1/2024 0:00,184
10/1/2024 1:00,170
10/1/2024 2:00,174
10/1/2024 3:00,170
10/1/2024 4:00,168
10/1/2024 5:00,166
10/1/2024 6:00,170
10/1/2024 7:00,172
10/1/2024 8:00,189
10/1/2024 9:00,190
10/1/2024 10:00,194
10/1/2024 11:00,194
10/1/2024 12:00,194
10/1/2024 13:00,190
10/1/2024 14:00,188
10/1/2024 15:00,190
10/1/2024 16:00,188
10/1/2024 17:00,185
10/1/2024 18:00,190
10/1/2024 19:00,190
10/1/2024 20:00,194
10/1/2024 21:00,195
10/1/2024 22:00,190
10/1/2024 23:00,187
10/2/2024 0:00,180
10/2/2024 1:00,178
10/2/2024 2:00,175
10/2/2024 3:00,178
10/2/2024 4:00,174
10/2/2024 5:00,170
10/2/2024 6:00,175
10/2/2024 7:00,175
10/2/2024 8:00,186
10/2/2024 9:00,190
10/2/2024 10:00,195
10/2/2024 11:00,196
10/2/2024 12:00,195
10/2/2024 13:00,200
10/2/2024 14:00,194
10/2/2024 15:00,200
10/2/2024 16:00,203
10/2/2024 17:00,198
10/2/2024 18:00,195
10/2/2024 19:00,194
10/2/2024 20:00,188
10/2/2024 21:00,195
10/2/2024 22:00,188
10/2/2024 23:00,180
10/3/2024 0:00,177
10/3/2024 1:00,175
10/3/2024 2:00,180
10/3/2024 3:00,175
10/3/2024 4:00,184
10/3/2024 5:00,185
10/3/2024 6:00,186
10/3/2024 7:00,195
10/3/2024 8:00,195
10/3/2024 9:00,205
10/3/2024 10:00,201
10/3/2024 11:00,200
10/3/2024 12:00,193
10/3/2024 13:00,198
10/3/2024 14:00,197
10/3/2024 15:00,194
10/3/2024 16:00,197
10/3/2024 17:00,198
10/3/2024 18:00,190
10/3/2024 19:00,185
10/3/2024 20:00,183
10/3/2024 21:00,182
10/3/2024 22:00,185
10/3/2024 23:00,182
10/4/2024 0:00,184
10/4/2024 1:00,180
10/4/2024 2:00,180
10/4/2024 3:00,182
10/4/2024 4:00,180
10/4/2024 5:00,190
10/4/2024 6:00,192
10/4/2024 7:00,194
10/4/2024 8:00,205
10/4/2024 9:00,210
10/4/2024 10:00,218
10/4/2024 11:00,220
10/4/2024 12:00,218
10/4/2024 13:00,215
10/4/2024 14:00,220
10/4/2024 15:00,210
10/4/2024 16:00,205
10/4/2024 17:00,211
10/4/2024 18:00,204
10/4/2024 19:00,185
10/4/2024 20:00,185
10/4/2024 21:00,176
10/4/2024 22:00,175
10/4/2024 23:00,170
10/5/2024 0:00,166
10/5/2024 1:00,168
10/5/2024 2:00,165
10/5/2024 3:00,175
10/5/2024 4:00,177
10/5/2024 5:00,185
10/5/2024 6:00,190
10/5/2024 7:00,190
10/5/2024 8:00,200
10/5/2024 9:00,209
10/5/2024 10:00,215
10/5/2024 11:00,219
10/5/2024 12:00,213
10/5/2024 13:00,209
10/5/2024 14:00,203
10/5/2024 15:00,200
10/5/2024 16:00,195
10/5/2024 17:00,190
10/5/2024 18:00,180
10/5/2024 19:00,175
10/5/2024 20:00,185
10/5/2024 21:00,173
10/5/2024 22:00,165
10/5/2024 23:00,168
10/6/2024 0:00,164
10/6/2024 1:00,164
10/6/2024 2:00,167
10/6/2024 3:00,175
10/6/2024 4:00,178
10/6/2024 5:00,187
10/6/2024 6:00,187
10/6/2024 7:00,205
10/6/2024 8:00,205
10/6/2024 9:00,212
10/6/2024 10:00,217
10/6/2024 11:00,211
10/6/2024 12:00,213
10/6/2024 13:00,216
10/6/2024 14:00,215
10/6/2024 15:00,205
10/6/2024 16:00,205
10/6/2024 17:00,195
10/6/2024 18:00,195
10/6/2024 19:00,182
10/6/2024 20:00,178
10/6/2024 21:00,168
10/6/2024 22:00,170
10/6/2024 23:00,165
10/7/2024 0:00,164
10/7/2024 1:00,162
10/7/2024 2:00,169
10/7/2024 3:00,170
10/7/2024 4:00,182
10/7/2024 5:00,185
10/7/2024 6:00,194
10/7/2024 7:00,205
10/7/2024 8:00,205
10/7/2024 9:00,210
10/7/2024 10:00,215
10/7/2024 11:00,218
10/7/2024 12:00,225
10/7/2024 13:00,220
10/7/2024 14:00,219
10/7/2024 15:00,220
10/7/2024 16:00,218
10/7/2024 17:00,205
10/7/2024 18:00,201
10/7/2024 19:00,195
10/7/2024 20:00,180
10/7/2024 21:00,177
10/7/2024 22:00,170
10/7/2024 23:00,162
10/8/2024 0:00,159
10/8/2024 1:00,155
10/8/2024 2:00,158
10/8/2024 3:00,165
10/8/2024 4:00,170
10/8/2024 5:00,178
10/8/2024 6:00,195
10/8/2024 7:00,203
10/8/2024 8:00,209
10/8/2024 9:00,212
10/8/2024 10:00,220
10/8/2024 11:00,223
10/8/2024 12:00,230
10/8/2024 13:00,227
10/8/2024 14:00,220
10/8/2024 15:00,218
10/8/2024 16:00,220
10/8/2024 17:00,225
10/8/2024 18:00,207
10/8/2024 19:00,196
10/8/2024 20:00,190
10/8/2024 21:00,178
10/8/2024 22:00,166
10/8/2024 23:00,159
10/9/2024 0:00,154
10/9/2024 1:00,156
10/9/2024 2:00,156
10/9/2024 3:00,155
10/9/2024 4:00,161
10/9/2024 5:00,171
10/9/2024 6:00,190
10/9/2024 7:00,201
10/9/2024 8:00,206
10/9/2024 9:00,215
10/9/2024 10:00,217
10/9/2024 11:00,219
10/9/2024 12:00,220
10/9/2024 13:00,221
10/9/2024 14:00,220
10/9/2024 15:00,224
10/9/2024 16:00,215
10/9/2024 17:00,213
10/9/2024 18:00,209
10/9/2024 19:00,204
10/9/2024 20:00,195
10/9/2024 21:00,177
10/9/2024 22:00,167
10/9/2024 23:00,160
10/10/2024 0:00,148
10/10/2024 1:00,142
10/10/2024 2:00,155
10/10/2024 3:00,152
10/10/2024 4:00,158
10/10/2024 5:00,170
10/10/2024 6:00,182
10/10/2024 7:00,194
10/10/2024 8:00,207
10/10/2024 9:00,210
10/10/2024 10:00,215
10/10/2024 11:00,212
10/10/2024 12:00,215
10/10/2024 13:00,219
10/10/2024 14:00,220
10/10/2024 15:00,215
10/10/2024 16:00,222
10/10/2024 17:00,220
10/10/2024 18:00,220
10/10/2024 19:00,207
10/10/2024 20:00,205
10/10/2024 21:00,191
10/10/2024 22:00,182
10/10/2024 23:00,167
10/11/2024 0:00,160
10/11/2024 1:00,150
10/11/2024 2:00,154
10/11/2024 3:00,147
10/11/2024 4:00,152
10/11/2024 5:00,168
10/11/2024 6:00,180
10/11/2024 7:00,190
10/11/2024 8:00,200
10/11/2024 9:00,205
10/11/2024 10:00,206
10/11/2024 11:00,205
10/11/2024 12:00,210
10/11/2024 13:00,214
10/11/2024 14:00,215
10/11/2024 15:00,220
10/11/2024 16:00,225
10/11/2024 17:00,225
10/11/2024 18:00,230
10/11/2024 19:00,222
10/11/2024 20:00,210
10/11/2024 21:00,202
10/11/2024 22:00,190
10/11/2024 23:00,178
10/12/2024 0:00,168
10/12/2024 1:00,159
10/12/2024 2:00,148
10/12/2024 3:00,145
10/12/2024 4:00,145
10/12/2024 5:00,157
10/12/2024 6:00,177
10/12/2024 7:00,188
10/12/2024 8:00,194
10/12/2024 9:00,203
10/12/2024 10:00,202
10/12/2024 11:00,200
10/12/2024 12:00,207
10/12/2024 13:00,210
10/12/2024 14:00,212
10/12/2024 15:00,215
10/12/2024 16:00,218
10/12/2024 17:00,229
10/12/2024 18:00,225
10/12/2024 19:00,222
10/12/2024 20:00,223
10/12/2024 21:00,218
10/12/2024 22:00,204
10/12/2024 23:00,183
10/13/2024 0:00,175
10/13/2024 1:00,160
10/13/2024 2:00,158
10/13/2024 3:00,146
10/13/2024 4:00,150
10/13/2024 5:00,156
10/13/2024 6:00,163
10/13/2024 7:00,180
10/13/2024 8:00,205
10/13/2024 9:00,211
10/13/2024 10:00,213
10/13/2024 11:00,212
10/13/2024 12:00,215
10/13/2024 13:00,214
10/13/2024 14:00,215
10/13/2024 15:00,208
10/13/2024 16:00,203
10/13/2024 17:00,210
10/13/2024 18:00,212
10/13/2024 19:00,223
10/13/2024 20:00,218
10/13/2024 21:00,220
10/13/2024 22:00,204
10/13/2024 23:00,188
10/14/2024 0:00,180
10/14/2024 1:00,170
10/14/2024 2:00,154
10/14/2024 3:00,150
10/14/2024 4:00,145
10/14/2024 5:00,148
10/14/2024 6:00,165
10/14/2024 7:00,178
10/14/2024 8:00,190
10/14/2024 9:00,193
10/14/2024 10:00,196
10/14/2024 11:00,195
10/14/2024 12:00,192
10/14/2024 13:00,183
10/14/2024 14:00,184
10/14/2024 15:00,188
10/14/2024 16:00,190
10/14/2024 17:00,196
10/14/2024 18:00,210
10/14/2024 19:00,213
10/14/2024 20:00,220
10/14/2024 21:00,215
10/14/2024 22:00,210
10/14/2024 23:00,200
10/15/2024 0:00,181
10/15/2024 1:00,175
10/15/2024 2:00,163
10/15/2024 3:00,155
10/15/2024 4:00,155
10/15/2024 5:00,156
10/15/2024 6:00,165
10/15/2024 7:00,182
10/15/2024 8:00,190
10/15/2024 9:00,193
10/15/2024 10:00,200
10/15/2024 11:00,198
10/15/2024 12:00,195
10/15/2024 13:00,190
10/15/2024 14:00,188
10/15/2024 15:00,185
10/15/2024 16:00,187
10/15/2024 17:00,185
10/15/2024 18:00,195
10/15/2024 19:00,222
10/15/2024 20:00,204
10/15/2024 21:00,205
10/15/2024 22:00,200
10/15/2024 23:00,189
10/16/2024 0:00,182
10/16/2024 1:00,175
10/16/2024 2:00,165
10/16/2024 3:00,163
10/16/2024 4:00,154
10/16/2024 5:00,155
10/16/2024 6:00,167
10/16/2024 7:00,180
10/16/2024 8:00,200
10/16/2024 9:00,210
10/16/2024 10:00,211
10/16/2024 11:00,208
10/16/2024 12:00,205
10/16/2024 13:00,202
10/16/2024 14:00,190
10/16/2024 15:00,183
10/16/2024 16:00,172
10/16/2024 17:00,174
10/16/2024 18:00,186
10/16/2024 19:00,180
10/16/2024 20:00,190
10/16/2024 21:00,191
10/16/2024 22:00,190
10/16/2024 23:00,185
10/17/2024 0:00,177
10/17/2024 1:00,180
10/17/2024 2:00,170
10/17/2024 3:00,160
10/17/2024 4:00,165
10/17/2024 5:00,169
10/17/2024 6:00,174
10/17/2024 7:00,182
10/17/2024 8:00,201
10/17/2024 9:00,212
10/17/2024 10:00,220
10/17/2024 11:00,220
10/17/2024 12:00,213
10/17/2024 13:00,203
10/17/2024 14:00,198
10/17/2024 15:00,190
10/17/2024 16:00,175
10/17/2024 17:00,170
10/17/2024 18:00,170
10/17/2024 19:00,173
10/17/2024 20:00,177
10/17/2024 21:00,182
10/17/2024 22:00,184
10/17/2024 23:00,175
10/18/2024 0:00,172
10/18/2024 1:00,163
10/18/2024 2:00,165
10/18/2024 3:00,164
10/18/2024 4:00,170
10/18/2024 5:00,175
10/18/2024 6:00,185
10/18/2024 7:00,198
10/18/2024 8:00,210
10/18/2024 9:00,224
10/18/2024 10:00,225
10/18/2024 11:00,225
10/18/2024 12:00,224
10/18/2024 13:00,215
10/18/2024 14:00,208
10/18/2024 15:00,200
10/18/2024 16:00,182
10/18/2024 17:00,178
10/18/2024 18:00,165
10/18/2024 19:00,160
10/18/2024 20:00,162
10/18/2024 21:00,165
10/18/2024 22:00,169
10/18/2024 23:00,164
10/19/2024 0:00,162
10/19/2024 1:00,160
10/19/2024 2:00,165
10/19/2024 3:00,167
10/19/2024 4:00,174
10/19/2024 5:00,183
10/19/2024 6:00,192
10/19/2024 7:00,205
10/19/2024 8:00,221
10/19/2024 9:00,230
10/19/2024 10:00,244
10/19/2024 11:00,247
10/19/2024 12:00,240
10/19/2024 13:00,227
10/19/2024 14:00,225
10/19/2024 15:00,214
10/19/2024 16:00,199
10/19/2024 17:00,180
10/19/2024 18:00,170
10/19/2024 19:00,160
10/19/2024 20:00,152
10/19/2024 21:00,150
10/19/2024 22:00,148
10/19/2024 23:00,150
10/20/2024 0:00,153
10/20/2024 1:00,154
10/20/2024 2:00,145
10/20/2024 3:00,155
10/20/2024 4:00,162
10/20/2024 5:00,178
10/20/2024 6:00,190
10/20/2024 7:00,197
10/20/2024 8:00,210
10/20/2024 9:00,225
10/20/2024 10:00,225
10/20/2024 11:00,240
10/20/2024 12:00,240
10/20/2024 13:00,235
10/20/2024 14:00,228
10/20/2024 15:00,212
10/20/2024 16:00,197
10/20/2024 17:00,185
10/20/2024 18:00,175
10/20/2024 19:00,160
10/20/2024 20:00,153
10/20/2024 21:00,140
10/20/2024 22:00,143
10/20/2024 23:00,143
10/21/2024 0:00,138
10/21/2024 1:00,135
10/21/2024 2:00,153
10/21/2024 3:00,152
10/21/2024 4:00,155
10/21/2024 5:00,170
10/21/2024 6:00,184
10/21/2024 7:00,202
10/21/2024 8:00,210
10/21/2024 9:00,218
10/21/2024 10:00,220
10/21/2024 11:00,232
10/21/2024 12:00,230
10/21/2024 13:00,230
10/21/2024 14:00,232
10/21/2024 15:00,228
10/21/2024 16:00,210
10/21/2024 17:00,196
10/21/2024 18:00,185
10/21/2024 19:00,163
10/21/2024 20:00,159
10/21/2024 21:00,140
10/21/2024 22:00,133
10/21/2024 23:00,134
10/22/2024 0:00,135
10/22/2024 1:00,130
10/22/2024 2:00,132
10/22/2024 3:00,130
10/22/2024 4:00,140
10/22/2024 5:00,152
10/22/2024 6:00,168
10/22/2024 7:00,177
10/22/2024 8:00,203
10/22/2024 9:00,215
10/22/2024 10:00,223
10/22/2024 11:00,227
10/22/2024 12:00,233
10/22/2024 13:00,230
10/22/2024 14:00,227
10/22/2024 15:00,227
10/22/2024 16:00,220
10/22/2024 17:00,214
10/22/2024 18:00,200
10/22/2024 19:00,185
10/22/2024 20:00,174
10/22/2024 21:00,161
10/22/2024 22:00,149
10/22/2024 23:00,138
10/23/2024 0:00,139
10/23/2024 1:00,130
10/23/2024 2:00,130
10/23/2024 3:00,142
10/23/2024 4:00,150
10/23/2024 5:00,160
10/23/2024 6:00,175
10/23/2024 7:00,188
10/23/2024 8:00,200
10/23/2024 9:00,212
10/23/2024 10:00,212
10/23/2024 11:00,220
10/23/2024 12:00,220
10/23/2024 13:00,220
10/23/2024 14:00,226
10/23/2024 15:00,224
10/23/2024 16:00,225
10/23/2024 17:00,220
10/23/2024 18:00,210
10/23/2024 19:00,207
10/23/2024 20:00,195
10/23/2024 21:00,178
10/23/2024 22:00,165
10/23/2024 23:00,145
10/24/2024 0:00,143
10/24/2024 1:00,141
10/24/2024 2:00,135
10/24/2024 3:00,135
10/24/2024 4:00,148
10/24/2024 5:00,165
10/24/2024 6:00,184
10/24/2024 7:00,197
10/24/2024 8:00,205
10/24/2024 9:00,215
10/24/2024 10:00,213
10/24/2024 11:00,210
10/24/2024 12:00,208
10/24/2024 13:00,212
10/24/2024 14:00,214
10/24/2024 15:00,217
10/24/2024 16:00,220
10/24/2024 17:00,215
10/24/2024 18:00,218
10/24/2024 19:00,200
10/24/2024 20:00,195
10/24/2024 21:00,190
10/24/2024 22:00,171
10/24/2024 23:00,160
10/25/2024 0:00,155
10/25/2024 1:00,137
10/25/2024 2:00,138
10/25/2024 3:00,132
10/25/2024 4:00,140
10/25/2024 5:00,160
10/25/2024 6:00,160
10/25/2024 7:00,166
10/25/2024 8:00,180
10/25/2024 9:00,210
10/25/2024 10:00,208
10/25/2024 11:00,205
10/25/2024 12:00,207
10/25/2024 13:00,203
10/25/2024 14:00,210
10/25/2024 15:00,205
10/25/2024 16:00,210
10/25/2024 17:00,218
10/25/2024 18:00,214
10/25/2024 19:00,203
10/25/2024 20:00,203
10/25/2024 21:00,195
10/25/2024 22:00,185
10/25/2024 23:00,165
10/26/2024 0:00,155
10/26/2024 1:00,148
10/26/2024 2:00,143
10/26/2024 3:00,142
10/26/2024 4:00,147
10/26/2024 5:00,155
10/26/2024 6:00,175
10/26/2024 7:00,181
10/26/2024 8:00,195
10/26/2024 9:00,205
10/26/2024 10:00,202
10/26/2024 11:00,192
10/26/2024 12:00,190
10/26/2024 13:00,190
10/26/2024 14:00,187
10/26/2024 15:00,190
10/26/2024 16:00,192
10/26/2024 17:00,195
10/26/2024 18:00,197
10/26/2024 19:00,193
10/26/2024 20:00,190
10/26/2024 21:00,187
10/26/2024 22:00,175
10/26/2024 23:00,165
10/27/2024 0:00,155
10/27/2024 1:00,150
10/27/2024 2:00,145
10/27/2024 3:00,143
10/27/2024 4:00,145
10/27/2024 5:00,158
10/27/2024 6:00,162
10/27/2024 7:00,182
10/27/2024 8:00,192
10/27/2024 9:00,198
10/27/2024 10:00,200
10/27/2024 11:00,193
10/27/2024 12:00,200
10/27/2024 13:00,190
10/27/2024 14:00,188
10/27/2024 15:00,185
10/27/2024 16:00,188
10/27/2024 17:00,190
10/27/2024 18:00,195
10/27/2024 19:00,198
10/27/2024 20:00,199
10/27/2024 21:00,194
10/27/2024 22:00,195
10/27/2024 23:00,180
10/28/2024 0:00,175
10/28/2024 1:00,166
10/28/2024 2:00,156
10/28/2024 3:00,152
10/28/2024 4:00,157
10/28/2024 5:00,167
10/28/2024 6:00,177
10/28/2024 7:00,188
10/28/2024 8:00,204
10/28/2024 9:00,205
10/28/2024 10:00,208
10/28/2024 11:00,207
10/28/2024 12:00,202
10/28/2024 13:00,195
10/28/2024 14:00,194
10/28/2024 15:00,188
10/28/2024 16:00,185
10/28/2024 17:00,185
10/28/2024 18:00,185
10/28/2024 19:00,190
10/28/2024 20:00,193
10/28/2024 21:00,190
10/28/2024 22:00,185
10/28/2024 23:00,175
10/29/2024 0:00,177
10/29/2024 1:00,178
10/29/2024 2:00,170
10/29/2024 3:00,180
10/29/2024 4:00,180
10/29/2024 5:00,182
10/29/2024 6:00,193
10/29/2024 7:00,200
10/29/2024 8:00,208
10/29/2024 9:00,210
10/29/2024 10:00,210
10/29/2024 11:00,204
10/29/2024 12:00,195
10/29/2024 13:00,195
10/29/2024 14:00,195
10/29/2024 15:00,190
10/29/2024 16:00,182
10/29/2024 17:00,180
10/29/2024 18:00,180
10/29/2024 19:00,185
10/29/2024 20:00,183
10/29/2024 21:00,187
10/29/2024 22:00,180
10/29/2024 23:00,178
10/30/2024 0:00,176
10/30/2024 1:00,171
10/30/2024 2:00,178
10/30/2024 3:00,176
10/30/2024 4:00,180
10/30/2024 5:00,190
10/30/2024 6:00,198
10/30/2024 7:00,210
10/30/2024 8:00,217
10/30/2024 9:00,220
10/30/2024 10:00,222
10/30/2024 11:00,224
10/30/2024 12:00,214
10/30/2024 13:00,210
10/30/2024 14:00,204
10/30/2024 15:00,200
10/30/2024 16:00,193
10/30/2024 17:00,188
10/30/2024 18:00,180
10/30/2024 19:00,182
10/30/2024 20:00,180
10/30/2024 21:00,180
10/30/2024 22:00,177
10/30/2024 23:00,175
10/31/2024 0:00,174
10/31/2024 1:00,177
10/31/2024 2:00,185
10/31/2024 3:00,184
10/31/2024 4:00,190
10/31/2024 5:00,190
10/31/2024 6:00,194
10/31/2024 7:00,205
10/31/2024 8:00,217
10/31/2024 9:00,221
10/31/2024 10:00,223
10/31/2024 11:00,220
10/31/2024 12:00,215
10/31/2024 13:00,210
10/31/2024 14:00,210
10/31/2024 15:00,193
10/31/2024 16:00,185
10/31/2024 17:00,177
10/31/2024 18:00,174
10/31/2024 19:00,170
10/31/2024 20:00,171
10/31/2024 21:00,169
10/31/2024 22:00,167
10/31/2024 23:00,169
11/1/2024 0:00,175
11/1/2024 1:00,176
11/1/2024 2:00,178
11/1/2024 3:00,180
11/1/2024 4:00,187
11/1/2024 5:00,192
11/1/2024 6:00,197
11/1/2024 7:00,208
11/1/2024 8:00,223
11/1/2024 9:00,225
11/1/2024 10:00,228
11/1/2024 11:00,220
11/1/2024 12:00,215
11/1/2024 13:00,215
11/1/2024 14:00,207
11/1/2024 15:00,189
11/1/2024 16:00,187
11/1/2024 17:00,175
11/1/2024 18:00,165
11/1/2024 19:00,160
11/1/2024 20:00,160
11/1/2024 21:00,163
11/1/2024 22:00,163
11/1/2024 23:00,155
11/2/2024 0:00,157
11/2/2024 1:00,165
11/2/2024 2:00,168
11/2/2024 3:00,185
11/2/2024 4:00,190
11/2/2024 5:00,202
11/2/2024 6:00,208
11/2/2024 7:00,213
11/2/2024 8:00,218
11/2/2024 9:00,225
11/2/2024 10:00,220
11/2/2024 11:00,223
11/2/2024 12:00,216
11/2/2024 13:00,210
11/2/2024 14:00,202
11/2/2024 15:00,190
11/2/2024 16:00,165
11/2/2024 17:00,164
11/2/2024 18:00,150
11/2/2024 19:00,150
11/2/2024 20:00,140
11/2/2024 21:00,142
11/2/2024 22:00,147
11/2/2024 23:00,142
11/3/2024 0:00,154
11/3/2024 1:00,162
11/3/2024 2:00,168
11/3/2024 3:00,180
11/3/2024 4:00,185
11/3/2024 5:00,195
11/3/2024 6:00,208
11/3/2024 7:00,218
11/3/2024 8:00,230
11/3/2024 9:00,234
11/3/2024 10:00,245
11/3/2024 11:00,235
11/3/2024 12:00,229
11/3/2024 13:00,222
11/3/2024 14:00,213
11/3/2024 15:00,200
11/3/2024 16:00,179
11/3/2024 17:00,173
11/3/2024 18:00,160
11/3/2024 19:00,140
11/3/2024 20:00,145
11/3/2024 21:00,148
11/3/2024 22:00,148
11/3/2024 23:00,150
11/4/2024 0:00,150
11/4/2024 1:00,158
11/4/2024 2:00,171
11/4/2024 3:00,177
11/4/2024 4:00,195
11/4/2024 5:00,210
11/4/2024 6:00,215
11/4/2024 7:00,220
11/4/2024 8:00,225
11/4/2024 9:00,230
11/4/2024 10:00,230
11/4/2024 11:00,228
11/4/2024 12:00,225
11/4/2024 13:00,220
11/4/2024 14:00,213
11/4/2024 15:00,200
11/4/2024 16:00,188
11/4/2024 17:00,175
11/4/2024 18:00,168
11/4/2024 19:00,155
11/4/2024 20:00,152
11/4/2024 21:00,148
11/4/2024 22:00,145
11/4/2024 23:00,145
11/5/2024 0:00,151
11/5/2024 1:00,150
11/5/2024 2:00,155
11/5/2024 3:00,160
11/5/2024 4:00,168
11/5/2024 5:00,184
11/5/2024 6:00,193
11/5/2024 7:00,205
11/5/2024 8:00,210
11/5/2024 9:00,223
11/5/2024 10:00,225
11/5/2024 11:00,226
11/5/2024 12:00,226
11/5/2024 13:00,225
11/5/2024 14:00,213
11/5/2024 15:00,210
11/5/2024 16:00,198
11/5/2024 17:00,185
11/5/2024 18:00,170
11/5/2024 19:00,155
11/5/2024 20:00,152
11/5/2024 21:00,148
11/5/2024 22:00,148
11/5/2024 23:00,150
11/6/2024 0:00,148
11/6/2024 1:00,148
11/6/2024 2:00,156
11/6/2024 3:00,170
11/6/2024 4:00,176
11/6/2024 5:00,192
11/6/2024 6:00,204
11/6/2024 7:00,213
11/6/2024 8:00,222
11/6/2024 9:00,233
11/6/2024 10:00,230
11/6/2024 11:00,235
11/6/2024 12:00,238
11/6/2024 13:00,245
11/6/2024 14:00,234
11/6/2024 15:00,224
11/6/2024 16:00,215
11/6/2024 17:00,205
11/6/2024 18:00,195
11/6/2024 19:00,180
11/6/2024 20:00,170
11/6/2024 21:00,163
11/6/2024 22:00,155
11/6/2024 23:00,150
11/7/2024 0:00,155
11/7/2024 1:00,155
11/7/2024 2:00,155
11/7/2024 3:00,168
11/7/2024 4:00,180
11/7/2024 5:00,185
11/7/2024 6:00,190
11/7/2024 7:00,208
11/7/2024 8:00,210
11/7/2024 9:00,220
11/7/2024 10:00,228
11/7/2024 11:00,230
11/7/2024 12:00,233
11/7/2024 13:00,230
11/7/2024 14:00,230
11/7/2024 15:00,220
11/7/2024 16:00,219
11/7/2024 17:00,210
11/7/2024 18:00,202
11/7/2024 19:00,185
11/7/2024 20:00,180
11/7/2024 21:00,176
11/7/2024 22:00,155
11/7/2024 23:00,155
11/8/2024 0:00,160
11/8/2024 1:00,145
11/8/2024 2:00,155
11/8/2024 3:00,153
11/8/2024 4:00,160
11/8/2024 5:00,178
11/8/2024 6:00,190
11/8/2024 7:00,200
11/8/2024 8:00,210
11/8/2024 9:00,213
11/8/2024 10:00,210
11/8/2024 11:00,208
11/8/2024 12:00,220
11/8/2024 13:00,219
11/8/2024 14:00,214
11/8/2024 15:00,220
11/8/2024 16:00,214
11/8/2024 17:00,209
11/8/2024 18:00,190
11/8/2024 19:00,185
11/8/2024 20:00,175
11/8/2024 21:00,160
11/8/2024 22:00,145
11/8/2024 23:00,150
11/9/2024 0:00,145
11/9/2024 1:00,137
11/9/2024 2:00,140
11/9/2024 3:00,137
11/9/2024 4:00,145
11/9/2024 5:00,163
11/9/2024 6:00,182
11/9/2024 7:00,192
11/9/2024 8:00,204
11/9/2024 9:00,212
11/9/2024 10:00,210
11/9/2024 11:00,215
11/9/2024 12:00,220
11/9/2024 13:00,220
11/9/2024 14:00,225
11/9/2024 15:00,225
11/9/2024 16:00,221
11/9/2024 17:00,215
11/9/2024 18:00,215
11/9/2024 19:00,205
11/9/2024 20:00,200
11/9/2024 21:00,190
11/9/2024 22:00,177
11/9/2024 23:00,160
11/10/2024 0:00,160
11/10/2024 1:00,160
11/10/2024 2:00,160
11/10/2024 3:00,153
11/10/2024 4:00,160
11/10/2024 5:00,170
11/10/2024 6:00,193
11/10/2024 7:00,197
11/10/2024 8:00,208
11/10/2024 9:00,205
11/10/2024 10:00,208
11/10/2024 11:00,207
11/10/2024 12:00,200
11/10/2024 13:00,204
11/10/2024 14:00,210
11/10/2024 15:00,210
11/10/2024 16:00,207
11/10/2024 17:00,204
11/10/2024 18:00,200
11/10/2024 19:00,195
11/10/2024 20:00,195
11/10/2024 21:00,188
11/10/2024 22:00,174
11/10/2024 23:00,170
11/11/2024 0:00,153
11/11/2024 1:00,150
11/11/2024 2:00,160
11/11/2024 3:00,150
11/11/2024 4:00,160
11/11/2024 5:00,180
11/11/2024 6:00,185
11/11/2024 7:00,193
11/11/2024 8:00,200
11/11/2024 9:00,210
11/11/2024 10:00,212
11/11/2024 11:00,210
11/11/2024 12:00,205
11/11/2024 13:00,204
11/11/2024 14:00,202
11/11/2024 15:00,205
11/11/2024 16:00,200
11/11/2024 17:00,198
11/11/2024 18:00,195
11/11/2024 19:00,195
11/11/2024 20:00,196
11/11/2024 21:00,190
11/11/2024 22:00,180
11/11/2024 23:00,166
11/12/2024 0:00,155
11/12/2024 1:00,150
11/12/2024 2:00,150
11/12/2024 3:00,160
11/12/2024 4:00,167
11/12/2024 5:00,180
11/12/2024 6:00,193
11/12/2024 7:00,205
11/12/2024 8:00,208
11/12/2024 9:00,215
11/12/2024 10:00,213
11/12/2024 11:00,211
11/12/2024 12:00,200
11/12/2024 13:00,206
11/12/2024 14:00,202
11/12/2024 15:00,195
11/12/2024 16:00,190
11/12/2024 17:00,195
11/12/2024 18:00,190
11/12/2024 19:00,194
11/12/2024 20:00,192
11/12/2024 21:00,190
11/12/2024 22:00,182
11/12/2024 23:00,183
11/13/2024 0:00,172
11/13/2024 1:00,169
11/13/2024 2:00,165
11/13/2024 3:00,168
11/13/2024 4:00,175
11/13/2024 5:00,188
11/13/2024 6:00,203
11/13/2024 7:00,218
11/13/2024 8:00,222
11/13/2024 9:00,222
11/13/2024 10:00,224
11/13/2024 11:00,220
11/13/2024 12:00,205
11/13/2024 13:00,203
11/13/2024 14:00,197
11/13/2024 15:00,192
11/13/2024 16:00,182
11/13/2024 17:00,174
11/13/2024 18:00,170
11/13/2024 19:00,180
11/13/2024 20:00,185
11/13/2024 21:00,180
11/13/2024 22:00,179
11/13/2024 23:00,175
11/14/2024 0:00,175
11/14/2024 1:00,172
11/14/2024 2:00,175
11/14/2024 3:00,175
11/14/2024 4:00,180
11/14/2024 5:00,195
11/14/2024 6:00,209
11/14/2024 7:00,232
11/14/2024 8:00,239
11/14/2024 9:00,237
11/14/2024 10:00,235
11/14/2024 11:00,225
11/14/2024 12:00,223
11/14/2024 13:00,209
11/14/2024 14:00,200
11/14/2024 15:00,185
11/14/2024 16:00,179
11/14/2024 17:00,169
11/14/2024 18:00,167
11/14/2024 19:00,166
11/14/2024 20:00,168
11/14/2024 21:00,169
11/14/2024 22:00,172
11/14/2024 23:00,170
11/15/2024 0:00,165
11/15/2024 1:00,168
11/15/2024 2:00,175
11/15/2024 3:00,184
11/15/2024 4:00,193
11/15/2024 5:00,207
11/15/2024 6:00,225
11/15/2024 7:00,235
11/15/2024 8:00,253
11/15/2024 9:00,254
11/15/2024 10:00,260
11/15/2024 11:00,244
11/15/2024 12:00,238
11/15/2024 13:00,228
11/15/2024 14:00,220
11/15/2024 15:00,200
11/15/2024 16:00,183
11/15/2024 17:00,168
11/15/2024 18:00,160
11/15/2024 19:00,160
11/15/2024 20:00,155
11/15/2024 21:00,155
11/15/2024 22:00,160
11/15/2024 23:00,160
11/16/2024 0:00,168
11/16/2024 1:00,168
11/16/2024 2:00,173
11/16/2024 3:00,183
11/16/2024 4:00,190
11/16/2024 5:00,196
11/16/2024 6:00,215
11/16/2024 7:00,227
11/16/2024 8:00,240
11/16/2024 9:00,250
11/16/2024 10:00,253
11/16/2024 11:00,242
11/16/2024 12:00,240
11/16/2024 13:00,232
11/16/2024 14:00,215
11/16/2024 15:00,196
11/16/2024 16:00,179
11/16/2024 17:00,160
11/16/2024 18:00,145
11/16/2024 19:00,139
11/16/2024 20:00,140
11/16/2024 21:00,145
11/16/2024 22:00,140
11/16/2024 23:00,147
11/17/2024 0:00,150
11/17/2024 1:00,145
11/17/2024 2:00,160
11/17/2024 3:00,170
11/17/2024 4:00,185
11/17/2024 5:00,198
11/17/2024 6:00,205
11/17/2024 7:00,225
11/17/2024 8:00,240
11/17/2024 9:00,245
11/17/2024 10:00,253
11/17/2024 11:00,255
11/17/2024 12:00,254
11/17/2024 13:00,244
11/17/2024 14:00,225
11/17/2024 15:00,200
11/17/2024 16:00,182
11/17/2024 17:00,168
11/17/2024 18:00,153
11/17/2024 19:00,140
11/17/2024 20:00,135
11/17/2024 21:00,135
11/17/2024 22:00,145
11/17/2024 23:00,144
11/18/2024 0:00,145
11/18/2024 1:00,148
11/18/2024 2:00,158
11/18/2024 3:00,169
11/18/2024 4:00,175
11/18/2024 5:00,188
11/18/2024 6:00,200
11/18/2024 7:00,213
11/18/2024 8:00,218
11/18/2024 9:00,230
11/18/2024 10:00,237
11/18/2024 11:00,245
11/18/2024 12:00,245
11/18/2024 13:00,250
11/18/2024 14:00,245
11/18/2024 15:00,235
11/18/2024 16:00,220
11/18/2024 17:00,193
11/18/2024 18:00,185
11/18/2024 19:00,160
11/18/2024 20:00,145
11/18/2024 21:00,140
11/18/2024 22:00,137
11/18/2024 23:00,138
11/19/2024 0:00,135
11/19/2024 1:00,141
11/19/2024 2:00,150
11/19/2024 3:00,155
11/19/2024 4:00,162
11/19/2024 5:00,178
11/19/2024 6:00,194
11/19/2024 7:00,199
11/19/2024 8:00,205
11/19/2024 9:00,210
11/19/2024 10:00,218
11/19/2024 11:00,233
11/19/2024 12:00,235
11/19/2024 13:00,237
11/19/2024 14:00,234
11/19/2024 15:00,231
11/19/2024 16:00,218
11/19/2024 17:00,205
11/19/2024 18:00,188
11/19/2024 19:00,168
11/19/2024 20:00,160
11/19/2024 21:00,145
11/19/2024 22:00,135
11/19/2024 23:00,130
11/20/2024 0:00,155
11/20/2024 1:00,145
11/20/2024 2:00,142
11/20/2024 3:00,155
11/20/2024 4:00,169
11/20/2024 5:00,185
11/20/2024 6:00,190
11/20/2024 7:00,195
11/20/2024 8:00,210
11/20/2024 9:00,215
11/20/2024 10:00,214
11/20/2024 11:00,215
11/20/2024 12:00,220
11/20/2024 13:00,226
11/20/2024 14:00,229
11/20/2024 15:00,223
11/20/2024 16:00,215
11/20/2024 17:00,220
11/20/2024 18:00,203
11/20/2024 19:00,195
11/20/2024 20:00,175
11/20/2024 21:00,179
11/20/2024 22:00,165
11/20/2024 23:00,155
11/21/2024 0:00,155
11/21/2024 1:00,145
11/21/2024 2:00,142
11/21/2024 3:00,155
11/21/2024 4:00,169
11/21/2024 5:00,185
11/21/2024 6:00,190
11/21/2024 7:00,195
11/21/2024 8:00,213
11/21/2024 9:00,218
11/21/2024 10:00,215
11/21/2024 11:00,220
11/21/2024 12:00,230
11/21/2024 13:00,235
11/21/2024 14:00,233
11/21/2024 15:00,223
11/21/2024 16:00,222
11/21/2024 17:00,210
11/21/2024 18:00,198
11/21/2024 19:00,190
11/21/2024 20:00,173
11/21/2024 21:00,166
11/21/2024 22:00,150
11/21/2024 23:00,148
11/22/2024 0:00,149
11/22/2024 1:00,165
11/22/2024 2:00,150
11/22/2024 3:00,163
11/22/2024 4:00,171
11/22/2024 5:00,188
11/22/2024 6:00,188
11/22/2024 7:00,202
11/22/2024 8:00,210
11/22/2024 9:00,215
11/22/2024 10:00,214
11/22/2024 11:00,215
11/22/2024 12:00,220
11/22/2024 13:00,226
11/22/2024 14:00,229
11/22/2024 15:00,223
11/22/2024 16:00,215
11/22/2024 17:00,220
11/22/2024 18:00,203
11/22/2024 19:00,195
11/22/2024 20:00,175
11/22/2024 21:00,179
11/22/2024 22:00,165
11/22/2024 23:00,155
11/23/2024 0:00,155
11/23/2024 1:00,150
11/23/2024 2:00,158
11/23/2024 3:00,165
11/23/2024 4:00,174
11/23/2024 5:00,187
11/23/2024 6:00,200
11/23/2024 7:00,218
11/23/2024 8:00,215
11/23/2024 9:00,216
11/23/2024 10:00,218
11/23/2024 11:00,220
11/23/2024 12:00,205
11/23/2024 13:00,215
11/23/2024 14:00,212
11/23/2024 15:00,205
11/23/2024 16:00,200
11/23/2024 17:00,198
11/23/2024 18:00,193
11/23/2024 19:00,185
11/23/2024 20:00,187
11/23/2024 21:00,180
11/23/2024 22:00,155
11/23/2024 23:00,144
11/24/2024 0:00,140
11/24/2024 1:00,143
11/24/2024 2:00,150
11/24/2024 3:00,162
11/24/2024 4:00,168
11/24/2024 5:00,180
11/24/2024 6:00,190
11/24/2024 7:00,205
11/24/2024 8:00,207
11/24/2024 9:00,214
11/24/2024 10:00,215
11/24/2024 11:00,203
11/24/2024 12:00,210
11/24/2024 13:00,211
11/24/2024 14:00,210
11/24/2024 15:00,202
11/24/2024 16:00,200
11/24/2024 17:00,190
11/24/2024 18:00,188
11/24/2024 19:00,189
11/24/2024 20:00,185
11/24/2024 21:00,180
11/24/2024 22:00,178
11/24/2024 23:00,172
11/25/2024 0:00,162
11/25/2024 1:00,163
11/25/2024 2:00,172
11/25/2024 3:00,170
11/25/2024 4:00,180
11/25/2024 5:00,195
11/25/2024 6:00,203
11/25/2024 7:00,210
11/25/2024 8:00,210
11/25/2024 9:00,210
11/25/2024 10:00,206
11/25/2024 11:00,215
11/25/2024 12:00,206
11/25/2024 13:00,197
11/25/2024 14:00,195
11/25/2024 15:00,187
11/25/2024 16:00,183
11/25/2024 17:00,183
11/25/2024 18:00,185
11/25/2024 19:00,188
11/25/2024 20:00,190
11/25/2024 21:00,182
11/25/2024 22:00,182
11/25/2024 23:00,177
11/26/2024 0:00,172
11/26/2024 1:00,175
11/26/2024 2:00,173
11/26/2024 3:00,175
11/26/2024 4:00,180
11/26/2024 5:00,195
11/26/2024 6:00,215
11/26/2024 7:00,216
11/26/2024 8:00,220
11/26/2024 9:00,218
11/26/2024 10:00,215
11/26/2024 11:00,210
11/26/2024 12:00,208
11/26/2024 13:00,205
11/26/2024 14:00,200
11/26/2024 15:00,195
11/26/2024 16:00,180
11/26/2024 17:00,178
11/26/2024 18:00,175
11/26/2024 19:00,175
11/26/2024 20:00,176
11/26/2024 21:00,170
11/26/2024 22:00,164
11/26/2024 23:00,168
11/27/2024 0:00,165
11/27/2024 1:00,174
11/27/2024 2:00,180
11/27/2024 3:00,190
11/27/2024 4:00,190
11/27/2024 5:00,205
11/27/2024 6:00,223
11/27/2024 7:00,224
11/27/2024 8:00,224
11/27/2024 9:00,240
11/27/2024 10:00,235
11/27/2024 11:00,226
11/27/2024 12:00,222
11/27/2024 13:00,216
11/27/2024 14:00,202
11/27/2024 15:00,188
11/27/2024 16:00,187
11/27/2024 17:00,168
11/27/2024 18:00,168
11/27/2024 19:00,170
11/27/2024 20:00,165
11/27/2024 21:00,167
11/27/2024 22:00,170
11/27/2024 23:00,165
11/28/2024 0:00,170
11/28/2024 1:00,178
11/28/2024 2:00,185
11/28/2024 3:00,190
11/28/2024 4:00,205
11/28/2024 5:00,220
11/28/2024 6:00,228
11/28/2024 7:00,220
11/28/2024 8:00,226
11/28/2024 9:00,220
11/28/2024 10:00,212
11/28/2024 11:00,205
11/28/2024 12:00,205
11/28/2024 13:00,199
11/28/2024 14:00,195
11/28/2024 15:00,185
11/28/2024 16:00,170
11/28/2024 17:00,160
11/28/2024 18:00,160
11/28/2024 19:00,165
11/28/2024 20:00,160
11/28/2024 21:00,170
11/28/2024 22:00,162
11/28/2024 23:00,158
11/29/2024 0:00,155
11/29/2024 1:00,165
11/29/2024 2:00,173
11/29/2024 3:00,182
11/29/2024 4:00,190
11/29/2024 5:00,190
11/29/2024 6:00,207
11/29/2024 7:00,215
11/29/2024 8:00,218
11/29/2024 9:00,222
11/29/2024 10:00,222
11/29/2024 11:00,220
11/29/2024 12:00,210
11/29/2024 13:00,202
11/29/2024 14:00,190
11/29/2024 15:00,180
11/29/2024 16:00,168
11/29/2024 17:00,154
11/29/2024 18:00,160
11/29/2024 19:00,155
11/29/2024 20:00,157
11/29/2024 21:00,160
11/29/2024 22:00,155
11/29/2024 23:00,160
11/30/2024 0:00,160
11/30/2024 1:00,157
11/30/2024 2:00,158
11/30/2024 3:00,173
11/30/2024 4:00,198
11/30/2024 5:00,210
11/30/2024 6:00,213
11/30/2024 7:00,220
11/30/2024 8:00,241
11/30/2024 9:00,244
11/30/2024 10:00,246
11/30/2024 11:00,234
11/30/2024 12:00,225
11/30/2024 13:00,205
11/30/2024 14:00,200
11/30/2024 15:00,183
11/30/2024 16:00,174
11/30/2024 17:00,150
11/30/2024 18:00,146
11/30/2024 19:00,155
11/30/2024 20:00,150
11/30/2024 21:00,157
11/30/2024 22:00,153
11/30/2024 23:00,150
12/1/2024 0:00,148
12/1/2024 1:00,158
12/1/2024 2:00,168
12/1/2024 3:00,172
12/1/2024 4:00,185
12/1/2024 5:00,222
12/1/2024 6:00,222
12/1/2024 7:00,235
12/1/2024 8:00,242
12/1/2024 9:00,240
12/1/2024 10:00,240
12/1/2024 11:00,243
12/1/2024 12:00,227
12/1/2024 13:00,220
12/1/2024 14:00,200
12/1/2024 15:00,175
12/1/2024 16:00,159
12/1/2024 17:00,155
12/1/2024 18:00,151
12/1/2024 19:00,140
12/1/2024 20:00,149
12/1/2024 21:00,152
12/1/2024 22:00,145
12/1/2024 23:00,150
12/2/2024 0:00,148
12/2/2024 1:00,152
12/2/2024 2:00,158
12/2/2024 3:00,163
12/2/2024 4:00,190
12/2/2024 5:00,200
12/2/2024 6:00,218
12/2/2024 7:00,232
12/2/2024 8:00,235
12/2/2024 9:00,240
12/2/2024 10:00,240
12/2/2024 11:00,239
12/2/2024 12:00,238
12/2/2024 13:00,230
12/2/2024 14:00,217
12/2/2024 15:00,195
12/2/2024 16:00,174
12/2/2024 17:00,160
12/2/2024 18:00,150
12/2/2024 19:00,140
12/2/2024 20:00,135
12/2/2024 21:00,133
12/2/2024 22:00,135
12/2/2024 23:00,135
12/3/2024 0:00,144
12/3/2024 1:00,145
12/3/2024 2:00,155
12/3/2024 3:00,157
12/3/2024 4:00,166
12/3/2024 5:00,170
12/3/2024 6:00,188
12/3/2024 7:00,200
12/3/2024 8:00,234
12/3/2024 9:00,240
12/3/2024 10:00,250
12/3/2024 11:00,242
12/3/2024 12:00,244
12/3/2024 13:00,237
12/3/2024 14:00,219
12/3/2024 15:00,200
12/3/2024 16:00,180
12/3/2024 17:00,170
12/3/2024 18:00,153
12/3/2024 19:00,147
12/3/2024 20:00,145
12/3/2024 21:00,148
12/3/2024 22:00,148
12/3/2024 23:00,145
12/4/2024 0:00,149
12/4/2024 1:00,143
12/4/2024 2:00,149
12/4/2024 3:00,150
12/4/2024 4:00,168
12/4/2024 5:00,185
12/4/2024 6:00,194
12/4/2024 7:00,210
12/4/2024 8:00,220
12/4/2024 9:00,233
12/4/2024 10:00,243
12/4/2024 11:00,243
12/4/2024 12:00,243
12/4/2024 13:00,230
12/4/2024 14:00,220
12/4/2024 15:00,210
12/4/2024 16:00,190
12/4/2024 17:00,159
12/4/2024 18:00,145
12/4/2024 19:00,148
12/4/2024 20:00,138
12/4/2024 21:00,138
12/4/2024 22:00,145
12/4/2024 23:00,139
12/5/2024 0:00,133
12/5/2024 1:00,132
12/5/2024 2:00,136
12/5/2024 3:00,138
12/5/2024 4:00,155
12/5/2024 5:00,167
12/5/2024 6:00,193
12/5/2024 7:00,205
12/5/2024 8:00,220
12/5/2024 9:00,225
12/5/2024 10:00,223
12/5/2024 11:00,230
12/5/2024 12:00,240
12/5/2024 13:00,230
12/5/2024 14:00,234
12/5/2024 15:00,224
12/5/2024 16:00,213
12/5/2024 17:00,197
12/5/2024 18:00,183
12/5/2024 19:00,172
12/5/2024 20:00,155
12/5/2024 21:00,152
12/5/2024 22:00,150
12/5/2024 23:00,142
12/6/2024 0:00,150
12/6/2024 1:00,143
12/6/2024 2:00,145
12/6/2024 3:00,145
12/6/2024 4:00,153
12/6/2024 5:00,165
12/6/2024 6:00,172
12/6/2024 7:00,190
12/6/2024 8:00,209
12/6/2024 9:00,216
12/6/2024 10:00,225
12/6/2024 11:00,235
12/6/2024 12:00,237
12/6/2024 13:00,233
12/6/2024 14:00,230
12/6/2024 15:00,215
12/6/2024 16:00,205
12/6/2024 17:00,190
12/6/2024 18:00,180
12/6/2024 19:00,167
12/6/2024 20:00,156
12/6/2024 21:00,148
12/6/2024 22:00,148
12/6/2024 23:00,144
12/7/2024 0:00,143
12/7/2024 1:00,142
12/7/2024 2:00,144
12/7/2024 3:00,147
12/7/2024 4:00,152
12/7/2024 5:00,165
12/7/2024 6:00,175
12/7/2024 7:00,190
12/7/2024 8:00,206
12/7/2024 9:00,210
12/7/2024 10:00,218
12/7/2024 11:00,223
12/7/2024 12:00,230
12/7/2024 13:00,230
12/7/2024 14:00,240
12/7/2024 15:00,228
12/7/2024 16:00,225
12/7/2024 17:00,218
12/7/2024 18:00,205
12/7/2024 19:00,195
12/7/2024 20:00,187
12/7/2024 21:00,182
12/7/2024 22:00,170
12/7/2024 23:00,170
12/8/2024 0:00,165
12/8/2024 1:00,171
12/8/2024 2:00,167
12/8/2024 3:00,170
12/8/2024 4:00,172
12/8/2024 5:00,193
12/8/2024 6:00,195
12/8/2024 7:00,200
12/8/2024 8:00,205
12/8/2024 9:00,220
12/8/2024 10:00,220
12/8/2024 11:00,216
12/8/2024 12:00,214
12/8/2024 13:00,217
12/8/2024 14:00,220
12/8/2024 15:00,215
12/8/2024 16:00,215
12/8/2024 17:00,210
12/8/2024 18:00,205
12/8/2024 19:00,183
12/8/2024 20:00,180
12/8/2024 21:00,171
12/8/2024 22:00,168
12/8/2024 23:00,163
12/9/2024 0:00,162
12/9/2024 1:00,163
12/9/2024 2:00,165
12/9/2024 3:00,167
12/9/2024 4:00,176
12/9/2024 5:00,173
12/9/2024 6:00,187
12/9/2024 7:00,202
12/9/2024 8:00,218
12/9/2024 9:00,228
12/9/2024 10:00,220
12/9/2024 11:00,224
12/9/2024 12:00,227
12/9/2024 13:00,195
12/9/2024 14:00,183
12/9/2024 15:00,197
12/9/2024 16:00,195
12/9/2024 17:00,200
12/9/2024 18:00,200
12/9/2024 19:00,185
12/9/2024 20:00,175
12/9/2024 21:00,170
12/9/2024 22:00,165
12/9/2024 23:00,155
12/10/2024 0:00,153
12/10/2024 1:00,153
12/10/2024 2:00,158
12/10/2024 3:00,175
12/10/2024 4:00,185
12/10/2024 5:00,193
12/10/2024 6:00,198
12/10/2024 7:00,200
12/10/2024 8:00,202
12/10/2024 9:00,213
12/10/2024 10:00,210
12/10/2024 11:00,215
12/10/2024 12:00,205
12/10/2024 13:00,203
12/10/2024 14:00,200
12/10/2024 15:00,195
12/10/2024 16:00,200
12/10/2024 17:00,199
12/10/2024 18:00,194
12/10/2024 19:00,192
12/10/2024 20:00,184
12/10/2024 21:00,185
12/10/2024 22:00,178
12/10/2024 23:00,175
12/11/2024 0:00,172
12/11/2024 1:00,175
12/11/2024 2:00,179
12/11/2024 3:00,192
12/11/2024 4:00,200
12/11/2024 5:00,213
12/11/2024 6:00,220
12/11/2024 7:00,218
12/11/2024 8:00,230
12/11/2024 9:00,230
12/11/2024 10:00,218
12/11/2024 11:00,226
12/11/2024 12:00,215
12/11/2024 13:00,205
12/11/2024 14:00,190
12/11/2024 15:00,184
12/11/2024 16:00,178
12/11/2024 17:00,180
12/11/2024 18:00,183
12/11/2024 19:00,177
12/11/2024 20:00,170
12/11/2024 21:00,172
12/11/2024 22:00,171
12/11/2024 23:00,168
12/12/2024 0:00,168
12/12/2024 1:00,170
12/12/2024 2:00,175
12/12/2024 3:00,180
12/12/2024 4:00,188
12/12/2024 5:00,212
12/12/2024 6:00,214
12/12/2024 7:00,222
12/12/2024 8:00,225
12/12/2024 9:00,228
12/12/2024 10:00,220
12/12/2024 11:00,223
12/12/2024 12:00,223
12/12/2024 13:00,203
12/12/2024 14:00,185
12/12/2024 15:00,178
12/12/2024 16:00,171
12/12/2024 17:00,166
12/12/2024 18:00,160
12/12/2024 19:00,167
12/12/2024 20:00,175
12/12/2024 21:00,172
12/12/2024 22:00,173
12/12/2024 23:00,175
12/13/2024 0:00,180
12/13/2024 1:00,180
12/13/2024 2:00,190
12/13/2024 3:00,197
12/13/2024 4:00,210
12/13/2024 5:00,228
12/13/2024 6:00,248
12/13/2024 7:00,256
12/13/2024 8:00,263
12/13/2024 9:00,264
12/13/2024 10:00,255
12/13/2024 11:00,264
12/13/2024 12:00,220
12/13/2024 13:00,217
12/13/2024 14:00,200
12/13/2024 15:00,175
12/13/2024 16:00,170
12/13/2024 17:00,163
12/13/2024 18:00,159
12/13/2024 19:00,160
12/13/2024 20:00,163
12/13/2024 21:00,161
12/13/2024 22:00,165
12/13/2024 23:00,168
12/14/2024 0:00,165
12/14/2024 1:00,175
12/14/2024 2:00,183
12/14/2024 3:00,198
12/14/2024 4:00,205
12/14/2024 5:00,224
12/14/2024 6:00,242
12/14/2024 7:00,260
12/14/2024 8:00,265
12/14/2024 9:00,270
12/14/2024 10:00,260
12/14/2024 11:00,254
12/14/2024 12:00,242
12/14/2024 13:00,225
12/14/2024 14:00,202
12/14/2024 15:00,185
12/14/2024 16:00,164
12/14/2024 17:00,147
12/14/2024 18:00,144
12/14/2024 19:00,140
12/14/2024 20:00,145
12/14/2024 21:00,140
12/14/2024 22:00,140
12/14/2024 23:00,145
12/15/2024 0:00,153
12/15/2024 1:00,165
12/15/2024 2:00,170
12/15/2024 3:00,184
12/15/2024 4:00,194
12/15/2024 5:00,210
12/15/2024 6:00,230
12/15/2024 7:00,250
12/15/2024 8:00,273
12/15/2024 9:00,272
12/15/2024 10:00,282
12/15/2024 11:00,263
12/15/2024 12:00,237
12/15/2024 13:00,221
12/15/2024 14:00,200
12/15/2024 15:00,175
12/15/2024 16:00,150
12/15/2024 17:00,168
12/15/2024 18:00,158
12/15/2024 19:00,148
12/15/2024 20:00,143
12/15/2024 21:00,140
12/15/2024 22:00,138
12/15/2024 23:00,140
12/16/2024 0:00,140
12/16/2024 1:00,155
12/16/2024 2:00,173
12/16/2024 3:00,179
12/16/2024 4:00,190
12/16/2024 5:00,210
12/16/2024 6:00,218
12/16/2024 7:00,238
12/16/2024 8:00,255
12/16/2024 9:00,270
12/16/2024 10:00,274
12/16/2024 11:00,267
12/16/2024 12:00,255
12/16/2024 13:00,246
12/16/2024 14:00,220
12/16/2024 15:00,199
12/16/2024 16:00,175
12/16/2024 17:00,158
12/16/2024 18:00,145
12/16/2024 19:00,143
12/16/2024 20:00,141
12/16/2024 21:00,140
12/16/2024 22:00,142
12/16/2024 23:00,142
12/17/2024 0:00,152
12/17/2024 1:00,154
12/17/2024 2:00,160
12/17/2024 3:00,181
12/17/2024 4:00,187
12/17/2024 5:00,198
12/17/2024 6:00,210
12/17/2024 7:00,227
12/17/2024 8:00,240
12/17/2024 9:00,258
12/17/2024 10:00,265
12/17/2024 11:00,270
12/17/2024 12:00,258
12/17/2024 13:00,260
12/17/2024 14:00,237
12/17/2024 15:00,222
12/17/2024 16:00,198
12/17/2024 17:00,175
12/17/2024 18:00,165
12/17/2024 19:00,152
12/17/2024 20:00,145
12/17/2024 21:00,143
12/17/2024 22:00,150
12/17/2024 23:00,145
12/18/2024 0:00,148
12/18/2024 1:00,160
12/18/2024 2:00,161
12/18/2024 3:00,170
12/18/2024 4:00,177
12/18/2024 5:00,182
12/18/2024 6:00,197
12/18/2024 7:00,205
12/18/2024 8:00,230
12/18/2024 9:00,240
12/18/2024 10:00,244
12/18/2024 11:00,268
12/18/2024 12:00,255
12/18/2024 13:00,252
12/18/2024 14:00,240
12/18/2024 15:00,225
12/18/2024 16:00,198
12/18/2024 17:00,177
12/18/2024 18:00,170
12/18/2024 19:00,150
12/18/2024 20:00,145
12/18/2024 21:00,143
12/18/2024 22:00,145
12/18/2024 23:00,150
12/19/2024 0:00,154
12/19/2024 1:00,158
12/19/2024 2:00,165
12/19/2024 3:00,160
12/19/2024 4:00,173
12/19/2024 5:00,178
12/19/2024 6:00,187
12/19/2024 7:00,198
12/19/2024 8:00,218
12/19/2024 9:00,227
12/19/2024 10:00,241
12/19/2024 11:00,246
12/19/2024 12:00,246
12/19/2024 13:00,249
12/19/2024 14:00,240
12/19/2024 15:00,220
12/19/2024 16:00,202
12/19/2024 17:00,194
12/19/2024 18:00,192
12/19/2024 19:00,150
12/19/2024 20:00,152
12/19/2024 21:00,148
12/19/2024 22:00,152
12/19/2024 23:00,155
12/20/2024 0:00,150
12/20/2024 1:00,160
12/20/2024 2:00,160
12/20/2024 3:00,165
12/20/2024 4:00,165
12/20/2024 5:00,175
12/20/2024 6:00,180
12/20/2024 7:00,183
12/20/2024 8:00,193
12/20/2024 9:00,204
12/20/2024 10:00,210
12/20/2024 11:00,220
12/20/2024 12:00,234
12/20/2024 13:00,234
12/20/2024 14:00,218
12/20/2024 15:00,215
12/20/2024 16:00,218
12/20/2024 17:00,198
12/20/2024 18:00,188
12/20/2024 19:00,174
12/20/2024 20:00,160
12/20/2024 21:00,162
12/20/2024 22:00,156
12/20/2024 23:00,175
12/21/2024 0:00,172
12/21/2024 1:00,177
12/21/2024 2:00,170
12/21/2024 3:00,165
12/21/2024 4:00,168
12/21/2024 5:00,172
12/21/2024 6:00,165
12/21/2024 7:00,172
12/21/2024 8:00,195
12/21/2024 9:00,194
12/21/2024 10:00,204
12/21/2024 11:00,210
12/21/2024 12:00,218
12/21/2024 13:00,218
12/21/2024 14:00,215
12/21/2024 15:00,220
12/21/2024 16:00,218
12/21/2024 17:00,217
12/21/2024 18:00,190
12/21/2024 19:00,185
12/21/2024 20:00,178
12/21/2024 21:00,167
12/21/2024 22:00,160
12/21/2024 23:00,163
12/22/2024 0:00,168
12/22/2024 1:00,170
12/22/2024 2:00,172
12/22/2024 3:00,174
12/22/2024 4:00,165
12/22/2024 5:00,180
12/22/2024 6:00,185
12/22/2024 7:00,189
12/22/2024 8:00,200
12/22/2024 9:00,204
12/22/2024 10:00,204
12/22/2024 11:00,214
12/22/2024 12:00,227
12/22/2024 13:00,215
12/22/2024 14:00,221
12/22/2024 15:00,216
12/22/2024 16:00,212
12/22/2024 17:00,205
12/22/2024 18:00,195
12/22/2024 19:00,192
12/22/2024 20:00,187
12/22/2024 21:00,171
12/22/2024 22:00,163
12/22/2024 23:00,168
12/23/2024 0:00,180
12/23/2024 1:00,175
12/23/2024 2:00,185
12/23/2024 3:00,190
12/23/2024 4:00,200
12/23/2024 5:00,202
12/23/2024 6:00,206
12/23/2024 7:00,208
12/23/2024 8:00,215
12/23/2024 9:00,213
12/23/2024 10:00,220
12/23/2024 11:00,217
12/23/2024 12:00,210
12/23/2024 13:00,213
12/23/2024 14:00,208
12/23/2024 15:00,205
12/23/2024 16:00,198
12/23/2024 17:00,195
12/23/2024 18:00,190
12/23/2024 19:00,198
12/23/2024 20:00,182
12/23/2024 21:00,170
12/23/2024 22:00,178
12/23/2024 23:00,188
12/24/2024 0:00,185
12/24/2024 1:00,185
12/24/2024 2:00,190
12/24/2024 3:00,193
12/24/2024 4:00,196
12/24/2024 5:00,194
12/24/2024 6:00,210
12/24/2024 7:00,218
12/24/2024 8:00,225
12/24/2024 9:00,220
12/24/2024 10:00,225
12/24/2024 11:00,220
12/24/2024 12:00,212
12/24/2024 13:00,215
12/24/2024 14:00,195
12/24/2024 15:00,195
12/24/2024 16:00,185
12/24/2024 17:00,179
12/24/2024 18:00,175
12/24/2024 19:00,173
12/24/2024 20:00,175
12/24/2024 21:00,172
12/24/2024 22:00,172
12/24/2024 23:00,170
12/25/2024 0:00,171
12/25/2024 1:00,174
12/25/2024 2:00,196
12/25/2024 3:00,186
12/25/2024 4:00,195
12/25/2024 5:00,205
12/25/2024 6:00,215
12/25/2024 7:00,208
12/25/2024 8:00,219
12/25/2024 9:00,213
12/25/2024 10:00,215
12/25/2024 11:00,204
12/25/2024 12:00,197
12/25/2024 13:00,193
12/25/2024 14:00,180
12/25/2024 15:00,178
12/25/2024 16:00,175
12/25/2024 17:00,170
12/25/2024 18:00,173
12/25/2024 19:00,175
12/25/2024 20:00,175
12/25/2024 21:00,175
12/25/2024 22:00,180
12/25/2024 23:00,170
12/26/2024 0:00,180
12/26/2024 1:00,167
12/26/2024 2:00,196
12/26/2024 3:00,213
12/26/2024 4:00,214
12/26/2024 5:00,220
12/26/2024 6:00,220
12/26/2024 7:00,234
12/26/2024 8:00,235
12/26/2024 9:00,235
12/26/2024 10:00,235
12/26/2024 11:00,224
12/26/2024 12:00,214
12/26/2024 13:00,198
12/26/2024 14:00,191
12/26/2024 15:00,176
12/26/2024 16:00,172
12/26/2024 17:00,165
12/26/2024 18:00,162
12/26/2024 19:00,170
12/26/2024 20:00,180
12/26/2024 21:00,175
12/26/2024 22:00,180
12/26/2024 23:00,178
12/27/2024 0:00,170
12/27/2024 1:00,185
12/27/2024 2:00,187
12/27/2024 3:00,198
12/27/2024 4:00,207
12/27/2024 5:00,215
12/27/2024 6:00,226
12/27/2024 7:00,230
12/27/2024 8:00,238
12/27/2024 9:00,234
12/27/2024 10:00,227
12/27/2024 11:00,220
12/27/2024 12:00,210
12/27/2024 13:00,198
12/27/2024 14:00,175
12/27/2024 15:00,170
12/27/2024 16:00,160
12/27/2024 17:00,154
12/27/2024 18:00,150
12/27/2024 19:00,152
12/27/2024 20:00,154
12/27/2024 21:00,155
12/27/2024 22:00,163
12/27/2024 23:00,170
12/28/2024 0:00,175
12/28/2024 1:00,178
12/28/2024 2:00,188
12/28/2024 3:00,195
12/28/2024 4:00,210
12/28/2024 5:00,221
12/28/2024 6:00,235
12/28/2024 7:00,240
12/28/2024 8:00,240
12/28/2024 9:00,242
12/28/2024 10:00,235
12/28/2024 11:00,219
12/28/2024 12:00,218
12/28/2024 13:00,220
12/28/2024 14:00,176
12/28/2024 15:00,171
12/28/2024 16:00,160
12/28/2024 17:00,155
12/28/2024 18:00,152
12/28/2024 19:00,155
12/28/2024 20:00,158
12/28/2024 21:00,162
12/28/2024 22:00,158
12/28/2024 23:00,163
12/29/2024 0:00,177
12/29/2024 1:00,185
12/29/2024 2:00,190
12/29/2024 3:00,205
12/29/2024 4:00,205
12/29/2024 5:00,225
12/29/2024 6:00,232
12/29/2024 7:00,240
12/29/2024 8:00,244
12/29/2024 9:00,240
12/29/2024 10:00,235
12/29/2024 11:00,230
12/29/2024 12:00,225
12/29/2024 13:00,225
12/29/2024 14:00,195
12/29/2024 15:00,172
12/29/2024 16:00,165
12/29/2024 17:00,153
12/29/2024 18:00,147
12/29/2024 19:00,152
12/29/2024 20:00,150
12/29/2024 21:00,152
12/29/2024 22:00,160
12/29/2024 23:00,163
12/30/2024 0:00,170
12/30/2024 1:00,174
12/30/2024 2:00,185
12/30/2024 3:00,190
12/30/2024 4:00,202
12/30/2024 5:00,210
12/30/2024 6:00,220
12/30/2024 7:00,242
12/30/2024 8:00,245
12/30/2024 9:00,250
12/30/2024 10:00,240
12/30/2024 11:00,240
12/30/2024 12:00,227
12/30/2024 13:00,213
12/30/2024 14:00,200
12/30/2024 15:00,191
12/30/2024 16:00,168
12/30/2024 17:00,160
12/30/2024 18:00,157
12/30/2024 19:00,149
12/30/2024 20:00,150
12/30/2024 21:00,155
12/30/2024 22:00,165
12/30/2024 23:00,155
12/31/2024 0:00,158
12/31/2024 1:00,159
12/31/2024 2:00,175
12/31/2024 3:00,178
12/31/2024 4:00,183
12/31/2024 5:00,196
12/31/2024 6:00,220
12/31/2024 7:00,230
12/31/2024 8:00,240
12/31/2024 9:00,252
12/31/2024 10:00,248
12/31/2024 11:00,248
12/31/2024 12:00,228
12/31/2024 13:00,215
12/31/2024 14:00,200
12/31/2024 15:00,185
12/31/2024 16:00,168
12/31/2024 17:00,157
12/31/2024 18:00,147
12/31/2024 19:00,138
12/31/2024 20:00,153
12/31/2024 21:00,140
12/31/2024 22:00,146
12/31/2024 23:00,141
1/1/2025 0:00,149
1/1/2025 1:00,145
1/1/2025 2:00,140
1/1/2025 3:00,148
1/1/2025 4:00,162
1/1/2025 5:00,182
1/1/2025 6:00,200
1/1/2025 7:00,213
1/1/2025 8:00,225
1/1/2025 9:00,239
1/1/2025 10:00,240
1/1/2025 11:00,254
1/1/2025 12:00,240
1/1/2025 13:00,243
1/1/2025 14:00,220
1/1/2025 15:00,200
1/1/2025 16:00,185
1/1/2025 17:00,158
1/1/2025 18:00,153
1/1/2025 19:00,148
1/1/2025 20:00,142
1/1/2025 21:00,144
1/1/2025 22:00,145
1/1/2025 23:00,148
1/2/2025 0:00,145
1/2/2025 1:00,148
1/2/2025 2:00,150
1/2/2025 3:00,159
1/2/2025 4:00,167
1/2/2025 5:00,178
1/2/2025 6:00,193
1/2/2025 7:00,207
1/2/2025 8:00,231
1/2/2025 9:00,243
1/2/2025 10:00,258
1/2/2025 11:00,255
1/2/2025 12:00,257
1/2/2025 13:00,250
1/2/2025 14:00,240
1/2/2025 15:00,225
1/2/2025 16:00,210
1/2/2025 17:00,190
1/2/2025 18:00,173
1/2/2025 19:00,160
1/2/2025 20:00,155
1/2/2025 21:00,158
1/2/2025 22:00,160
1/2/2025 23:00,167
1/3/2025 0:00,169
1/3/2025 1:00,170
1/3/2025 2:00,173
1/3/2025 3:00,185
1/3/2025 4:00,193
1/3/2025 5:00,190
1/3/2025 6:00,190
1/3/2025 7:00,215
1/3/2025 8:00,218
1/3/2025 9:00,229
1/3/2025 10:00,239
1/3/2025 11:00,255
1/3/2025 12:00,248
1/3/2025 13:00,245
1/3/2025 14:00,243
1/3/2025 15:00,230
1/3/2025 16:00,219
1/3/2025 17:00,200
1/3/2025 18:00,185
1/3/2025 19:00,168
1/3/2025 20:00,160
1/3/2025 21:00,155
1/3/2025 22:00,155
1/3/2025 23:00,165
1/4/2025 0:00,166
1/4/2025 1:00,169
1/4/2025 2:00,175
1/4/2025 3:00,170
1/4/2025 4:00,180
1/4/2025 5:00,185
1/4/2025 6:00,180
1/4/2025 7:00,193
1/4/2025 8:00,210
1/4/2025 9:00,222
1/4/2025 10:00,218
1/4/2025 11:00,240
1/4/2025 12:00,248
1/4/2025 13:00,242
1/4/2025 14:00,220
1/4/2025 15:00,228
1/4/2025 16:00,214
1/4/2025 17:00,200
1/4/2025 18:00,192
1/4/2025 19:00,180
1/4/2025 20:00,170
1/4/2025 21:00,158
1/4/2025 22:00,158
1/4/2025 23:00,160
1/5/2025 0:00,163
1/5/2025 1:00,160
1/5/2025 2:00,172
1/5/2025 3:00,175
1/5/2025 4:00,179
1/5/2025 5:00,185
1/5/2025 6:00,197
1/5/2025 7:00,200
1/5/2025 8:00,200
1/5/2025 9:00,209
1/5/2025 10:00,218
1/5/2025 11:00,221
1/5/2025 12:00,234
1/5/2025 13:00,235
1/5/2025 14:00,225
1/5/2025 15:00,210
1/5/2025 16:00,205
1/5/2025 17:00,203
1/5/2025 18:00,190
1/5/2025 19:00,174
1/5/2025 20:00,172
1/5/2025 21:00,170
1/5/2025 22:00,170
1/5/2025 23:00,174
1/6/2025 0:00,183
1/6/2025 1:00,183
1/6/2025 2:00,188
1/6/2025 3:00,194
1/6/2025 4:00,200
1/6/2025 5:00,207
1/6/2025 6:00,209
1/6/2025 7:00,215
1/6/2025 8:00,215
1/6/2025 9:00,206
1/6/2025 10:00,214
1/6/2025 11:00,223
1/6/2025 12:00,218
1/6/2025 13:00,220
1/6/2025 14:00,220
1/6/2025 15:00,210
1/6/2025 16:00,210
1/6/2025 17:00,197
1/6/2025 18:00,190
1/6/2025 19:00,175
1/6/2025 20:00,175
1/6/2025 21:00,173
1/6/2025 22:00,170
1/6/2025 23:00,172
1/7/2025 0:00,185
1/7/2025 1:00,178
1/7/2025 2:00,190
1/7/2025 3:00,205
1/7/2025 4:00,202
1/7/2025 5:00,204
1/7/2025 6:00,213
1/7/2025 7:00,206
1/7/2025 8:00,200
1/7/2025 9:00,208
1/7/2025 10:00,202
1/7/2025 11:00,203
1/7/2025 12:00,193
1/7/2025 13:00,187
1/7/2025 14:00,185
1/7/2025 15:00,180
1/7/2025 16:00,186
1/7/2025 17:00,184
1/7/2025 18:00,185
1/7/2025 19:00,180
1/7/2025 20:00,180
1/7/2025 21:00,176
1/7/2025 22:00,170
1/7/2025 23:00,178
1/8/2025 0:00,180
1/8/2025 1:00,197
1/8/2025 2:00,195
1/8/2025 3:00,210
1/8/2025 4:00,218
1/8/2025 5:00,220
1/8/2025 6:00,210
1/8/2025 7:00,215
1/8/2025 8:00,229
1/8/2025 9:00,225
1/8/2025 10:00,210
1/8/2025 11:00,209
1/8/2025 12:00,195
1/8/2025 13:00,190
1/8/2025 14:00,180
1/8/2025 15:00,179
1/8/2025 16:00,174
1/8/2025 17:00,171
1/8/2025 18:00,168
1/8/2025 19:00,163
1/8/2025 20:00,160
1/8/2025 21:00,167
1/8/2025 22:00,170
1/8/2025 23:00,169
1/9/2025 0:00,180
1/9/2025 1:00,183
1/9/2025 2:00,185
1/9/2025 3:00,206
1/9/2025 4:00,215
1/9/2025 5:00,215
1/9/2025 6:00,217
1/9/2025 7:00,223
1/9/2025 8:00,229
1/9/2025 9:00,220
1/9/2025 10:00,215
1/9/2025 11:00,207
1/9/2025 12:00,195
1/9/2025 13:00,184
1/9/2025 14:00,175
1/9/2025 15:00,165
1/9/2025 16:00,160
1/9/2025 17:00,155
1/9/2025 18:00,146
1/9/2025 19:00,160
1/9/2025 20:00,150
1/9/2025 21:00,160
1/9/2025 22:00,167
1/9/2025 23:00,178
1/10/2025 0:00,178
1/10/2025 1:00,190
1/10/2025 2:00,202
1/10/2025 3:00,202
1/10/2025 4:00,215
1/10/2025 5:00,220
1/10/2025 6:00,225
1/10/2025 7:00,238
1/10/2025 8:00,240
1/10/2025 9:00,240
1/10/2025 10:00,225
1/10/2025 11:00,215
1/10/2025 12:00,200
1/10/2025 13:00,185
1/10/2025 14:00,170
1/10/2025 15:00,160
1/10/2025 16:00,150
1/10/2025 17:00,141
1/10/2025 18:00,138
1/10/2025 19:00,148
1/10/2025 20:00,144
1/10/2025 21:00,146
1/10/2025 22:00,150
1/10/2025 23:00,160
1/11/2025 0:00,163
1/11/2025 1:00,173
1/11/2025 2:00,180
1/11/2025 3:00,200
1/11/2025 4:00,210
1/11/2025 5:00,228
1/11/2025 6:00,238
1/11/2025 7:00,251
1/11/2025 8:00,260
1/11/2025 9:00,260
1/11/2025 10:00,245
1/11/2025 11:00,235
1/11/2025 12:00,215
1/11/2025 13:00,200
1/11/2025 14:00,185
1/11/2025 15:00,170
1/11/2025 16:00,150
1/11/2025 17:00,138
1/11/2025 18:00,138
1/11/2025 19:00,140
1/11/2025 20:00,163
1/11/2025 21:00,160
1/11/2025 22:00,164
1/11/2025 23:00,170
1/12/2025 0:00,178
1/12/2025 1:00,180
1/12/2025 2:00,190
1/12/2025 3:00,197
1/12/2025 4:00,190
1/12/2025 5:00,225
1/12/2025 6:00,245
1/12/2025 7:00,248
1/12/2025 8:00,249
1/12/2025 9:00,257
1/12/2025 10:00,244
1/12/2025 11:00,227
1/12/2025 12:00,212
1/12/2025 13:00,199
1/12/2025 14:00,180
1/12/2025 15:00,165
1/12/2025 16:00,145
1/12/2025 17:00,135
1/12/2025 18:00,137
1/12/2025 19:00,143
1/12/2025 20:00,145
1/12/2025 21:00,145
1/12/2025 22:00,155
1/12/2025 23:00,158
1/13/2025 0:00,162
1/13/2025 1:00,170
1/13/2025 2:00,182
1/13/2025 3:00,182
1/13/2025 4:00,184
1/13/2025 5:00,205
1/13/2025 6:00,215
1/13/2025 7:00,240
1/13/2025 8:00,245
1/13/2025 9:00,257
1/13/2025 10:00,258
1/13/2025 11:00,246
1/13/2025 12:00,230
1/13/2025 13:00,220
1/13/2025 14:00,198
1/13/2025 15:00,180
1/13/2025 16:00,162
1/13/2025 17:00,152
1/13/2025 18:00,150
1/13/2025 19:00,140
1/13/2025 20:00,143
1/13/2025 21:00,150
1/13/2025 22:00,155
1/13/2025 23:00,157
1/14/2025 0:00,160
1/14/2025 1:00,163
1/14/2025 2:00,165
1/14/2025 3:00,175
1/14/2025 4:00,174
1/14/2025 5:00,190
1/14/2025 6:00,200
1/14/2025 7:00,217
1/14/2025 8:00,238
1/14/2025 9:00,245
1/14/2025 10:00,245
1/14/2025 11:00,250
1/14/2025 12:00,240
1/14/2025 13:00,230
1/14/2025 14:00,210
1/14/2025 15:00,190
1/14/2025 16:00,175
1/14/2025 17:00,157
1/14/2025 18:00,140
1/14/2025 19:00,150
1/14/2025 20:00,140
1/14/2025 21:00,135
1/14/2025 22:00,130
1/14/2025 23:00,130
1/15/2025 0:00,155
1/15/2025 1:00,159
1/15/2025 2:00,165
1/15/2025 3:00,168
1/15/2025 4:00,173
1/15/2025 5:00,183
1/15/2025 6:00,193
1/15/2025 7:00,210
1/15/2025 8:00,222
1/15/2025 9:00,229
1/15/2025 10:00,240
1/15/2025 11:00,242
1/15/2025 12:00,240
1/15/2025 13:00,225
1/15/2025 14:00,215
1/15/2025 15:00,202
1/15/2025 16:00,185
1/15/2025 17:00,165
1/15/2025 18:00,152
1/15/2025 19:00,145
1/15/2025 20:00,140
1/15/2025 21:00,143
1/15/2025 22:00,145
1/15/2025 23:00,153
1/16/2025 0:00,160
1/16/2025 1:00,164
1/16/2025 2:00,170
1/16/2025 3:00,172
1/16/2025 4:00,178
1/16/2025 5:00,185
1/16/2025 6:00,197
1/16/2025 7:00,203
1/16/2025 8:00,217
1/16/2025 9:00,222
1/16/2025 10:00,230
1/16/2025 11:00,228
1/16/2025 12:00,242
1/16/2025 13:00,227
1/16/2025 14:00,220
1/16/2025 15:00,204
1/16/2025 16:00,204
1/16/2025 17:00,170
1/16/2025 18:00,160
1/16/2025 19:00,152
1/16/2025 20:00,145
1/16/2025 21:00,146
1/16/2025 22:00,155
1/16/2025 23:00,160
1/17/2025 0:00,168
1/17/2025 1:00,170
1/17/2025 2:00,173
1/17/2025 3:00,172
1/17/2025 4:00,181
1/17/2025 5:00,178
1/17/2025 6:00,190
1/17/2025 7:00,197
1/17/2025 8:00,199
1/17/2025 9:00,204
1/17/2025 10:00,215
1/17/2025 11:00,220
1/17/2025 12:00,220
1/17/2025 13:00,220
1/17/2025 14:00,210
1/17/2025 15:00,212
1/17/2025 16:00,190
1/17/2025 17:00,180
1/17/2025 18:00,179
1/17/2025 19:00,168
1/17/2025 20:00,152
1/17/2025 21:00,157
1/17/2025 22:00,153
1/17/2025 23:00,165
1/18/2025 0:00,167
1/18/2025 1:00,180
1/18/2025 2:00,183
1/18/2025 3:00,188
1/18/2025 4:00,187
1/18/2025 5:00,185
1/18/2025 6:00,190
1/18/2025 7:00,197
1/18/2025 8:00,199
1/18/2025 9:00,204
1/18/2025 10:00,215
1/18/2025 11:00,220
1/18/2025 12:00,220
1/18/2025 13:00,220
1/18/2025 14:00,210
1/18/2025 15:00,200
1/18/2025 16:00,195
1/18/2025 17:00,174
1/18/2025 18:00,175
1/18/2025 19:00,165
1/18/2025 20:00,160
1/18/2025 21:00,175
1/18/2025 22:00,153
1/18/2025 23:00,162
1/19/2025 0:00,173
1/19/2025 1:00,181
1/19/2025 2:00,185
1/19/2025 3:00,185
1/19/2025 4:00,188
1/19/2025 5:00,190
1/19/2025 6:00,187
1/19/2025 7:00,185
1/19/2025 8:00,198
1/19/2025 9:00,200
1/19/2025 10:00,205
1/19/2025 11:00,197
1/19/2025 12:00,205
1/19/2025 13:00,200
1/19/2025 14:00,203
1/19/2025 15:00,192
1/19/2025 16:00,181
1/19/2025 17:00,170
1/19/2025 18:00,168
1/19/2025 19:00,160
1/19/2025 20:00,155
1/19/2025 21:00,157
1/19/2025 22:00,160
1/19/2025 23:00,172
1/20/2025 0:00,178
1/20/2025 1:00,180
1/20/2025 2:00,187
1/20/2025 3:00,175
1/20/2025 4:00,180
1/20/2025 5:00,185
1/20/2025 6:00,188
1/20/2025 7:00,190
1/20/2025 8:00,195
1/20/2025 9:00,200
1/20/2025 10:00,200
1/20/2025 11:00,198
1/20/2025 12:00,209
1/20/2025 13:00,202
1/20/2025 14:00,200
1/20/2025 15:00,190
1/20/2025 16:00,183
1/20/2025 17:00,176
1/20/2025 18:00,170
1/20/2025 19:00,163
1/20/2025 20:00,172
1/20/2025 21:00,170
1/20/2025 22:00,167
1/20/2025 23:00,175
1/21/2025 0:00,187
1/21/2025 1:00,190
1/21/2025 2:00,195
1/21/2025 3:00,200
1/21/2025 4:00,205
1/21/2025 5:00,209
1/21/2025 6:00,210
1/21/2025 7:00,215
1/21/2025 8:00,215
1/21/2025 9:00,214
1/21/2025 10:00,212
1/21/2025 11:00,215
1/21/2025 12:00,193
1/21/2025 13:00,186
1/21/2025 14:00,182
1/21/2025 15:00,175
1/21/2025 16:00,175
1/21/2025 17:00,170
1/21/2025 18:00,169
1/21/2025 19:00,166
1/21/2025 20:00,168
1/21/2025 21:00,173
1/21/2025 22:00,185
1/21/2025 23:00,185
1/22/2025 0:00,190
1/22/2025 1:00,195
1/22/2025 2:00,197
1/22/2025 3:00,202
1/22/2025 4:00,205
1/22/2025 5:00,210
1/22/2025 6:00,212
1/22/2025 7:00,214
1/22/2025 8:00,210
1/22/2025 9:00,212
1/22/2025 10:00,205
1/22/2025 11:00,200
1/22/2025 12:00,185
1/22/2025 13:00,190
1/22/2025 14:00,172
1/22/2025 15:00,170
1/22/2025 16:00,170
1/22/2025 17:00,173
1/22/2025 18:00,168
1/22/2025 19:00,168
1/22/2025 20:00,167
1/22/2025 21:00,170
1/22/2025 22:00,172
1/22/2025 23:00,175
1/23/2025 0:00,180
1/23/2025 1:00,182
1/23/2025 2:00,192
1/23/2025 3:00,203
1/23/2025 4:00,210
1/23/2025 5:00,218
1/23/2025 6:00,220
1/23/2025 7:00,220
1/23/2025 8:00,220
1/23/2025 9:00,212
1/23/2025 10:00,210
1/23/2025 11:00,200
1/23/2025 12:00,187
1/23/2025 13:00,178
1/23/2025 14:00,170
1/23/2025 15:00,160
1/23/2025 16:00,155
1/23/2025 17:00,163
1/23/2025 18:00,152
1/23/2025 19:00,158
1/23/2025 20:00,160
1/23/2025 21:00,170
1/23/2025 22:00,175
1/23/2025 23:00,180
1/24/2025 0:00,185
1/24/2025 1:00,180
1/24/2025 2:00,198
1/24/2025 3:00,203
1/24/2025 4:00,208
1/24/2025 5:00,222
1/24/2025 6:00,230
1/24/2025 7:00,230
1/24/2025 8:00,216
1/24/2025 9:00,230
1/24/2025 10:00,225
1/24/2025 11:00,210
1/24/2025 12:00,199
1/24/2025 13:00,187
1/24/2025 14:00,173
1/24/2025 15:00,168
1/24/2025 16:00,160
1/24/2025 17:00,155
1/24/2025 18:00,155
1/24/2025 19:00,162
1/24/2025 20:00,162
1/24/2025 21:00,167
1/24/2025 22:00,170
1/24/2025 23:00,175
1/25/2025 0:00,183
1/25/2025 1:00,190
1/25/2025 2:00,195
1/25/2025 3:00,213
1/25/2025 4:00,220
1/25/2025 5:00,225
1/25/2025 6:00,230
1/25/2025 7:00,236
1/25/2025 8:00,240
1/25/2025 9:00,237
1/25/2025 10:00,225
1/25/2025 11:00,220
1/25/2025 12:00,205
1/25/2025 13:00,190
1/25/2025 14:00,175
1/25/2025 15:00,156
1/25/2025 16:00,145
1/25/2025 17:00,144
1/25/2025 18:00,137
1/25/2025 19:00,145
1/25/2025 20:00,149
1/25/2025 21:00,154
1/25/2025 22:00,160
1/25/2025 23:00,170
1/26/2025 0:00,180
1/26/2025 1:00,180
1/26/2025 2:00,184
1/26/2025 3:00,192
1/26/2025 4:00,205
1/26/2025 5:00,215
1/26/2025 6:00,225
1/26/2025 7:00,230
1/26/2025 8:00,237
1/26/2025 9:00,235
1/26/2025 10:00,225
1/26/2025 11:00,215
1/26/2025 12:00,195
1/26/2025 13:00,190
1/26/2025 14:00,170
1/26/2025 15:00,155
1/26/2025 16:00,150
1/26/2025 17:00,138
1/26/2025 18:00,148
1/26/2025 19:00,142
1/26/2025 20:00,149
1/26/2025 21:00,155
1/26/2025 22:00,157
1/26/2025 23:00,170
1/27/2025 0:00,175
1/27/2025 1:00,180
1/27/2025 2:00,200
1/27/2025 3:00,198
1/27/2025 4:00,210
1/27/2025 5:00,210
1/27/2025 6:00,220
1/27/2025 7:00,230
1/27/2025 8:00,233
1/27/2025 9:00,227
1/27/2025 10:00,225
1/27/2025 11:00,220
1/27/2025 12:00,204
1/27/2025 13:00,186
1/27/2025 14:00,175
1/27/2025 15:00,160
1/27/2025 16:00,147
1/27/2025 17:00,140
1/27/2025 18:00,140
1/27/2025 19:00,138
1/27/2025 20:00,145
1/27/2025 21:00,150
1/27/2025 22:00,155
1/27/2025 23:00,155
1/28/2025 0:00,169
1/28/2025 1:00,174
1/28/2025 2:00,183
1/28/2025 3:00,200
1/28/2025 4:00,196
1/28/2025 5:00,227
1/28/2025 6:00,235
1/28/2025 7:00,240
1/28/2025 8:00,242
1/28/2025 9:00,238
1/28/2025 10:00,228
1/28/2025 11:00,216
1/28/2025 12:00,205
1/28/2025 13:00,186
1/28/2025 14:00,170
1/28/2025 15:00,156
1/28/2025 16:00,156
1/28/2025 17:00,148
1/28/2025 18:00,155
1/28/2025 19:00,148
1/28/2025 20:00,150
1/28/2025 21:00,155
1/28/2025 22:00,165
1/28/2025 23:00,175
1/29/2025 0:00,170
1/29/2025 1:00,185
1/29/2025 2:00,187
1/29/2025 3:00,189
1/29/2025 4:00,190
1/29/2025 5:00,214
1/29/2025 6:00,217
1/29/2025 7:00,222
1/29/2025 8:00,235
1/29/2025 9:00,225
1/29/2025 10:00,225
1/29/2025 11:00,220
1/29/2025 12:00,217
1/29/2025 13:00,205
1/29/2025 14:00,182
1/29/2025 15:00,167
1/29/2025 16:00,150
1/29/2025 17:00,140
1/29/2025 18:00,136
1/29/2025 19:00,135
1/29/2025 20:00,168
1/29/2025 21:00,155
1/29/2025 22:00,160
1/29/2025 23:00,150
1/30/2025 0:00,147
1/30/2025 1:00,150
1/30/2025 2:00,148
1/30/2025 3:00,159
1/30/2025 4:00,170
1/30/2025 5:00,165
1/30/2025 6:00,184
1/30/2025 7:00,203
1/30/2025 8:00,205
1/30/2025 9:00,220
1/30/2025 10:00,225
1/30/2025 11:00,220
1/30/2025 12:00,210
1/30/2025 13:00,200
1/30/2025 14:00,190
1/30/2025 15:00,170
1/30/2025 16:00,158
1/30/2025 17:00,152
1/30/2025 18:00,150
1/30/2025 19:00,135
1/30/2025 20:00,130
1/30/2025 21:00,140
1/30/2025 22:00,153
1/30/2025 23:00,145
1/31/2025 0:00,154
1/31/2025 1:00,160
1/31/2025 2:00,151
1/31/2025 3:00,153
1/31/2025 4:00,157
1/31/2025 5:00,153
1/31/2025 6:00,176
1/31/2025 7:00,190
1/31/2025 8:00,200
1/31/2025 9:00,213
1/31/2025 10:00,235
1/31/2025 11:00,230
1/31/2025 12:00,235
1/31/2025 13:00,220
1/31/2025 14:00,218
1/31/2025 15:00,200
1/31/2025 16:00,177
1/31/2025 17:00,170
1/31/2025 18:00,148
1/31/2025 19:00,145
1/31/2025 20:00,140
1/31/2025 21:00,152
1/31/2025 22:00,155
1/31/2025 23:00,166
2/1/2025 0:00,163
2/1/2025 1:00,167
2/1/2025 2:00,170
2/1/2025 3:00,178
2/1/2025 4:00,173
2/1/2025 5:00,175
2/1/2025 6:00,180
2/1/2025 7:00,190
2/1/2025 8:00,205
2/1/2025 9:00,214
2/1/2025 10:00,233
2/1/2025 11:00,238
2/1/2025 12:00,237
2/1/2025 13:00,228
2/1/2025 14:00,225
2/1/2025 15:00,205
2/1/2025 16:00,190
2/1/2025 17:00,175
2/1/2025 18:00,160
2/1/2025 19:00,155
2/1/2025 20:00,145
2/1/2025 21:00,140
2/1/2025 22:00,155
2/1/2025 23:00,170
2/2/2025 0:00,180
2/2/2025 1:00,185
2/2/2025 2:00,185
2/2/2025 3:00,189
2/2/2025 4:00,182
2/2/2025 5:00,184
2/2/2025 6:00,186
2/2/2025 7:00,193
2/2/2025 8:00,191
2/2/2025 9:00,208
2/2/2025 10:00,215
2/2/2025 11:00,225
2/2/2025 12:00,220
2/2/2025 13:00,218
2/2/2025 14:00,223
2/2/2025 15:00,213
2/2/2025 16:00,193
2/2/2025 17:00,175
2/2/2025 18:00,165
2/2/2025 19:00,155
2/2/2025 20:00,154
2/2/2025 21:00,150
2/2/2025 22:00,160
2/2/2025 23:00,172
2/3/2025 0:00,185
2/3/2025 1:00,195
2/3/2025 2:00,195
2/3/2025 3:00,197
2/3/2025 4:00,195
2/3/2025 5:00,195
2/3/2025 6:00,195
2/3/2025 7:00,198
2/3/2025 8:00,200
2/3/2025 9:00,218
2/3/2025 10:00,220
2/3/2025 11:00,203
2/3/2025 12:00,210
2/3/2025 13:00,204
2/3/2025 14:00,195
2/3/2025 15:00,192
2/3/2025 16:00,185
2/3/2025 17:00,170
2/3/2025 18:00,165
2/3/2025 19:00,155
2/3/2025 20:00,159
2/3/2025 21:00,155
2/3/2025 22:00,165
2/3/2025 23:00,180
2/4/2025 0:00,188
2/4/2025 1:00,192
2/4/2025 2:00,198
2/4/2025 3:00,200
2/4/2025 4:00,195
2/4/2025 5:00,200
2/4/2025 6:00,198
2/4/2025 7:00,195
2/4/2025 8:00,197
2/4/2025 9:00,195
2/4/2025 10:00,190
2/4/2025 11:00,187
2/4/2025 12:00,187
2/4/2025 13:00,185
2/4/2025 14:00,181
2/4/2025 15:00,170
2/4/2025 16:00,170
2/4/2025 17:00,165
2/4/2025 18:00,169
2/4/2025 19:00,160
2/4/2025 20:00,157
2/4/2025 21:00,159
2/4/2025 22:00,165
2/4/2025 23:00,172
2/5/2025 0:00,187
2/5/2025 1:00,207
2/5/2025 2:00,197
2/5/2025 3:00,203
2/5/2025 4:00,210
2/5/2025 5:00,212
2/5/2025 6:00,214
2/5/2025 7:00,210
2/5/2025 8:00,209
2/5/2025 9:00,205
2/5/2025 10:00,203
2/5/2025 11:00,190
2/5/2025 12:00,185
2/5/2025 13:00,175
2/5/2025 14:00,173
2/5/2025 15:00,172
2/5/2025 16:00,158
2/5/2025 17:00,160
2/5/2025 18:00,155
2/5/2025 19:00,155
2/5/2025 20:00,158
2/5/2025 21:00,160
2/5/2025 22:00,165
2/5/2025 23:00,165
2/6/2025 0:00,193
2/6/2025 1:00,205
2/6/2025 2:00,213
2/6/2025 3:00,222
2/6/2025 4:00,234
2/6/2025 5:00,235
2/6/2025 6:00,228
2/6/2025 7:00,220
2/6/2025 8:00,218
2/6/2025 9:00,205
2/6/2025 10:00,190
2/6/2025 11:00,175
2/6/2025 12:00,170
2/6/2025 13:00,164
2/6/2025 14:00,160
2/6/2025 15:00,147
2/6/2025 16:00,145
2/6/2025 17:00,142
2/6/2025 18:00,140
2/6/2025 19:00,135
2/6/2025 20:00,145
2/6/2025 21:00,150
2/6/2025 22:00,160
2/6/2025 23:00,170
2/7/2025 0:00,185
2/7/2025 1:00,187
2/7/2025 2:00,200
2/7/2025 3:00,202
2/7/2025 4:00,214
2/7/2025 5:00,215
2/7/2025 6:00,220
2/7/2025 7:00,225
2/7/2025 8:00,227
2/7/2025 9:00,220
2/7/2025 10:00,213
2/7/2025 11:00,195
2/7/2025 12:00,184
2/7/2025 13:00,170
2/7/2025 14:00,155
2/7/2025 15:00,145
2/7/2025 16:00,145
2/7/2025 17:00,140
2/7/2025 18:00,140
2/7/2025 19:00,140
2/7/2025 20:00,140
2/7/2025 21:00,150
2/7/2025 22:00,168
2/7/2025 23:00,175
2/8/2025 0:00,185
2/8/2025 1:00,200
2/8/2025 2:00,200
2/8/2025 3:00,200
2/8/2025 4:00,205
2/8/2025 5:00,215
2/8/2025 6:00,220
2/8/2025 7:00,230
2/8/2025 8:00,230
2/8/2025 9:00,225
2/8/2025 10:00,216
2/8/2025 11:00,197
2/8/2025 12:00,196
2/8/2025 13:00,175
2/8/2025 14:00,155
2/8/2025 15:00,145
2/8/2025 16:00,140
2/8/2025 17:00,145
2/8/2025 18:00,139
2/8/2025 19:00,139
2/8/2025 20:00,147
2/8/2025 21:00,159
2/8/2025 22:00,163
2/8/2025 23:00,180
2/9/2025 0:00,175
2/9/2025 1:00,178
2/9/2025 2:00,195
2/9/2025 3:00,202
2/9/2025 4:00,202
2/9/2025 5:00,225
2/9/2025 6:00,232
2/9/2025 7:00,235
2/9/2025 8:00,240
2/9/2025 9:00,234
2/9/2025 10:00,220
2/9/2025 11:00,213
2/9/2025 12:00,196
2/9/2025 13:00,173
2/9/2025 14:00,165
2/9/2025 15:00,146
2/9/2025 16:00,140
2/9/2025 17:00,138
2/9/2025 18:00,133
2/9/2025 19:00,140
2/9/2025 20:00,143
2/9/2025 21:00,145
2/9/2025 22:00,152
2/9/2025 23:00,165
2/10/2025 0:00,172
2/10/2025 1:00,180
2/10/2025 2:00,182
2/10/2025 3:00,185
2/10/2025 4:00,196
2/10/2025 5:00,202
2/10/2025 6:00,215
2/10/2025 7:00,225
2/10/2025 8:00,235
2/10/2025 9:00,235
2/10/2025 10:00,233
2/10/2025 11:00,217
2/10/2025 12:00,202
2/10/2025 13:00,190
2/10/2025 14:00,170
2/10/2025 15:00,157
2/10/2025 16:00,150
2/10/2025 17:00,140
2/10/2025 18:00,144
2/10/2025 19:00,147
2/10/2025 20:00,153
2/10/2025 21:00,159
2/10/2025 22:00,160
2/10/2025 23:00,158
2/11/2025 0:00,155
2/11/2025 1:00,148
2/11/2025 2:00,175
2/11/2025 3:00,170
2/11/2025 4:00,181
2/11/2025 5:00,189
2/11/2025 6:00,205
2/11/2025 7:00,215
2/11/2025 8:00,230
2/11/2025 9:00,230
2/11/2025 10:00,225
2/11/2025 11:00,220
2/11/2025 12:00,210
2/11/2025 13:00,197
2/11/2025 14:00,182
2/11/2025 15:00,165
2/11/2025 16:00,154
2/11/2025 17:00,150
2/11/2025 18:00,142
2/11/2025 19:00,140
2/11/2025 20:00,140
2/11/2025 21:00,150
2/11/2025 22:00,160
2/11/2025 23:00,160
2/12/2025 0:00,160
2/12/2025 1:00,155
2/12/2025 2:00,159
2/12/2025 3:00,162
2/12/2025 4:00,165
2/12/2025 5:00,170
2/12/2025 6:00,173
2/12/2025 7:00,200
2/12/2025 8:00,211
2/12/2025 9:00,228
2/12/2025 10:00,234
2/12/2025 11:00,235
2/12/2025 12:00,228
2/12/2025 13:00,218
2/12/2025 14:00,203
2/12/2025 15:00,193
2/12/2025 16:00,175
2/12/2025 17:00,158
2/12/2025 18:00,153
2/12/2025 19:00,148
2/12/2025 20:00,145
2/12/2025 21:00,152
2/12/2025 22:00,165
2/12/2025 23:00,166
2/13/2025 0:00,168
2/13/2025 1:00,165
2/13/2025 2:00,168
2/13/2025 3:00,166
2/13/2025 4:00,170
2/13/2025 5:00,172
2/13/2025 6:00,183
2/13/2025 7:00,200
2/13/2025 8:00,211
2/13/2025 9:00,228
2/13/2025 10:00,234
2/13/2025 11:00,235
2/13/2025 12:00,228
2/13/2025 13:00,218
2/13/2025 14:00,203
2/13/2025 15:00,193
2/13/2025 16:00,175
2/13/2025 17:00,160
2/13/2025 18:00,153
2/13/2025 19:00,148
2/13/2025 20:00,157
2/13/2025 21:00,160
2/13/2025 22:00,165
2/13/2025 23:00,165
2/14/2025 0:00,170
2/14/2025 1:00,175
2/14/2025 2:00,175
2/14/2025 3:00,174
2/14/2025 4:00,182
2/14/2025 5:00,190
2/14/2025 6:00,190
2/14/2025 7:00,192
2/14/2025 8:00,219
2/14/2025 9:00,220
2/14/2025 10:00,220
2/14/2025 11:00,224
2/14/2025 12:00,215
2/14/2025 13:00,220
2/14/2025 14:00,209
2/14/2025 15:00,196
2/14/2025 16:00,182
2/14/2025 17:00,168
2/14/2025 18:00,159
2/14/2025 19:00,162
2/14/2025 20:00,155
2/14/2025 21:00,162
2/14/2025 22:00,175
2/14/2025 23:00,180
2/15/2025 0:00,180
2/15/2025 1:00,185
2/15/2025 2:00,185
2/15/2025 3:00,190
2/15/2025 4:00,187
2/15/2025 5:00,185
2/15/2025 6:00,193
2/15/2025 7:00,195
2/15/2025 8:00,190
2/15/2025 9:00,205
2/15/2025 10:00,198
2/15/2025 11:00,210
2/15/2025 12:00,215
2/15/2025 13:00,202
2/15/2025 14:00,198
2/15/2025 15:00,184
2/15/2025 16:00,172
2/15/2025 17:00,168
2/15/2025 18:00,157
2/15/2025 19:00,153
2/15/2025 20:00,156
2/15/2025 21:00,164
2/15/2025 22:00,173
2/15/2025 23:00,183
2/16/2025 0:00,190
2/16/2025 1:00,195
2/16/2025 2:00,193
2/16/2025 3:00,190
2/16/2025 4:00,188
2/16/2025 5:00,190
2/16/2025 6:00,194
2/16/2025 7:00,196
2/16/2025 8:00,200
2/16/2025 9:00,200
2/16/2025 10:00,215
2/16/2025 11:00,206
2/16/2025 12:00,213
2/16/2025 13:00,207
2/16/2025 14:00,189
2/16/2025 15:00,185
2/16/2025 16:00,177
2/16/2025 17:00,175
2/16/2025 18:00,170
2/16/2025 19:00,170
2/16/2025 20:00,170
2/16/2025 21:00,175
2/16/2025 22:00,180
2/16/2025 23:00,194
2/17/2025 0:00,190
2/17/2025 1:00,198
2/17/2025 2:00,202
2/17/2025 3:00,198
2/17/2025 4:00,200
2/17/2025 5:00,205
2/17/2025 6:00,198
2/17/2025 7:00,203
2/17/2025 8:00,200
2/17/2025 9:00,193
2/17/2025 10:00,193
2/17/2025 11:00,195
2/17/2025 12:00,195
2/17/2025 13:00,189
2/17/2025 14:00,182
2/17/2025 15:00,173
2/17/2025 16:00,170
2/17/2025 17:00,170
2/17/2025 18:00,168
2/17/2025 19:00,166
2/17/2025 20:00,172
2/17/2025 21:00,180
2/17/2025 22:00,174
2/17/2025 23:00,185
2/18/2025 0:00,195
2/18/2025 1:00,190
2/18/2025 2:00,195
2/18/2025 3:00,202
2/18/2025 4:00,202
2/18/2025 5:00,200
2/18/2025 6:00,200
2/18/2025 7:00,195
2/18/2025 8:00,210
2/18/2025 9:00,190
2/18/2025 10:00,190
2/18/2025 11:00,185
2/18/2025 12:00,182
2/18/2025 13:00,185
2/18/2025 14:00,175
2/18/2025 15:00,168
2/18/2025 16:00,161
2/18/2025 17:00,162
2/18/2025 18:00,165
2/18/2025 19:00,163
2/18/2025 20:00,170
2/18/2025 21:00,180
2/18/2025 22:00,185
2/18/2025 23:00,190
2/19/2025 0:00,200
2/19/2025 1:00,213
2/19/2025 2:00,210
2/19/2025 3:00,208
2/19/2025 4:00,212
2/19/2025 5:00,215
2/19/2025 6:00,210
2/19/2025 7:00,197
2/19/2025 8:00,201
2/19/2025 9:00,190
2/19/2025 10:00,190
2/19/2025 11:00,185
2/19/2025 12:00,188
2/19/2025 13:00,180
2/19/2025 14:00,174
2/19/2025 15:00,170
2/19/2025 16:00,170
2/19/2025 17:00,170
2/19/2025 18:00,160
2/19/2025 19:00,165
2/19/2025 20:00,175
2/19/2025 21:00,175
2/19/2025 22:00,185
2/19/2025 23:00,190
2/20/2025 0:00,188
2/20/2025 1:00,198
2/20/2025 2:00,213
2/20/2025 3:00,208
2/20/2025 4:00,205
2/20/2025 5:00,207
2/20/2025 6:00,208
2/20/2025 7:00,205
2/20/2025 8:00,198
2/20/2025 9:00,197
2/20/2025 10:00,186
2/20/2025 11:00,179
2/20/2025 12:00,160
2/20/2025 13:00,157
2/20/2025 14:00,150
2/20/2025 15:00,151
2/20/2025 16:00,155
2/20/2025 17:00,150
2/20/2025 18:00,155
2/20/2025 19:00,160
2/20/2025 20:00,170
2/20/2025 21:00,175
2/20/2025 22:00,182
2/20/2025 23:00,190
2/21/2025 0:00,197
2/21/2025 1:00,202
2/21/2025 2:00,200
2/21/2025 3:00,216
2/21/2025 4:00,215
2/21/2025 5:00,215
2/21/2025 6:00,210
2/21/2025 7:00,220
2/21/2025 8:00,205
2/21/2025 9:00,200
2/21/2025 10:00,190
2/21/2025 11:00,177
2/21/2025 12:00,170
2/21/2025 13:00,165
2/21/2025 14:00,168
2/21/2025 15:00,154
2/21/2025 16:00,152
2/21/2025 17:00,152
2/21/2025 18:00,160
2/21/2025 19:00,162
2/21/2025 20:00,165
2/21/2025 21:00,180
2/21/2025 22:00,183
2/21/2025 23:00,193
2/22/2025 0:00,195
2/22/2025 1:00,203
2/22/2025 2:00,205
2/22/2025 3:00,210
2/22/2025 4:00,217
2/22/2025 5:00,223
2/22/2025 6:00,219
2/22/2025 7:00,212
2/22/2025 8:00,222
2/22/2025 9:00,200
2/22/2025 10:00,194
2/22/2025 11:00,170
2/22/2025 12:00,164
2/22/2025 13:00,160
2/22/2025 14:00,150
2/22/2025 15:00,145
2/22/2025 16:00,143
2/22/2025 17:00,143
2/22/2025 18:00,145
2/22/2025 19:00,150
2/22/2025 20:00,162
2/22/2025 21:00,175
2/22/2025 22:00,176
2/22/2025 23:00,185
2/23/2025 0:00,185
2/23/2025 1:00,197
2/23/2025 2:00,205
2/23/2025 3:00,205
2/23/2025 4:00,209
2/23/2025 5:00,217
2/23/2025 6:00,215
2/23/2025 7:00,230
2/23/2025 8:00,220
2/23/2025 9:00,213
2/23/2025 10:00,200
2/23/2025 11:00,183
2/23/2025 12:00,165
2/23/2025 13:00,160
2/23/2025 14:00,150
2/23/2025 15:00,147
2/23/2025 16:00,143
2/23/2025 17:00,139
2/23/2025 18:00,143
2/23/2025 19:00,155
2/23/2025 20:00,160
2/23/2025 21:00,175
2/23/2025 22:00,175
2/23/2025 23:00,180
2/24/2025 0:00,185
2/24/2025 1:00,180
2/24/2025 2:00,193
2/24/2025 3:00,199
2/24/2025 4:00,201
2/24/2025 5:00,203
2/24/2025 6:00,215
2/24/2025 7:00,215
2/24/2025 8:00,215
2/24/2025 9:00,220
2/24/2025 10:00,210
2/24/2025 11:00,195
2/24/2025 12:00,190
2/24/2025 13:00,166
2/24/2025 14:00,155
2/24/2025 15:00,143
2/24/2025 16:00,145
2/24/2025 17:00,135
2/24/2025 18:00,134
2/24/2025 19:00,142
2/24/2025 20:00,150
2/24/2025 21:00,165
2/24/2025 22:00,168
2/24/2025 23:00,177
2/25/2025 0:00,175
2/25/2025 1:00,180
2/25/2025 2:00,185
2/25/2025 3:00,190
2/25/2025 4:00,198
2/25/2025 5:00,210
2/25/2025 6:00,217
2/25/2025 7:00,224
2/25/2025 8:00,218
2/25/2025 9:00,230
2/25/2025 10:00,223
2/25/2025 11:00,214
2/25/2025 12:00,205
2/25/2025 13:00,185
2/25/2025 14:00,170
2/25/2025 15:00,131
2/25/2025 16:00,155
2/25/2025 17:00,150
2/25/2025 18:00,150
2/25/2025 19:00,154
2/25/2025 20:00,157
2/25/2025 21:00,170
2/25/2025 22:00,175
2/25/2025 23:00,178
2/26/2025 0:00,185
2/26/2025 1:00,188
2/26/2025 2:00,190
2/26/2025 3:00,195
2/26/2025 4:00,201
2/26/2025 5:00,214
2/26/2025 6:00,223
2/26/2025 7:00,229
2/26/2025 8:00,232
2/26/2025 9:00,235
2/26/2025 10:00,220
2/26/2025 11:00,215
2/26/2025 12:00,201
2/26/2025 13:00,183
2/26/2025 14:00,174
2/26/2025 15:00,160
2/26/2025 16:00,149
2/26/2025 17:00,140
2/26/2025 18:00,145
2/26/2025 19:00,140
2/26/2025 20:00,150
2/26/2025 21:00,155
2/26/2025 22:00,160
2/26/2025 23:00,160
2/27/2025 0:00,169
2/27/2025 1:00,173
2/27/2025 2:00,170
2/27/2025 3:00,170
2/27/2025 4:00,182
2/27/2025 5:00,186
2/27/2025 6:00,202
2/27/2025 7:00,218
2/27/2025 8:00,230
2/27/2025 9:00,235
2/27/2025 10:00,233
2/27/2025 11:00,222
2/27/2025 12:00,214
2/27/2025 13:00,208
2/27/2025 14:00,190
2/27/2025 15:00,178
2/27/2025 16:00,160
2/27/2025 17:00,152
2/27/2025 18:00,150
2/27/2025 19:00,150
2/27/2025 20:00,160
2/27/2025 21:00,165
2/27/2025 22:00,170
2/27/2025 23:00,180
2/28/2025 0:00,180
2/28/2025 1:00,185
2/28/2025 2:00,185
2/28/2025 3:00,180
2/28/2025 4:00,183
2/28/2025 5:00,190
2/28/2025 6:00,200
2/28/2025 7:00,210
2/28/2025 8:00,224
2/28/2025 9:00,229
2/28/2025 10:00,236
2/28/2025 11:00,230
2/28/2025 12:00,231
2/28/2025 13:00,210
2/28/2025 14:00,205
2/28/2025 15:00,189
2/28/2025 16:00,175
2/28/2025 17:00,168
2/28/2025 18:00,164
2/28/2025 19:00,158
2/28/2025 20:00,159
2/28/2025 21:00,172
2/28/2025 22:00,185
2/28/2025 23:00,190
3/1/2025 0:00,195
3/1/2025 1:00,195
3/1/2025 2:00,185
3/1/2025 3:00,175
3/1/2025 4:00,178
3/1/2025 5:00,180
3/1/2025 6:00,190
3/1/2025 7:00,195
3/1/2025 8:00,208
3/1/2025 9:00,214
3/1/2025 10:00,220
3/1/2025 11:00,215
3/1/2025 12:00,210
3/1/2025 13:00,205
3/1/2025 14:00,195
3/1/2025 15:00,183
3/1/2025 16:00,170
3/1/2025 17:00,160
3/1/2025 18:00,157
3/1/2025 19:00,155
3/1/2025 20:00,155
3/1/2025 21:00,166
3/1/2025 22:00,180
3/1/2025 23:00,180
3/2/2025 0:00,195
3/2/2025 1:00,202
3/2/2025 2:00,190
3/2/2025 3:00,187
3/2/2025 4:00,190
3/2/2025 5:00,185
3/2/2025 6:00,197
3/2/2025 7:00,195
3/2/2025 8:00,194
3/2/2025 9:00,210
3/2/2025 10:00,208
3/2/2025 11:00,212
3/2/2025 12:00,210
3/2/2025 13:00,213
3/2/2025 14:00,202
3/2/2025 15:00,190
3/2/2025 16:00,180
3/2/2025 17:00,172
3/2/2025 18:00,170
3/2/2025 19:00,170
3/2/2025 20:00,168
3/2/2025 21:00,177
3/2/2025 22:00,180
3/2/2025 23:00,205
3/3/2025 0:00,210
3/3/2025 1:00,207
3/3/2025 2:00,208
3/3/2025 3:00,212
3/3/2025 4:00,200
3/3/2025 5:00,198
3/3/2025 6:00,195
3/3/2025 7:00,195
3/3/2025 8:00,192
3/3/2025 9:00,193
3/3/2025 10:00,199
3/3/2025 11:00,197
3/3/2025 12:00,190
3/3/2025 13:00,175
3/3/2025 14:00,175
3/3/2025 15:00,167
3/3/2025 16:00,168
3/3/2025 17:00,168
3/3/2025 18:00,175
3/3/2025 19:00,175
3/3/2025 20:00,180
3/3/2025 21:00,185
3/3/2025 22:00,200
3/3/2025 23:00,210
3/4/2025 0:00,215
3/4/2025 1:00,218
3/4/2025 2:00,220
3/4/2025 3:00,213
3/4/2025 4:00,205
3/4/2025 5:00,220
3/4/2025 6:00,210
3/4/2025 7:00,202
3/4/2025 8:00,196
3/4/2025 9:00,188
3/4/2025 10:00,185
3/4/2025 11:00,180
3/4/2025 12:00,173
3/4/2025 13:00,170
3/4/2025 14:00,169
3/4/2025 15:00,169
3/4/2025 16:00,160
3/4/2025 17:00,170
3/4/2025 18:00,165
3/4/2025 19:00,180
3/4/2025 20:00,182
3/4/2025 21:00,195
3/4/2025 22:00,195
3/4/2025 23:00,207
3/5/2025 0:00,220
3/5/2025 1:00,210
3/5/2025 2:00,220
3/5/2025 3:00,225
3/5/2025 4:00,220
3/5/2025 5:00,217
3/5/2025 6:00,210
3/5/2025 7:00,210
3/5/2025 8:00,200
3/5/2025 9:00,185
3/5/2025 10:00,170
3/5/2025 11:00,160
3/5/2025 12:00,158
3/5/2025 13:00,150
3/5/2025 14:00,150
3/5/2025 15:00,149
3/5/2025 16:00,147
3/5/2025 17:00,146
3/5/2025 18:00,160
3/5/2025 19:00,168
3/5/2025 20:00,178
3/5/2025 21:00,185
3/5/2025 22:00,195
3/5/2025 23:00,205
3/6/2025 0:00,210
3/6/2025 1:00,215
3/6/2025 2:00,217
3/6/2025 3:00,228
3/6/2025 4:00,237
3/6/2025 5:00,228
3/6/2025 6:00,230
3/6/2025 7:00,226
3/6/2025 8:00,220
3/6/2025 9:00,200
3/6/2025 10:00,190
3/6/2025 11:00,175
3/6/2025 12:00,170
3/6/2025 13:00,166
3/6/2025 14:00,150
3/6/2025 15:00,150
3/6/2025 16:00,150
3/6/2025 17:00,156
3/6/2025 18:00,163
3/6/2025 19:00,168
3/6/2025 20:00,183
3/6/2025 21:00,195
3/6/2025 22:00,195
3/6/2025 23:00,195
3/7/2025 0:00,200
3/7/2025 1:00,200
3/7/2025 2:00,215
3/7/2025 3:00,215
3/7/2025 4:00,217
3/7/2025 5:00,218
3/7/2025 6:00,218
3/7/2025 7:00,210
3/7/2025 8:00,205
3/7/2025 9:00,190
3/7/2025 10:00,180
3/7/2025 11:00,167
3/7/2025 12:00,153
3/7/2025 13:00,145
3/7/2025 14:00,140
3/7/2025 15:00,148
3/7/2025 16:00,140
3/7/2025 17:00,140
3/7/2025 18:00,160
3/7/2025 19:00,170
3/7/2025 20:00,175
3/7/2025 21:00,185
3/7/2025 22:00,190
3/7/2025 23:00,193
3/8/2025 0:00,194
3/8/2025 1:00,190
3/8/2025 2:00,195
3/8/2025 3:00,220
3/8/2025 4:00,205
3/8/2025 5:00,215
3/8/2025 6:00,220
3/8/2025 7:00,220
3/8/2025 8:00,220
3/8/2025 9:00,206
3/8/2025 10:00,198
3/8/2025 11:00,190
3/8/2025 12:00,196
3/8/2025 13:00,157
3/8/2025 14:00,145
3/8/2025 15:00,140
3/8/2025 16:00,135
3/8/2025 17:00,142
3/8/2025 18:00,144
3/8/2025 19:00,165
3/8/2025 20:00,168
3/8/2025 21:00,180
3/8/2025 22:00,190
3/8/2025 23:00,198
3/9/2025 0:00,197
3/9/2025 1:00,195
3/9/2025 2:00,198
3/9/2025 3:00,200
3/9/2025 4:00,206
3/9/2025 5:00,215
3/9/2025 6:00,232
3/9/2025 7:00,235
3/9/2025 8:00,235
3/9/2025 9:00,230
3/9/2025 10:00,225
3/9/2025 11:00,210
3/9/2025 12:00,190
3/9/2025 13:00,175
3/9/2025 14:00,160
3/9/2025 15:00,155
3/9/2025 16:00,152
3/9/2025 17:00,145
3/9/2025 18:00,155
3/9/2025 19:00,160
3/9/2025 20:00,175
3/9/2025 21:00,184
3/9/2025 22:00,190
3/9/2025 23:00,193
3/10/2025 0:00,198
3/10/2025 1:00,195
3/10/2025 2:00,195
3/10/2025 3:00,192
3/10/2025 4:00,200
3/10/2025 5:00,212
3/10/2025 6:00,220
3/10/2025 7:00,226
3/10/2025 8:00,230
3/10/2025 9:00,230
3/10/2025 10:00,218
3/10/2025 11:00,210
3/10/2025 12:00,203
3/10/2025 13:00,180
3/10/2025 14:00,160
3/10/2025 15:00,150
3/10/2025 16:00,142
3/10/2025 17:00,135
3/10/2025 18:00,142
3/10/2025 19:00,145
3/10/2025 20:00,150
3/10/2025 21:00,175
3/10/2025 22:00,185
3/10/2025 23:00,185
3/11/2025 0:00,190
3/11/2025 1:00,190
3/11/2025 2:00,180
3/11/2025 3:00,190
3/11/2025 4:00,193
3/11/2025 5:00,205
3/11/2025 6:00,213
3/11/2025 7:00,225
3/11/2025 8:00,230
3/11/2025 9:00,232
3/11/2025 10:00,230
3/11/2025 11:00,220
3/11/2025 12:00,207
3/11/2025 13:00,192
3/11/2025 14:00,175
3/11/2025 15:00,160
3/11/2025 16:00,154
3/11/2025 17:00,150
3/11/2025 18:00,152
3/11/2025 19:00,165
3/11/2025 20:00,172
3/11/2025 21:00,170
3/11/2025 22:00,180
3/11/2025 23:00,183
3/12/2025 0:00,185
3/12/2025 1:00,180
3/12/2025 2:00,180
3/12/2025 3:00,178
3/12/2025 4:00,180
3/12/2025 5:00,200
3/12/2025 6:00,202
3/12/2025 7:00,225
3/12/2025 8:00,225
3/12/2025 9:00,217
3/12/2025 10:00,217
3/12/2025 11:00,215
3/12/2025 12:00,209
3/12/2025 13:00,193
3/12/2025 14:00,180
3/12/2025 15:00,170
3/12/2025 16:00,164
3/12/2025 17:00,160
3/12/2025 18:00,155
3/12/2025 19:00,160
3/12/2025 20:00,175
3/12/2025 21:00,185
3/12/2025 22:00,190
3/12/2025 23:00,195
3/13/2025 0:00,200
3/13/2025 1:00,195
3/13/2025 2:00,190
3/13/2025 3:00,185
3/13/2025 4:00,180
3/13/2025 5:00,185
3/13/2025 6:00,198
3/13/2025 7:00,200
3/13/2025 8:00,212
3/13/2025 9:00,210
3/13/2025 10:00,205
3/13/2025 11:00,197
3/13/2025 12:00,190
3/13/2025 13:00,184
3/13/2025 14:00,180
3/13/2025 15:00,170
3/13/2025 16:00,168
3/13/2025 17:00,160
3/13/2025 18:00,165
3/13/2025 19:00,165
3/13/2025 20:00,167
3/13/2025 21:00,180
3/13/2025 22:00,185
3/13/2025 23:00,190
3/14/2025 0:00,195
3/14/2025 1:00,182
3/14/2025 2:00,186
3/14/2025 3:00,184
3/14/2025 4:00,190
3/14/2025 5:00,193
3/14/2025 6:00,200
3/14/2025 7:00,200
3/14/2025 8:00,205
3/14/2025 9:00,210
3/14/2025 10:00,208
3/14/2025 11:00,205
3/14/2025 12:00,200
3/14/2025 13:00,195
3/14/2025 14:00,185
3/14/2025 15:00,185
3/14/2025 16:00,170
3/14/2025 17:00,170
3/14/2025 18:00,172
3/14/2025 19:00,164
3/14/2025 20:00,175
3/14/2025 21:00,188
3/14/2025 22:00,185
3/14/2025 23:00,190
3/15/2025 0:00,197
3/15/2025 1:00,193
3/15/2025 2:00,190
3/15/2025 3:00,188
3/15/2025 4:00,180
3/15/2025 5:00,195
3/15/2025 6:00,190
3/15/2025 7:00,195
3/15/2025 8:00,183
3/15/2025 9:00,185
3/15/2025 10:00,190
3/15/2025 11:00,190
3/15/2025 12:00,180
3/15/2025 13:00,167
3/15/2025 14:00,165
3/15/2025 15:00,168
3/15/2025 16:00,168
3/15/2025 17:00,165
3/15/2025 18:00,172
3/15/2025 19:00,165
3/15/2025 20:00,169
3/15/2025 21:00,175
3/15/2025 22:00,185
3/15/2025 23:00,185
3/16/2025 0:00,178
3/16/2025 1:00,175
3/16/2025 2:00,172
3/16/2025 3:00,172
3/16/2025 4:00,170
3/16/2025 5:00,175
3/16/2025 6:00,174
3/16/2025 7:00,175
3/16/2025 8:00,171
3/16/2025 9:00,175
3/16/2025 10:00,183
3/16/2025 11:00,184
3/16/2025 12:00,180
3/16/2025 13:00,175
3/16/2025 14:00,165
3/16/2025 15:00,169
3/16/2025 16:00,162
3/16/2025 17:00,160
3/16/2025 18:00,165
3/16/2025 19:00,173
3/16/2025 20:00,175
3/16/2025 21:00,185
3/16/2025 22:00,199
3/16/2025 23:00,200
3/17/2025 0:00,205
3/17/2025 1:00,202
3/17/2025 2:00,200
3/17/2025 3:00,203
3/17/2025 4:00,180
3/17/2025 5:00,185
3/17/2025 6:00,195
3/17/2025 7:00,183
3/17/2025 8:00,175
3/17/2025 9:00,168
3/17/2025 10:00,185
3/17/2025 11:00,180
3/17/2025 12:00,175
3/17/2025 13:00,175
3/17/2025 14:00,172
3/17/2025 15:00,178
3/17/2025 16:00,170
3/17/2025 17:00,165
3/17/2025 18:00,170
3/17/2025 19:00,180
3/17/2025 20:00,193
3/17/2025 21:00,205
3/17/2025 22:00,184
3/17/2025 23:00,190
3/18/2025 0:00,195
3/18/2025 1:00,193
3/18/2025 2:00,190
3/18/2025 3:00,205
3/18/2025 4:00,192
3/18/2025 5:00,190
3/18/2025 6:00,180
3/18/2025 7:00,175
3/18/2025 8:00,175
3/18/2025 9:00,175
3/18/2025 10:00,170
3/18/2025 11:00,170
3/18/2025 12:00,165
3/18/2025 13:00,164
3/18/2025 14:00,160
3/18/2025 15:00,157
3/18/2025 16:00,150
3/18/2025 17:00,153
3/18/2025 18:00,153
3/18/2025 19:00,170
3/18/2025 20:00,180
3/18/2025 21:00,195
3/18/2025 22:00,200
3/18/2025 23:00,195
3/19/2025 0:00,198
3/19/2025 1:00,202
3/19/2025 2:00,200
3/19/2025 3:00,200
3/19/2025 4:00,190
3/19/2025 5:00,190
3/19/2025 6:00,185
3/19/2025 7:00,180
3/19/2025 8:00,170
3/19/2025 9:00,170
3/19/2025 10:00,168
3/19/2025 11:00,168
3/19/2025 12:00,170
3/19/2025 13:00,160
3/19/2025 14:00,160
3/19/2025 15:00,159
3/19/2025 16:00,163
3/19/2025 17:00,165
3/19/2025 18:00,171
3/19/2025 19:00,185
3/19/2025 20:00,193
3/19/2025 21:00,204
3/19/2025 22:00,205
3/19/2025 23:00,207
3/20/2025 0:00,205
3/20/2025 1:00,197
3/20/2025 2:00,200
3/20/2025 3:00,199
3/20/2025 4:00,195
3/20/2025 5:00,185
3/20/2025 6:00,190
3/20/2025 7:00,175
3/20/2025 8:00,165
3/20/2025 9:00,160
3/20/2025 10:00,153
3/20/2025 11:00,158
3/20/2025 12:00,160
3/20/2025 13:00,158
3/20/2025 14:00,152
3/20/2025 15:00,155
3/20/2025 16:00,150
3/20/2025 17:00,158
3/20/2025 18:00,158
3/20/2025 19:00,173
3/20/2025 20:00,177
3/20/2025 21:00,186
3/20/2025 22:00,196
3/20/2025 23:00,205
3/21/2025 0:00,210
3/21/2025 1:00,212
3/21/2025 2:00,212
3/21/2025 3:00,200
3/21/2025 4:00,185
3/21/2025 5:00,180
3/21/2025 6:00,172
3/21/2025 7:00,175
3/21/2025 8:00,170
3/21/2025 9:00,165
3/21/2025 10:00,165
3/21/2025 11:00,158
3/21/2025 12:00,154
3/21/2025 13:00,148
3/21/2025 14:00,140
3/21/2025 15:00,130
3/21/2025 16:00,140
3/21/2025 17:00,140
3/21/2025 18:00,140
3/21/2025 19:00,153
3/21/2025 20:00,162
3/21/2025 21:00,175
3/21/2025 22:00,185
3/21/2025 23:00,200
3/22/2025 0:00,202
3/22/2025 1:00,200
3/22/2025 2:00,205
3/22/2025 3:00,205
3/22/2025 4:00,205
3/22/2025 5:00,200
3/22/2025 6:00,195
3/22/2025 7:00,185
3/22/2025 8:00,185
3/22/2025 9:00,190
3/22/2025 10:00,165
3/22/2025 11:00,160
3/22/2025 12:00,157
3/22/2025 13:00,155
3/22/2025 14:00,145
3/22/2025 15:00,147
3/22/2025 16:00,140
3/22/2025 17:00,140
3/22/2025 18:00,150
3/22/2025 19:00,154
3/22/2025 20:00,170
3/22/2025 21:00,180
3/22/2025 22:00,190
3/22/2025 23:00,205
3/23/2025 0:00,208
3/23/2025 1:00,215
3/23/2025 2:00,195
3/23/2025 3:00,199
3/23/2025 4:00,209
3/23/2025 5:00,210
3/23/2025 6:00,193
3/23/2025 7:00,200
3/23/2025 8:00,195
3/23/2025 9:00,187
3/23/2025 10:00,180
3/23/2025 11:00,157
3/23/2025 12:00,158
3/23/2025 13:00,143
3/23/2025 14:00,145
3/23/2025 15:00,136
3/23/2025 16:00,134
3/23/2025 17:00,142
3/23/2025 18:00,155
3/23/2025 19:00,154
3/23/2025 20:00,165
3/23/2025 21:00,167
3/23/2025 22:00,172
3/23/2025 23:00,176
3/24/2025 0:00,188
3/24/2025 1:00,198
3/24/2025 2:00,196
3/24/2025 3:00,200
3/24/2025 4:00,217
3/24/2025 5:00,215
3/24/2025 6:00,207
3/24/2025 7:00,200
3/24/2025 8:00,205
3/24/2025 9:00,190
3/24/2025 10:00,180
3/24/2025 11:00,170
3/24/2025 12:00,164
3/24/2025 13:00,155
3/24/2025 14:00,150
3/24/2025 15:00,140
3/24/2025 16:00,140
3/24/2025 17:00,140
3/24/2025 18:00,150
3/24/2025 19:00,153
3/24/2025 20:00,165
3/24/2025 21:00,165
3/24/2025 22:00,177
3/24/2025 23:00,177
3/25/2025 0:00,178
3/25/2025 1:00,190
3/25/2025 2:00,190
3/25/2025 3:00,180
3/25/2025 4:00,205
3/25/2025 5:00,200
3/25/2025 6:00,198
3/25/2025 7:00,210
3/25/2025 8:00,215
3/25/2025 9:00,190
3/25/2025 10:00,187
3/25/2025 11:00,190
3/25/2025 12:00,170
3/25/2025 13:00,155
3/25/2025 14:00,143
3/25/2025 15:00,142
3/25/2025 16:00,140
3/25/2025 17:00,145
3/25/2025 18:00,155
3/25/2025 19:00,165
3/25/2025 20:00,170
3/25/2025 21:00,171
3/25/2025 22:00,180
3/25/2025 23:00,182
3/26/2025 0:00,182
3/26/2025 1:00,180
3/26/2025 2:00,185
3/26/2025 3:00,190
3/26/2025 4:00,205
3/26/2025 5:00,200
3/26/2025 6:00,215
3/26/2025 7:00,220
3/26/2025 8:00,215
3/26/2025 9:00,210
3/26/2025 10:00,208
3/26/2025 11:00,202
3/26/2025 12:00,184
3/26/2025 13:00,173
3/26/2025 14:00,163
3/26/2025 15:00,152
3/26/2025 16:00,155
3/26/2025 17:00,145
3/26/2025 18:00,150
3/26/2025 19:00,160
3/26/2025 20:00,160
3/26/2025 21:00,181
3/26/2025 22:00,183
3/26/2025 23:00,186
3/27/2025 0:00,187
3/27/2025 1:00,180
3/27/2025 2:00,183
3/27/2025 3:00,188
3/27/2025 4:00,193
3/27/2025 5:00,200
3/27/2025 6:00,210
3/27/2025 7:00,220
3/27/2025 8:00,225
3/27/2025 9:00,235
3/27/2025 10:00,218
3/27/2025 11:00,210
3/27/2025 12:00,196
3/27/2025 13:00,190
3/27/2025 14:00,165
3/27/2025 15:00,163
3/27/2025 16:00,150
3/27/2025 17:00,154
3/27/2025 18:00,160
3/27/2025 19:00,170
3/27/2025 20:00,173
3/27/2025 21:00,194
3/27/2025 22:00,200
3/27/2025 23:00,199
3/28/2025 0:00,195
3/28/2025 1:00,189
3/28/2025 2:00,190
3/28/2025 3:00,185
3/28/2025 4:00,195
3/28/2025 5:00,200
3/28/2025 6:00,205
3/28/2025 7:00,210
3/28/2025 8:00,225
3/28/2025 9:00,227
3/28/2025 10:00,220
3/28/2025 11:00,217
3/28/2025 12:00,205
3/28/2025 13:00,200
3/28/2025 14:00,173
3/28/2025 15:00,165
3/28/2025 16:00,163
3/28/2025 17:00,165
3/28/2025 18:00,160
3/28/2025 19:00,170
3/28/2025 20:00,180
3/28/2025 21:00,200
3/28/2025 22:00,190
3/28/2025 23:00,189
3/29/2025 0:00,195
3/29/2025 1:00,190
3/29/2025 2:00,178
3/29/2025 3:00,172
3/29/2025 4:00,175
3/29/2025 5:00,175
3/29/2025 6:00,180
3/29/2025 7:00,193
3/29/2025 8:00,188
3/29/2025 9:00,182
3/29/2025 10:00,175
3/29/2025 11:00,173
3/29/2025 12:00,170
3/29/2025 13:00,157
3/29/2025 14:00,152
3/29/2025 15:00,150
3/29/2025 16:00,157
3/29/2025 17:00,152
3/29/2025 18:00,150
3/29/2025 19:00,168
3/29/2025 20:00,187
3/29/2025 21:00,197
3/29/2025 22:00,195
3/29/2025 23:00,195
3/30/2025 0:00,198
3/30/2025 1:00,187
3/30/2025 2:00,190
3/30/2025 3:00,188
3/30/2025 4:00,173
3/30/2025 5:00,175
3/30/2025 6:00,175
3/30/2025 7:00,175
3/30/2025 8:00,188
3/30/2025 9:00,190
3/30/2025 10:00,191
3/30/2025 11:00,188
3/30/2025 12:00,185
3/30/2025 13:00,173
3/30/2025 14:00,180
3/30/2025 15:00,175
3/30/2025 16:00,170
3/30/2025 17:00,168
3/30/2025 18:00,167
3/30/2025 19:00,180
3/30/2025 20:00,205
3/30/2025 21:00,213
3/30/2025 22:00,222
3/30/2025 23:00,225
3/31/2025 0:00,220
3/31/2025 1:00,205
3/31/2025 2:00,205
3/31/2025 3:00,192
3/31/2025 4:00,180
3/31/2025 5:00,178
3/31/2025 6:00,183
3/31/2025 7:00,170
3/31/2025 8:00,157
3/31/2025 9:00,160
3/31/2025 10:00,162
3/31/2025 11:00,167
3/31/2025 12:00,167
3/31/2025 13:00,180
3/31/2025 14:00,180
3/31/2025 15:00,178
3/31/2025 16:00,173
3/31/2025 17:00,173
3/31/2025 18:00,177
3/31/2025 19:00,186
3/31/2025 20:00,200
3/31/2025 21:00,208
3/31/2025 22:00,228
3/31/2025 23:00,235
4/1/2025 0:00,230
4/1/2025 1:00,225
4/1/2025 2:00,218
4/1/2025 3:00,205
4/1/2025 4:00,200
4/1/2025 5:00,195
4/1/2025 6:00,183
4/1/2025 7:00,170
4/1/2025 8:00,157
4/1/2025 9:00,160
4/1/2025 10:00,162
4/1/2025 11:00,167
4/1/2025 12:00,167
4/1/2025 13:00,162
4/1/2025 14:00,150
4/1/2025 15:00,150
4/1/2025 16:00,155
4/1/2025 17:00,165
4/1/2025 18:00,172
4/1/2025 19:00,190
4/1/2025 20:00,201
4/1/2025 21:00,217
4/1/2025 22:00,230
4/1/2025 23:00,232
4/2/2025 0:00,232
4/2/2025 1:00,235
4/2/2025 2:00,230
4/2/2025 3:00,220
4/2/2025 4:00,208
4/2/2025 5:00,198
4/2/2025 6:00,188
4/2/2025 7:00,172
4/2/2025 8:00,170
4/2/2025 9:00,162
4/2/2025 10:00,160
4/2/2025 11:00,162
4/2/2025 12:00,165
4/2/2025 13:00,158
4/2/2025 14:00,160
4/2/2025 15:00,160
4/2/2025 16:00,154
4/2/2025 17:00,170
4/2/2025 18:00,175
4/2/2025 19:00,190
4/2/2025 20:00,200
4/2/2025 21:00,210
4/2/2025 22:00,229
4/2/2025 23:00,237
4/3/2025 0:00,237
4/3/2025 1:00,245
4/3/2025 2:00,235
4/3/2025 3:00,225
4/3/2025 4:00,227
4/3/2025 5:00,215
4/3/2025 6:00,208
4/3/2025 7:00,200
4/3/2025 8:00,185
4/3/2025 9:00,172
4/3/2025 10:00,165
4/3/2025 11:00,155
4/3/2025 12:00,155
4/3/2025 13:00,157
4/3/2025 14:00,150
4/3/2025 15:00,150
4/3/2025 16:00,163
4/3/2025 17:00,163
4/3/2025 18:00,179
4/3/2025 19:00,192
4/3/2025 20:00,195
4/3/2025 21:00,204
4/3/2025 22:00,207
4/3/2025 23:00,225
4/4/2025 0:00,235
4/4/2025 1:00,235
4/4/2025 2:00,237
4/4/2025 3:00,235
4/4/2025 4:00,234
4/4/2025 5:00,230
4/4/2025 6:00,220
4/4/2025 7:00,210
4/4/2025 8:00,200
4/4/2025 9:00,188
4/4/2025 10:00,170
4/4/2025 11:00,160
4/4/2025 12:00,150
4/4/2025 13:00,142
4/4/2025 14:00,146
4/4/2025 15:00,145
4/4/2025 16:00,148
4/4/2025 17:00,160
4/4/2025 18:00,177
4/4/2025 19:00,183
4/4/2025 20:00,193
4/4/2025 21:00,195
4/4/2025 22:00,205
4/4/2025 23:00,215
4/5/2025 0:00,220
4/5/2025 1:00,230
4/5/2025 2:00,232
4/5/2025 3:00,234
4/5/2025 4:00,235
4/5/2025 5:00,235
4/5/2025 6:00,223
4/5/2025 7:00,220
4/5/2025 8:00,210
4/5/2025 9:00,200
4/5/2025 10:00,185
4/5/2025 11:00,170
4/5/2025 12:00,160
4/5/2025 13:00,150
4/5/2025 14:00,145
4/5/2025 15:00,143
4/5/2025 16:00,155
4/5/2025 17:00,162
4/5/2025 18:00,170
4/5/2025 19:00,188
4/5/2025 20:00,200
4/5/2025 21:00,200
4/5/2025 22:00,203
4/5/2025 23:00,202
4/6/2025 0:00,200
4/6/2025 1:00,200
4/6/2025 2:00,207
4/6/2025 3:00,207
4/6/2025 4:00,220
4/6/2025 5:00,220
4/6/2025 6:00,225
4/6/2025 7:00,223
4/6/2025 8:00,218
4/6/2025 9:00,206
4/6/2025 10:00,183
4/6/2025 11:00,170
4/6/2025 12:00,165
4/6/2025 13:00,160
4/6/2025 14:00,141
4/6/2025 15:00,143
4/6/2025 16:00,145
4/6/2025 17:00,154
4/6/2025 18:00,157
4/6/2025 19:00,171
4/6/2025 20:00,184
4/6/2025 21:00,190
4/6/2025 22:00,187
4/6/2025 23:00,205
4/7/2025 0:00,193
4/7/2025 1:00,208
4/7/2025 2:00,201
4/7/2025 3:00,203
4/7/2025 4:00,203
4/7/2025 5:00,210
4/7/2025 6:00,218
4/7/2025 7:00,220
4/7/2025 8:00,218
4/7/2025 9:00,210
4/7/2025 10:00,200
4/7/2025 11:00,200
4/7/2025 12:00,175
4/7/2025 13:00,165
4/7/2025 14:00,152
4/7/2025 15:00,155
4/7/2025 16:00,153
4/7/2025 17:00,146
4/7/2025 18:00,165
4/7/2025 19:00,178
4/7/2025 20:00,190
4/7/2025 21:00,200
4/7/2025 22:00,204
4/7/2025 23:00,214
4/8/2025 0:00,198
4/8/2025 1:00,195
4/8/2025 2:00,195
4/8/2025 3:00,198
4/8/2025 4:00,203
4/8/2025 5:00,209
4/8/2025 6:00,210
4/8/2025 7:00,214
4/8/2025 8:00,224
4/8/2025 9:00,220
4/8/2025 10:00,210
4/8/2025 11:00,205
4/8/2025 12:00,190
4/8/2025 13:00,184
4/8/2025 14:00,172
4/8/2025 15:00,160
4/8/2025 16:00,160
4/8/2025 17:00,165
4/8/2025 18:00,173
4/8/2025 19:00,188
4/8/2025 20:00,193
4/8/2025 21:00,204
4/8/2025 22:00,210
4/8/2025 23:00,210
4/9/2025 0:00,203
4/9/2025 1:00,200
4/9/2025 2:00,198
4/9/2025 3:00,193
4/9/2025 4:00,202
4/9/2025 5:00,203
4/9/2025 6:00,205
4/9/2025 7:00,210
4/9/2025 8:00,213
4/9/2025 9:00,215
4/9/2025 10:00,200
4/9/2025 11:00,195
4/9/2025 12:00,190
4/9/2025 13:00,180
4/9/2025 14:00,185
4/9/2025 15:00,170
4/9/2025 16:00,178
4/9/2025 17:00,176
4/9/2025 18:00,180
4/9/2025 19:00,195
4/9/2025 20:00,200
4/9/2025 21:00,202
4/9/2025 22:00,200
4/9/2025 23:00,200
4/10/2025 0:00,195
4/10/2025 1:00,193
4/10/2025 2:00,185
4/10/2025 3:00,180
4/10/2025 4:00,190
4/10/2025 5:00,190
4/10/2025 6:00,203
4/10/2025 7:00,201
4/10/2025 8:00,195
4/10/2025 9:00,200
4/10/2025 10:00,195
4/10/2025 11:00,192
4/10/2025 12:00,182
4/10/2025 13:00,178
4/10/2025 14:00,170
4/10/2025 15:00,166
4/10/2025 16:00,169
4/10/2025 17:00,172
4/10/2025 18:00,170
4/10/2025 19:00,173
4/10/2025 20:00,195
4/10/2025 21:00,195
4/10/2025 22:00,210
4/10/2025 23:00,205
4/11/2025 0:00,200
4/11/2025 1:00,198
4/11/2025 2:00,196
4/11/2025 3:00,190
4/11/2025 4:00,188
4/11/2025 5:00,190
4/11/2025 6:00,180
4/11/2025 7:00,194
4/11/2025 8:00,190
4/11/2025 9:00,190
4/11/2025 10:00,190
4/11/2025 11:00,191
4/11/2025 12:00,185
4/11/2025 13:00,190
4/11/2025 14:00,185
4/11/2025 15:00,185
4/11/2025 16:00,183
4/11/2025 17:00,187
4/11/2025 18:00,180
4/11/2025 19:00,193
4/11/2025 20:00,200
4/11/2025 21:00,212
4/11/2025 22:00,218
4/11/2025 23:00,210
4/12/2025 0:00,212
4/12/2025 1:00,205
4/12/2025 2:00,200
4/12/2025 3:00,201
4/12/2025 4:00,201
4/12/2025 5:00,193
4/12/2025 6:00,180
4/12/2025 7:00,182
4/12/2025 8:00,186
4/12/2025 9:00,187
4/12/2025 10:00,178
4/12/2025 11:00,185
4/12/2025 12:00,175
4/12/2025 13:00,176
4/12/2025 14:00,180
4/12/2025 15:00,185
4/12/2025 16:00,185
4/12/2025 17:00,185
4/12/2025 18:00,187
4/12/2025 19:00,190
4/12/2025 20:00,205
4/12/2025 21:00,215
4/12/2025 22:00,215
4/12/2025 23:00,215
4/13/2025 0:00,215
4/13/2025 1:00,205
4/13/2025 2:00,205
4/13/2025 3:00,200
4/13/2025 4:00,195
4/13/2025 5:00,190
4/13/2025 6:00,180
4/13/2025 7:00,182
4/13/2025 8:00,178
4/13/2025 9:00,165
4/13/2025 10:00,168
4/13/2025 11:00,170
4/13/2025 12:00,176
4/13/2025 13:00,183
4/13/2025 14:00,180
4/13/2025 15:00,185
4/13/2025 16:00,185
4/13/2025 17:00,188
4/13/2025 18:00,195
4/13/2025 19:00,198
4/13/2025 20:00,205
4/13/2025 21:00,218
4/13/2025 22:00,207
4/13/2025 23:00,200
4/14/2025 0:00,195
4/14/2025 1:00,205
4/14/2025 2:00,192
4/14/2025 3:00,180
4/14/2025 4:00,180
4/14/2025 5:00,170
4/14/2025 6:00,165
4/14/2025 7:00,152
4/14/2025 8:00,160
4/14/2025 9:00,157
4/14/2025 10:00,157
4/14/2025 11:00,164
4/14/2025 12:00,160
4/14/2025 13:00,167
4/14/2025 14:00,170
4/14/2025 15:00,183
4/14/2025 16:00,185
4/14/2025 17:00,191
4/14/2025 18:00,196
4/14/2025 19:00,200
4/14/2025 20:00,201
4/14/2025 21:00,205
4/14/2025 22:00,205
4/14/2025 23:00,210
4/15/2025 0:00,210
4/15/2025 1:00,205
4/15/2025 2:00,195
4/15/2025 3:00,199
4/15/2025 4:00,195
4/15/2025 5:00,184
4/15/2025 6:00,180
4/15/2025 7:00,175
4/15/2025 8:00,170
4/15/2025 9:00,165
4/15/2025 10:00,167
4/15/2025 11:00,168
4/15/2025 12:00,163
4/15/2025 13:00,165
4/15/2025 14:00,180
4/15/2025 15:00,181
4/15/2025 16:00,185
4/15/2025 17:00,188
4/15/2025 18:00,193
4/15/2025 19:00,202
4/15/2025 20:00,208
4/15/2025 21:00,214
4/15/2025 22:00,211
4/15/2025 23:00,210
4/16/2025 0:00,215
4/16/2025 1:00,212
4/16/2025 2:00,217
4/16/2025 3:00,200
4/16/2025 4:00,185
4/16/2025 5:00,185
4/16/2025 6:00,175
4/16/2025 7:00,172
4/16/2025 8:00,160
4/16/2025 9:00,155
4/16/2025 10:00,150
4/16/2025 11:00,160
4/16/2025 12:00,160
4/16/2025 13:00,163
4/16/2025 14:00,170
4/16/2025 15:00,173
4/16/2025 16:00,175
4/16/2025 17:00,180
4/16/2025 18:00,195
4/16/2025 19:00,202
4/16/2025 20:00,200
4/16/2025 21:00,207
4/16/2025 22:00,210
4/16/2025 23:00,215
4/17/2025 0:00,218
4/17/2025 1:00,218
4/17/2025 2:00,212
4/17/2025 3:00,204
4/17/2025 4:00,200
4/17/2025 5:00,183
4/17/2025 6:00,185
4/17/2025 7:00,174
4/17/2025 8:00,167
4/17/2025 9:00,157
4/17/2025 10:00,155
4/17/2025 11:00,158
4/17/2025 12:00,160
4/17/2025 13:00,161
4/17/2025 14:00,170
4/17/2025 15:00,180
4/17/2025 16:00,185
4/17/2025 17:00,195
4/17/2025 18:00,203
4/17/2025 19:00,203
4/17/2025 20:00,208
4/17/2025 21:00,215
4/17/2025 22:00,210
4/17/2025 23:00,218
4/18/2025 0:00,220
4/18/2025 1:00,220
4/18/2025 2:00,208
4/18/2025 3:00,210
4/18/2025 4:00,193
4/18/2025 5:00,185
4/18/2025 6:00,180
4/18/2025 7:00,165
4/18/2025 8:00,160
4/18/2025 9:00,150
4/18/2025 10:00,148
4/18/2025 11:00,145
4/18/2025 12:00,145
4/18/2025 13:00,142
4/18/2025 14:00,140
4/18/2025 15:00,149
4/18/2025 16:00,155
4/18/2025 17:00,165
4/18/2025 18:00,173
4/18/2025 19:00,188
4/18/2025 20:00,188
4/18/2025 21:00,195
4/18/2025 22:00,205
4/18/2025 23:00,212
4/19/2025 0:00,204
4/19/2025 1:00,210
4/19/2025 2:00,215
4/19/2025 3:00,215
4/19/2025 4:00,205
4/19/2025 5:00,206
4/19/2025 6:00,195
4/19/2025 7:00,193
4/19/2025 8:00,175
4/19/2025 9:00,162
4/19/2025 10:00,160
4/19/2025 11:00,150
4/19/2025 12:00,144
4/19/2025 13:00,147
4/19/2025 14:00,155
4/19/2025 15:00,163
4/19/2025 16:00,166
4/19/2025 17:00,176
4/19/2025 18:00,188
4/19/2025 19:00,198
4/19/2025 20:00,200
4/19/2025 21:00,200
4/19/2025 22:00,210
4/19/2025 23:00,230
4/20/2025 0:00,210
4/20/2025 1:00,200
4/20/2025 2:00,220
4/20/2025 3:00,210
4/20/2025 4:00,204
4/20/2025 5:00,206
4/20/2025 6:00,193
4/20/2025 7:00,190
4/20/2025 8:00,185
4/20/2025 9:00,178
4/20/2025 10:00,168
4/20/2025 11:00,164
4/20/2025 12:00,155
4/20/2025 13:00,157
4/20/2025 14:00,150
4/20/2025 15:00,150
4/20/2025 16:00,156
4/20/2025 17:00,165
4/20/2025 18:00,170
4/20/2025 19:00,192
4/20/2025 20:00,198
4/20/2025 21:00,206
4/20/2025 22:00,205
4/20/2025 23:00,210
4/21/2025 0:00,206
4/21/2025 1:00,210
4/21/2025 2:00,212
4/21/2025 3:00,215
4/21/2025 4:00,205
4/21/2025 5:00,200
4/21/2025 6:00,202
4/21/2025 7:00,200
4/21/2025 8:00,196
4/21/2025 9:00,183
4/21/2025 10:00,173
4/21/2025 11:00,158
4/21/2025 12:00,155
4/21/2025 13:00,144
4/21/2025 14:00,139
4/21/2025 15:00,145
4/21/2025 16:00,140
4/21/2025 17:00,145
4/21/2025 18:00,175
4/21/2025 19:00,183
4/21/2025 20:00,195
4/21/2025 21:00,203
4/21/2025 22:00,200
4/21/2025 23:00,195
4/22/2025 0:00,202
4/22/2025 1:00,202
4/22/2025 2:00,200
4/22/2025 3:00,206
4/22/2025 4:00,213
4/22/2025 5:00,210
4/22/2025 6:00,201
4/22/2025 7:00,207
4/22/2025 8:00,200
4/22/2025 9:00,190
4/22/2025 10:00,178
4/22/2025 11:00,163
4/22/2025 12:00,153
4/22/2025 13:00,155
4/22/2025 14:00,152
4/22/2025 15:00,142
4/22/2025 16:00,145
4/22/2025 17:00,153
4/22/2025 18:00,163
4/22/2025 19:00,175
4/22/2025 20:00,180
4/22/2025 21:00,190
4/22/2025 22:00,192
4/22/2025 23:00,195
4/23/2025 0:00,188
4/23/2025 1:00,190
4/23/2025 2:00,185
4/23/2025 3:00,183
4/23/2025 4:00,190
4/23/2025 5:00,197
4/23/2025 6:00,200
4/23/2025 7:00,202
4/23/2025 8:00,203
4/23/2025 9:00,192
4/23/2025 10:00,185
4/23/2025 11:00,181
4/23/2025 12:00,165
4/23/2025 13:00,159
4/23/2025 14:00,159
4/23/2025 15:00,147
4/23/2025 16:00,140
4/23/2025 17:00,150
4/23/2025 18:00,163
4/23/2025 19:00,174
4/23/2025 20:00,180
4/23/2025 21:00,194
4/23/2025 22:00,197
4/23/2025 23:00,190
4/24/2025 0:00,185
4/24/2025 1:00,182
4/24/2025 2:00,188
4/24/2025 3:00,187
4/24/2025 4:00,189
4/24/2025 5:00,189
4/24/2025 6:00,195
4/24/2025 7:00,200
4/24/2025 8:00,204
4/24/2025 9:00,200
4/24/2025 10:00,185
4/24/2025 11:00,185
4/24/2025 12:00,175
4/24/2025 13:00,168
4/24/2025 14:00,157
4/24/2025 15:00,148
4/24/2025 16:00,145
4/24/2025 17:00,168
4/24/2025 18:00,163
4/24/2025 19:00,175
4/24/2025 20:00,185
4/24/2025 21:00,193
4/24/2025 22:00,192
4/24/2025 23:00,195
4/25/2025 0:00,190
4/25/2025 1:00,179
4/25/2025 2:00,180
4/25/2025 3:00,185
4/25/2025 4:00,188
4/25/2025 5:00,187
4/25/2025 6:00,190
4/25/2025 7:00,200
4/25/2025 8:00,195
4/25/2025 9:00,197
4/25/2025 10:00,180
4/25/2025 11:00,183
4/25/2025 12:00,175
4/25/2025 13:00,183
4/25/2025 14:00,169
4/25/2025 15:00,163
4/25/2025 16:00,175
4/25/2025 17:00,169
4/25/2025 18:00,179
4/25/2025 19:00,190
4/25/2025 20:00,195
4/25/2025 21:00,193
4/25/2025 22:00,213
4/25/2025 23:00,206
4/26/2025 0:00,203
4/26/2025 1:00,202
4/26/2025 2:00,195
4/26/2025 3:00,190
4/26/2025 4:00,180
4/26/2025 5:00,177
4/26/2025 6:00,175
4/26/2025 7:00,180
4/26/2025 8:00,190
4/26/2025 9:00,194
4/26/2025 10:00,188
4/26/2025 11:00,185
4/26/2025 12:00,180
4/26/2025 13:00,183
4/26/2025 14:00,175
4/26/2025 15:00,177
4/26/2025 16:00,180
4/26/2025 17:00,175
4/26/2025 18:00,195
4/26/2025 19:00,203
4/26/2025 20:00,218
4/26/2025 21:00,220
4/26/2025 22:00,210
4/26/2025 23:00,210
4/27/2025 0:00,210
4/27/2025 1:00,190
4/27/2025 2:00,195
4/27/2025 3:00,185
4/27/2025 4:00,180
4/27/2025 5:00,170
4/27/2025 6:00,168
4/27/2025 7:00,179
4/27/2025 8:00,185
4/27/2025 9:00,177
4/27/2025 10:00,179
4/27/2025 11:00,176
4/27/2025 12:00,169
4/27/2025 13:00,172
4/27/2025 14:00,177
4/27/2025 15:00,172
4/27/2025 16:00,185
4/27/2025 17:00,193
4/27/2025 18:00,202
4/27/2025 19:00,208
4/27/2025 20:00,220
4/27/2025 21:00,230
4/27/2025 22:00,235
4/27/2025 23:00,235
4/28/2025 0:00,220
4/28/2025 1:00,215
4/28/2025 2:00,210
4/28/2025 3:00,200
4/28/2025 4:00,185
4/28/2025 5:00,175
4/28/2025 6:00,173
4/28/2025 7:00,157
4/28/2025 8:00,164
4/28/2025 9:00,167
4/28/2025 10:00,160
4/28/2025 11:00,162
4/28/2025 12:00,164
4/28/2025 13:00,168
4/28/2025 14:00,171
4/28/2025 15:00,173
4/28/2025 16:00,188
4/28/2025 17:00,196
4/28/2025 18:00,208
4/28/2025 19:00,220
4/28/2025 20:00,232
4/28/2025 21:00,240
4/28/2025 22:00,240
4/28/2025 23:00,245
4/29/2025 0:00,238
4/29/2025 1:00,234
4/29/2025 2:00,224
4/29/2025 3:00,208
4/29/2025 4:00,193
4/29/2025 5:00,177
4/29/2025 6:00,170
4/29/2025 7:00,153
4/29/2025 8:00,150
4/29/2025 9:00,150
4/29/2025 10:00,155
4/29/2025 11:00,160
4/29/2025 12:00,160
4/29/2025 13:00,170
4/29/2025 14:00,175
4/29/2025 15:00,180
4/29/2025 16:00,187
4/29/2025 17:00,198
4/29/2025 18:00,212
4/29/2025 19:00,223
4/29/2025 20:00,233
4/29/2025 21:00,245
4/29/2025 22:00,250
4/29/2025 23:00,255
4/30/2025 0:00,250
4/30/2025 1:00,250
4/30/2025 2:00,240
4/30/2025 3:00,225
4/30/2025 4:00,212
4/30/2025 5:00,200
4/30/2025 6:00,180
4/30/2025 7:00,168
4/30/2025 8:00,154
4/30/2025 9:00,145
4/30/2025 10:00,148
4/30/2025 11:00,150
4/30/2025 12:00,161
4/30/2025 13:00,155
4/30/2025 14:00,174
4/30/2025 15:00,180
4/30/2025 16:00,180
4/30/2025 17:00,186
4/30/2025 18:00,205
4/30/2025 19:00,215
4/30/2025 20:00,220
4/30/2025 21:00,225
4/30/2025 22:00,245
4/30/2025 23:00,252
5/1/2025 0:00,257
5/1/2025 1:00,250
5/1/2025 2:00,247
5/1/2025 3:00,239
5/1/2025 4:00,220
5/1/2025 5:00,205
5/1/2025 6:00,190
5/1/2025 7:00,177
5/1/2025 8:00,160
5/1/2025 9:00,150
5/1/2025 10:00,145
5/1/2025 11:00,140
5/1/2025 12:00,138
5/1/2025 13:00,148
5/1/2025 14:00,155
5/1/2025 15:00,165
5/1/2025 16:00,170
5/1/2025 17:00,180
5/1/2025 18:00,190
5/1/2025 19:00,199
5/1/2025 20:00,210
5/1/2025 21:00,220
5/1/2025 22:00,220
5/1/2025 23:00,230
5/2/2025 0:00,238
5/2/2025 1:00,240
5/2/2025 2:00,237
5/2/2025 3:00,235
5/2/2025 4:00,225
5/2/2025 5:00,222
5/2/2025 6:00,205
5/2/2025 7:00,190
5/2/2025 8:00,175
5/2/2025 9:00,165
5/2/2025 10:00,150
5/2/2025 11:00,145
5/2/2025 12:00,140
5/2/2025 13:00,143
5/2/2025 14:00,150
5/2/2025 15:00,150
5/2/2025 16:00,153
5/2/2025 17:00,177
5/2/2025 18:00,188
5/2/2025 19:00,200
5/2/2025 20:00,208
5/2/2025 21:00,206
5/2/2025 22:00,218
5/2/2025 23:00,220
5/3/2025 0:00,232
5/3/2025 1:00,237
5/3/2025 2:00,237
5/3/2025 3:00,230
5/3/2025 4:00,225
5/3/2025 5:00,220
5/3/2025 6:00,212
5/3/2025 7:00,195
5/3/2025 8:00,185
5/3/2025 9:00,145
5/3/2025 10:00,145
5/3/2025 11:00,145
5/3/2025 12:00,146
5/3/2025 13:00,144
5/3/2025 14:00,155
5/3/2025 15:00,160
5/3/2025 16:00,173
5/3/2025 17:00,176
5/3/2025 18:00,190
5/3/2025 19:00,190
5/3/2025 20:00,196
5/3/2025 21:00,210
5/3/2025 22:00,208
5/3/2025 23:00,210
5/4/2025 0:00,218
5/4/2025 1:00,221
5/4/2025 2:00,220
5/4/2025 3:00,217
5/4/2025 4:00,222
5/4/2025 5:00,225
5/4/2025 6:00,220
5/4/2025 7:00,210
5/4/2025 8:00,195
5/4/2025 9:00,180
5/4/2025 10:00,166
5/4/2025 11:00,155
5/4/2025 12:00,153
5/4/2025 13:00,148
5/4/2025 14:00,147
5/4/2025 15:00,148
5/4/2025 16:00,162
5/4/2025 17:00,170
5/4/2025 18:00,183
5/4/2025 19:00,205
5/4/2025 20:00,205
5/4/2025 21:00,212
5/4/2025 22:00,202
5/4/2025 23:00,200
5/5/2025 0:00,205
5/5/2025 1:00,200
5/5/2025 2:00,198
5/5/2025 3:00,205
5/5/2025 4:00,210
5/5/2025 5:00,215
5/5/2025 6:00,220
5/5/2025 7:00,210
5/5/2025 8:00,207
5/5/2025 9:00,198
5/5/2025 10:00,185
5/5/2025 11:00,180
5/5/2025 12:00,170
5/5/2025 13:00,165
5/5/2025 14:00,165
5/5/2025 15:00,166
5/5/2025 16:00,165
5/5/2025 17:00,175
5/5/2025 18:00,192
5/5/2025 19:00,205
5/5/2025 20:00,210
5/5/2025 21:00,210
5/5/2025 22:00,215
5/5/2025 23:00,207
5/6/2025 0:00,210
5/6/2025 1:00,200
5/6/2025 2:00,205
5/6/2025 3:00,200
5/6/2025 4:00,200
5/6/2025 5:00,205
5/6/2025 6:00,206
5/6/2025 7:00,205
5/6/2025 8:00,203
5/6/2025 9:00,195
5/6/2025 10:00,195
5/6/2025 11:00,180
5/6/2025 12:00,170
5/6/2025 13:00,168
5/6/2025 14:00,160
5/6/2025 15:00,160
5/6/2025 16:00,170
5/6/2025 17:00,171
5/6/2025 18:00,188
5/6/2025 19:00,196
5/6/2025 20:00,203
5/6/2025 21:00,207
5/6/2025 22:00,210
5/6/2025 23:00,205
5/7/2025 0:00,200
5/7/2025 1:00,201
5/7/2025 2:00,200
5/7/2025 3:00,190
5/7/2025 4:00,195
5/7/2025 5:00,195
5/7/2025 6:00,195
5/7/2025 7:00,188
5/7/2025 8:00,200
5/7/2025 9:00,195
5/7/2025 10:00,187
5/7/2025 11:00,182
5/7/2025 12:00,177
5/7/2025 13:00,175
5/7/2025 14:00,163
5/7/2025 15:00,165
5/7/2025 16:00,173
5/7/2025 17:00,185
5/7/2025 18:00,190
5/7/2025 19:00,199
5/7/2025 20:00,218
5/7/2025 21:00,217
5/7/2025 22:00,214
5/7/2025 23:00,210
5/8/2025 0:00,195
5/8/2025 1:00,197
5/8/2025 2:00,195
5/8/2025 3:00,195
5/8/2025 4:00,180
5/8/2025 5:00,193
5/8/2025 6:00,190
5/8/2025 7:00,195
5/8/2025 8:00,195
5/8/2025 9:00,193
5/8/2025 10:00,182
5/8/2025 11:00,183
5/8/2025 12:00,185
5/8/2025 13:00,185
5/8/2025 14:00,180
5/8/2025 15:00,175
5/8/2025 16:00,188
5/8/2025 17:00,198
5/8/2025 18:00,201
5/8/2025 19:00,210
5/8/2025 20:00,220
5/8/2025 21:00,225
5/8/2025 22:00,215
5/8/2025 23:00,215
5/9/2025 0:00,202
5/9/2025 1:00,198
5/9/2025 2:00,195
5/9/2025 3:00,195
5/9/2025 4:00,189
5/9/2025 5:00,185
5/9/2025 6:00,180
5/9/2025 7:00,178
5/9/2025 8:00,175
5/9/2025 9:00,173
5/9/2025 10:00,178
5/9/2025 11:00,175
5/9/2025 12:00,175
5/9/2025 13:00,175
5/9/2025 14:00,178
5/9/2025 15:00,179
5/9/2025 16:00,182
5/9/2025 17:00,195
5/9/2025 18:00,199
5/9/2025 19:00,219
5/9/2025 20:00,220
5/9/2025 21:00,213
5/9/2025 22:00,219
5/9/2025 23:00,212
5/10/2025 0:00,206
5/10/2025 1:00,200
5/10/2025 2:00,198
5/10/2025 3:00,193
5/10/2025 4:00,175
5/10/2025 5:00,167
5/10/2025 6:00,162
5/10/2025 7:00,155
5/10/2025 8:00,165
5/10/2025 9:00,163
5/10/2025 10:00,160
5/10/2025 11:00,162
5/10/2025 12:00,170
5/10/2025 13:00,172
5/10/2025 14:00,180
5/10/2025 15:00,185
5/10/2025 16:00,184
5/10/2025 17:00,190
5/10/2025 18:00,198
5/10/2025 19:00,210
5/10/2025 20:00,220
5/10/2025 21:00,222
5/10/2025 22:00,218
5/10/2025 23:00,212
5/11/2025 0:00,210
5/11/2025 1:00,202
5/11/2025 2:00,188
5/11/2025 3:00,195
5/11/2025 4:00,195
5/11/2025 5:00,170
5/11/2025 6:00,158
5/11/2025 7:00,167
5/11/2025 8:00,170
5/11/2025 9:00,160
5/11/2025 10:00,168
5/11/2025 11:00,170
5/11/2025 12:00,170
5/11/2025 13:00,175
5/11/2025 14:00,180
5/11/2025 15:00,187
5/11/2025 16:00,195
5/11/2025 17:00,205
5/11/2025 18:00,212
5/11/2025 19:00,220
5/11/2025 20:00,220
5/11/2025 21:00,225
5/11/2025 22:00,223
5/11/2025 23:00,213
5/12/2025 0:00,209
5/12/2025 1:00,206
5/12/2025 2:00,190
5/12/2025 3:00,190
5/12/2025 4:00,185
5/12/2025 5:00,173
5/12/2025 6:00,160
5/12/2025 7:00,155
5/12/2025 8:00,149
5/12/2025 9:00,153
5/12/2025 10:00,155
5/12/2025 11:00,155
5/12/2025 12:00,165
5/12/2025 13:00,167
5/12/2025 14:00,183
5/12/2025 15:00,180
5/12/2025 16:00,185
5/12/2025 17:00,197
5/12/2025 18:00,210
5/12/2025 19:00,215
5/12/2025 20:00,220
5/12/2025 21:00,220
5/12/2025 22:00,235
5/12/2025 23:00,211
5/13/2025 0:00,205
5/13/2025 1:00,197
5/13/2025 2:00,198
5/13/2025 3:00,190
5/13/2025 4:00,175
5/13/2025 5:00,165
5/13/2025 6:00,160
5/13/2025 7:00,157
5/13/2025 8:00,153
5/13/2025 9:00,153
5/13/2025 10:00,150
5/13/2025 11:00,152
5/13/2025 12:00,160
5/13/2025 13:00,170
5/13/2025 14:00,180
5/13/2025 15:00,190
5/13/2025 16:00,197
5/13/2025 17:00,210
5/13/2025 18:00,211
5/13/2025 19:00,215
5/13/2025 20:00,220
5/13/2025 21:00,222
5/13/2025 22:00,228
5/13/2025 23:00,220
5/14/2025 0:00,218
5/14/2025 1:00,210
5/14/2025 2:00,202
5/14/2025 3:00,205
5/14/2025 4:00,188
5/14/2025 5:00,173
5/14/2025 6:00,164
5/14/2025 7:00,160
5/14/2025 8:00,153
5/14/2025 9:00,150
5/14/2025 10:00,150
5/14/2025 11:00,158
5/14/2025 12:00,162
5/14/2025 13:00,172
5/14/2025 14:00,172
5/14/2025 15:00,180
5/14/2025 16:00,190
5/14/2025 17:00,203
5/14/2025 18:00,205
5/14/2025 19:00,218
5/14/2025 20:00,225
5/14/2025 21:00,220
5/14/2025 22:00,228
5/14/2025 23:00,233
5/15/2025 0:00,230
5/15/2025 1:00,218
5/15/2025 2:00,212
5/15/2025 3:00,195
5/15/2025 4:00,185
5/15/2025 5:00,178
5/15/2025 6:00,179
5/15/2025 7:00,165
5/15/2025 8:00,150
5/15/2025 9:00,153
5/15/2025 10:00,152
5/15/2025 11:00,158
5/15/2025 12:00,155
5/15/2025 13:00,156
5/15/2025 14:00,165
5/15/2025 15:00,180
5/15/2025 16:00,190
5/15/2025 17:00,194
5/15/2025 18:00,210
5/15/2025 19:00,217
5/15/2025 20:00,225
5/15/2025 21:00,230
5/15/2025 22:00,235
5/15/2025 23:00,231
5/16/2025 0:00,227
5/16/2025 1:00,222
5/16/2025 2:00,213
5/16/2025 3:00,210
5/16/2025 4:00,192
5/16/2025 5:00,189
5/16/2025 6:00,178
5/16/2025 7:00,165
5/16/2025 8:00,150
5/16/2025 9:00,155
5/16/2025 10:00,150
5/16/2025 11:00,148
5/16/2025 12:00,152
5/16/2025 13:00,154
5/16/2025 14:00,155
5/16/2025 15:00,168
5/16/2025 16:00,183
5/16/2025 17:00,193
5/16/2025 18:00,198
5/16/2025 19:00,216
5/16/2025 20:00,220
5/16/2025 21:00,225
5/16/2025 22:00,228
5/16/2025 23:00,222
5/17/2025 0:00,223
5/17/2025 1:00,218
5/17/2025 2:00,216
5/17/2025 3:00,214
5/17/2025 4:00,208
5/17/2025 5:00,200
5/17/2025 6:00,187
5/17/2025 7:00,175
5/17/2025 8:00,170
5/17/2025 9:00,153
5/17/2025 10:00,158
5/17/2025 11:00,163
5/17/2025 12:00,159
5/17/2025 13:00,155
5/17/2025 14:00,158
5/17/2025 15:00,170
5/17/2025 16:00,178
5/17/2025 17:00,195
5/17/2025 18:00,206
5/17/2025 19:00,223
5/17/2025 20:00,225
5/17/2025 21:00,228
5/17/2025 22:00,230
5/17/2025 23:00,225
5/18/2025 0:00,230
5/18/2025 1:00,225
5/18/2025 2:00,215
5/18/2025 3:00,215
5/18/2025 4:00,215
5/18/2025 5:00,210
5/18/2025 6:00,200
5/18/2025 7:00,195
5/18/2025 8:00,183
5/18/2025 9:00,170
5/18/2025 10:00,170
5/18/2025 11:00,153
5/18/2025 12:00,157
5/18/2025 13:00,153
5/18/2025 14:00,160
5/18/2025 15:00,169
5/18/2025 16:00,178
5/18/2025 17:00,190
5/18/2025 18:00,200
5/18/2025 19:00,210
5/18/2025 20:00,218
5/18/2025 21:00,220
5/18/2025 22:00,225
5/18/2025 23:00,220
5/19/2025 0:00,220
5/19/2025 1:00,213
5/19/2025 2:00,215
5/19/2025 3:00,220
5/19/2025 4:00,220
5/19/2025 5:00,215
5/19/2025 6:00,215
5/19/2025 7:00,205
5/19/2025 8:00,195
5/19/2025 9:00,175
5/19/2025 10:00,160
5/19/2025 11:00,157
5/19/2025 12:00,155
5/19/2025 13:00,153
5/19/2025 14:00,160
5/19/2025 15:00,168
5/19/2025 16:00,172
5/19/2025 17:00,188
5/19/2025 18:00,203
5/19/2025 19:00,210
5/19/2025 20:00,217
5/19/2025 21:00,212
5/19/2025 22:00,215
5/19/2025 23:00,218
5/20/2025 0:00,220
5/20/2025 1:00,218
5/20/2025 2:00,217
5/20/2025 3:00,214
5/20/2025 4:00,214
5/20/2025 5:00,218
5/20/2025 6:00,210
5/20/2025 7:00,205
5/20/2025 8:00,205
5/20/2025 9:00,190
5/20/2025 10:00,185
5/20/2025 11:00,165
5/20/2025 12:00,161
5/20/2025 13:00,165
5/20/2025 14:00,163
5/20/2025 15:00,165
5/20/2025 16:00,175
5/20/2025 17:00,188
5/20/2025 18:00,200
5/20/2025 19:00,205
5/20/2025 20:00,218
5/20/2025 21:00,220
5/20/2025 22:00,223
5/20/2025 23:00,220
5/21/2025 0:00,220
5/21/2025 1:00,218
5/21/2025 2:00,215
5/21/2025 3:00,218
5/21/2025 4:00,218
5/21/2025 5:00,217
5/21/2025 6:00,221
5/21/2025 7:00,218
5/21/2025 8:00,210
5/21/2025 9:00,201
5/21/2025 10:00,193
5/21/2025 11:00,190
5/21/2025 12:00,175
5/21/2025 13:00,170
5/21/2025 14:00,175
5/21/2025 15:00,180
5/21/2025 16:00,183
5/21/2025 17:00,198
5/21/2025 18:00,207
5/21/2025 19:00,226
5/21/2025 20:00,232
5/21/2025 21:00,235
5/21/2025 22:00,230
5/21/2025 23:00,220
5/22/2025 0:00,215
5/22/2025 1:00,220
5/22/2025 2:00,215
5/22/2025 3:00,207
5/22/2025 4:00,215
5/22/2025 5:00,209
5/22/2025 6:00,212
5/22/2025 7:00,218
5/22/2025 8:00,210
5/22/2025 9:00,210
5/22/2025 10:00,205
5/22/2025 11:00,192
5/22/2025 12:00,171
5/22/2025 13:00,180
5/22/2025 14:00,182
5/22/2025 15:00,172
5/22/2025 16:00,185
5/22/2025 17:00,197
5/22/2025 18:00,210
5/22/2025 19:00,212
5/22/2025 20:00,225
5/22/2025 21:00,227
5/22/2025 22:00,220
5/22/2025 23:00,222
5/23/2025 0:00,210
5/23/2025 1:00,212
5/23/2025 2:00,200
5/23/2025 3:00,198
5/23/2025 4:00,195
5/23/2025 5:00,194
5/23/2025 6:00,197
5/23/2025 7:00,200
5/23/2025 8:00,198
5/23/2025 9:00,207
5/23/2025 10:00,209
5/23/2025 11:00,202
5/23/2025 12:00,182
5/23/2025 13:00,178
5/23/2025 14:00,175
5/23/2025 15:00,172
5/23/2025 16:00,185
5/23/2025 17:00,200
5/23/2025 18:00,215
5/23/2025 19:00,220
5/23/2025 20:00,225
5/23/2025 21:00,230
5/23/2025 22:00,225
5/23/2025 23:00,224
5/24/2025 0:00,220
5/24/2025 1:00,200
5/24/2025 2:00,190
5/24/2025 3:00,180
5/24/2025 4:00,175
5/24/2025 5:00,170
5/24/2025 6:00,185
5/24/2025 7:00,192
5/24/2025 8:00,189
5/24/2025 9:00,183
5/24/2025 10:00,187
5/24/2025 11:00,185
5/24/2025 12:00,180
5/24/2025 13:00,177
5/24/2025 14:00,178
5/24/2025 15:00,175
5/24/2025 16:00,190
5/24/2025 17:00,207
5/24/2025 18:00,213
5/24/2025 19:00,225
5/24/2025 20:00,240
5/24/2025 21:00,240
5/24/2025 22:00,230
5/24/2025 23:00,238
5/25/2025 0:00,220
5/25/2025 1:00,210
5/25/2025 2:00,200
5/25/2025 3:00,190
5/25/2025 4:00,178
5/25/2025 5:00,173
5/25/2025 6:00,190
5/25/2025 7:00,190
5/25/2025 8:00,190
5/25/2025 9:00,165
5/25/2025 10:00,168
5/25/2025 11:00,170
5/25/2025 12:00,172
5/25/2025 13:00,170
5/25/2025 14:00,185
5/25/2025 15:00,183
5/25/2025 16:00,177
5/25/2025 17:00,208
5/25/2025 18:00,225
5/25/2025 19:00,230
5/25/2025 20:00,240
5/25/2025 21:00,244
5/25/2025 22:00,240
5/25/2025 23:00,237
5/26/2025 0:00,224
5/26/2025 1:00,220
5/26/2025 2:00,202
5/26/2025 3:00,190
5/26/2025 4:00,168
5/26/2025 5:00,165
5/26/2025 6:00,153
5/26/2025 7:00,155
5/26/2025 8:00,160
5/26/2025 9:00,161
5/26/2025 10:00,161
5/26/2025 11:00,160
5/26/2025 12:00,163
5/26/2025 13:00,173
5/26/2025 14:00,175
5/26/2025 15:00,201
5/26/2025 16:00,208
5/26/2025 17:00,210
5/26/2025 18:00,230
5/26/2025 19:00,245
5/26/2025 20:00,243
5/26/2025 21:00,255
5/26/2025 22:00,248
5/26/2025 23:00,252
5/27/2025 0:00,230
5/27/2025 1:00,230
5/27/2025 2:00,206
5/27/2025 3:00,188
5/27/2025 4:00,170
5/27/2025 5:00,155
5/27/2025 6:00,140
5/27/2025 7:00,140
5/27/2025 8:00,143
5/27/2025 9:00,144
5/27/2025 10:00,144
5/27/2025 11:00,154
5/27/2025 12:00,155
5/27/2025 13:00,160
5/27/2025 14:00,170
5/27/2025 15:00,183
5/27/2025 16:00,191
5/27/2025 17:00,200
5/27/2025 18:00,220
5/27/2025 19:00,229
5/27/2025 20:00,240
5/27/2025 21:00,249
5/27/2025 22:00,252
5/27/2025 23:00,245
5/28/2025 0:00,238
5/28/2025 1:00,230
5/28/2025 2:00,215
5/28/2025 3:00,200
5/28/2025 4:00,180
5/28/2025 5:00,165
5/28/2025 6:00,142
5/28/2025 7:00,135
5/28/2025 8:00,135
5/28/2025 9:00,140
5/28/2025 10:00,145
5/28/2025 11:00,148
5/28/2025 12:00,154
5/28/2025 13:00,163
5/28/2025 14:00,169
5/28/2025 15:00,180
5/28/2025 16:00,184
5/28/2025 17:00,200
5/28/2025 18:00,212
5/28/2025 19:00,218
5/28/2025 20:00,234
5/28/2025 21:00,242
5/28/2025 22:00,245
5/28/2025 23:00,246
5/29/2025 0:00,248
5/29/2025 1:00,240
5/29/2025 2:00,240
5/29/2025 3:00,218
5/29/2025 4:00,205
5/29/2025 5:00,182
5/29/2025 6:00,170
5/29/2025 7:00,155
5/29/2025 8:00,146
5/29/2025 9:00,140
5/29/2025 10:00,148
5/29/2025 11:00,148
5/29/2025 12:00,155
5/29/2025 13:00,158
5/29/2025 14:00,162
5/29/2025 15:00,180
5/29/2025 16:00,195
5/29/2025 17:00,210
5/29/2025 18:00,220
5/29/2025 19:00,229
5/29/2025 20:00,240
5/29/2025 21:00,245
5/29/2025 22:00,245
5/29/2025 23:00,253
5/30/2025 0:00,250
5/30/2025 1:00,245
5/30/2025 2:00,238
5/30/2025 3:00,235
5/30/2025 4:00,228
5/30/2025 5:00,205
5/30/2025 6:00,190
5/30/2025 7:00,152
5/30/2025 8:00,155
5/30/2025 9:00,147
5/30/2025 10:00,155
5/30/2025 11:00,150
5/30/2025 12:00,150
5/30/2025 13:00,167
5/30/2025 14:00,170
5/30/2025 15:00,192
5/30/2025 16:00,197
5/30/2025 17:00,197
5/30/2025 18:00,210
5/30/2025 19:00,213
5/30/2025 20:00,222
5/30/2025 21:00,225
5/30/2025 22:00,239
5/30/2025 23:00,242
5/31/2025 0:00,245
5/31/2025 1:00,240
5/31/2025 2:00,230
5/31/2025 3:00,230
5/31/2025 4:00,222
5/31/2025 5:00,210
5/31/2025 6:00,203
5/31/2025 7:00,185
5/31/2025 8:00,169
5/31/2025 9:00,155
5/31/2025 10:00,150
5/31/2025 11:00,142
5/31/2025 12:00,145
5/31/2025 13:00,143
5/31/2025 14:00,150
5/31/2025 15:00,154
5/31/2025 16:00,170
5/31/2025 17:00,185
5/31/2025 18:00,193
5/31/2025 19:00,198
5/31/2025 20:00,210
5/31/2025 21:00,210
5/31/2025 22:00,223
5/31/2025 23:00,226
6/1/2025 0:00,235
6/1/2025 1:00,225
6/1/2025 2:00,223
6/1/2025 3:00,217
6/1/2025 4:00,210
6/1/2025 5:00,208
6/1/2025 6:00,192
6/1/2025 7:00,192
6/1/2025 8:00,175
6/1/2025 9:00,169
6/1/2025 10:00,160
6/1/2025 11:00,153
6/1/2025 12:00,148
6/1/2025 13:00,143
6/1/2025 14:00,155
6/1/2025 15:00,163
6/1/2025 16:00,178
6/1/2025 17:00,190
6/1/2025 18:00,208
6/1/2025 19:00,208
6/1/2025 20:00,217
6/1/2025 21:00,217
6/1/2025 22:00,215
6/1/2025 23:00,215
6/2/2025 0:00,217
6/2/2025 1:00,210
6/2/2025 2:00,208
6/2/2025 3:00,210
6/2/2025 4:00,207
6/2/2025 5:00,200
6/2/2025 6:00,198
6/2/2025 7:00,190
6/2/2025 8:00,179
6/2/2025 9:00,169
6/2/2025 10:00,173
6/2/2025 11:00,155
6/2/2025 12:00,150
6/2/2025 13:00,155
6/2/2025 14:00,157
6/2/2025 15:00,168
6/2/2025 16:00,175
6/2/2025 17:00,185
6/2/2025 18:00,194
6/2/2025 19:00,205
6/2/2025 20:00,209
6/2/2025 21:00,210
6/2/2025 22:00,213
6/2/2025 23:00,214
6/3/2025 0:00,213
6/3/2025 1:00,215
6/3/2025 2:00,213
6/3/2025 3:00,218
6/3/2025 4:00,206
6/3/2025 5:00,198
6/3/2025 6:00,203
6/3/2025 7:00,195
6/3/2025 8:00,198
6/3/2025 9:00,199
6/3/2025 10:00,182
6/3/2025 11:00,175
6/3/2025 12:00,172
6/3/2025 13:00,166
6/3/2025 14:00,176
6/3/2025 15:00,183
6/3/2025 16:00,189
6/3/2025 17:00,196
6/3/2025 18:00,208
6/3/2025 19:00,210
6/3/2025 20:00,225
6/3/2025 21:00,220
6/3/2025 22:00,220
6/3/2025 23:00,212
6/4/2025 0:00,210
6/4/2025 1:00,200
6/4/2025 2:00,205
6/4/2025 3:00,190
6/4/2025 4:00,186
6/4/2025 5:00,190
6/4/2025 6:00,182
6/4/2025 7:00,190
6/4/2025 8:00,192
6/4/2025 9:00,190
6/4/2025 10:00,190
6/4/2025 11:00,178
6/4/2025 12:00,172
6/4/2025 13:00,172
6/4/2025 14:00,170
6/4/2025 15:00,175
6/4/2025 16:00,181
6/4/2025 17:00,195
6/4/2025 18:00,209
6/4/2025 19:00,218
6/4/2025 20:00,220
6/4/2025 21:00,220
6/4/2025 22:00,220
6/4/2025 23:00,205
6/5/2025 0:00,205
6/5/2025 1:00,200
6/5/2025 2:00,191
6/5/2025 3:00,190
6/5/2025 4:00,177
6/5/2025 5:00,175
6/5/2025 6:00,170
6/5/2025 7:00,190
6/5/2025 8:00,190
6/5/2025 9:00,180
6/5/2025 10:00,192
6/5/2025 11:00,188
6/5/2025 12:00,185
6/5/2025 13:00,183
6/5/2025 14:00,190
6/5/2025 15:00,190
6/5/2025 16:00,202
6/5/2025 17:00,208
6/5/2025 18:00,218
6/5/2025 19:00,220
6/5/2025 20:00,221
6/5/2025 21:00,225
6/5/2025 22:00,226
6/5/2025 23:00,224
6/6/2025 0:00,220
6/6/2025 1:00,214
6/6/2025 2:00,202
6/6/2025 3:00,185
6/6/2025 4:00,179
6/6/2025 5:00,175
6/6/2025 6:00,185
6/6/2025 7:00,178
6/6/2025 8:00,183
6/6/2025 9:00,183
6/6/2025 10:00,178
6/6/2025 11:00,183
6/6/2025 12:00,190
6/6/2025 13:00,187
6/6/2025 14:00,197
6/6/2025 15:00,190
6/6/2025 16:00,202
6/6/2025 17:00,210
6/6/2025 18:00,220
6/6/2025 19:00,225
6/6/2025 20:00,213
6/6/2025 21:00,230
6/6/2025 22:00,228
6/6/2025 23:00,225
6/7/2025 0:00,210
6/7/2025 1:00,198
6/7/2025 2:00,195
6/7/2025 3:00,190
6/7/2025 4:00,180
6/7/2025 5:00,175
6/7/2025 6:00,170
6/7/2025 7:00,168
6/7/2025 8:00,165
6/7/2025 9:00,170
6/7/2025 10:00,177
6/7/2025 11:00,184
6/7/2025 12:00,190
6/7/2025 13:00,188
6/7/2025 14:00,188
6/7/2025 15:00,195
6/7/2025 16:00,198
6/7/2025 17:00,205
6/7/2025 18:00,220
6/7/2025 19:00,223
6/7/2025 20:00,227
6/7/2025 21:00,220
6/7/2025 22:00,222
6/7/2025 23:00,217
6/8/2025 0:00,203
6/8/2025 1:00,200
6/8/2025 2:00,193
6/8/2025 3:00,175
6/8/2025 4:00,165
6/8/2025 5:00,158
6/8/2025 6:00,158
6/8/2025 7:00,160
6/8/2025 8:00,162
6/8/2025 9:00,165
6/8/2025 10:00,170
6/8/2025 11:00,185
6/8/2025 12:00,190
6/8/2025 13:00,185
6/8/2025 14:00,192
6/8/2025 15:00,203
6/8/2025 16:00,205
6/8/2025 17:00,218
6/8/2025 18:00,219
6/8/2025 19:00,235
6/8/2025 20:00,235
6/8/2025 21:00,232
6/8/2025 22:00,230
6/8/2025 23:00,229
6/9/2025 0:00,220
6/9/2025 1:00,210
6/9/2025 2:00,203
6/9/2025 3:00,190
6/9/2025 4:00,175
6/9/2025 5:00,165
6/9/2025 6:00,160
6/9/2025 7:00,157
6/9/2025 8:00,164
6/9/2025 9:00,160
6/9/2025 10:00,163
6/9/2025 11:00,175
6/9/2025 12:00,178
6/9/2025 13:00,194
6/9/2025 14:00,202
6/9/2025 15:00,213
6/9/2025 16:00,218
6/9/2025 17:00,220
6/9/2025 18:00,230
6/9/2025 19:00,232
6/9/2025 20:00,235
6/9/2025 21:00,232
6/9/2025 22:00,233
6/9/2025 23:00,223
6/10/2025 0:00,220
6/10/2025 1:00,208
6/10/2025 2:00,205
6/10/2025 3:00,190
6/10/2025 4:00,174
6/10/2025 5:00,154
6/10/2025 6:00,152
6/10/2025 7:00,150
6/10/2025 8:00,159
6/10/2025 9:00,155
6/10/2025 10:00,160
6/10/2025 11:00,174
6/10/2025 12:00,190
6/10/2025 13:00,193
6/10/2025 14:00,201
6/10/2025 15:00,210
6/10/2025 16:00,210
6/10/2025 17:00,218
6/10/2025 18:00,230
6/10/2025 19:00,238
6/10/2025 20:00,235
6/10/2025 21:00,245
6/10/2025 22:00,240
6/10/2025 23:00,235
6/11/2025 0:00,205
6/11/2025 1:00,218
6/11/2025 2:00,205
6/11/2025 3:00,195
6/11/2025 4:00,186
6/11/2025 5:00,175
6/11/2025 6:00,165
6/11/2025 7:00,159
6/11/2025 8:00,160
6/11/2025 9:00,160
6/11/2025 10:00,160
6/11/2025 11:00,168
6/11/2025 12:00,180
6/11/2025 13:00,185
6/11/2025 14:00,190
6/11/2025 15:00,197
6/11/2025 16:00,210
6/11/2025 17:00,210
6/11/2025 18:00,225
6/11/2025 19:00,229
6/11/2025 20:00,238
6/11/2025 21:00,242
6/11/2025 22:00,240
6/11/2025 23:00,230
6/12/2025 0:00,228
6/12/2025 1:00,225
6/12/2025 2:00,205
6/12/2025 3:00,182
6/12/2025 4:00,187
6/12/2025 5:00,180
6/12/2025 6:00,168
6/12/2025 7:00,155
6/12/2025 8:00,155
6/12/2025 9:00,150
6/12/2025 10:00,153
6/12/2025 11:00,160
6/12/2025 12:00,172
6/12/2025 13:00,180
6/12/2025 14:00,192
6/12/2025 15:00,204
6/12/2025 16:00,216
6/12/2025 17:00,200
6/12/2025 18:00,228
6/12/2025 19:00,235
6/12/2025 20:00,245
6/12/2025 21:00,253
6/12/2025 22:00,249
6/12/2025 23:00,245
6/13/2025 0:00,244
6/13/2025 1:00,240
6/13/2025 2:00,230
6/13/2025 3:00,225
6/13/2025 4:00,210
6/13/2025 5:00,195
6/13/2025 6:00,180
6/13/2025 7:00,172
6/13/2025 8:00,172
6/13/2025 9:00,165
6/13/2025 10:00,171
6/13/2025 11:00,171
6/13/2025 12:00,175
6/13/2025 13:00,178
6/13/2025 14:00,195
6/13/2025 15:00,208
6/13/2025 16:00,215
6/13/2025 17:00,222
6/13/2025 18:00,222
6/13/2025 19:00,238
6/13/2025 20:00,240
6/13/2025 21:00,240
6/13/2025 22:00,252
6/13/2025 23:00,243
6/14/2025 0:00,242
6/14/2025 1:00,228
6/14/2025 2:00,218
6/14/2025 3:00,210
6/14/2025 4:00,210
6/14/2025 5:00,198
6/14/2025 6:00,195
6/14/2025 7:00,177
6/14/2025 8:00,166
6/14/2025 9:00,153
6/14/2025 10:00,162
6/14/2025 11:00,175
6/14/2025 12:00,185
6/14/2025 13:00,180
6/14/2025 14:00,195
6/14/2025 15:00,193
6/14/2025 16:00,214
6/14/2025 17:00,180
6/14/2025 18:00,200
6/14/2025 19:00,216
6/14/2025 20:00,233
6/14/2025 21:00,238
6/14/2025 22:00,240
6/14/2025 23:00,248
6/15/2025 0:00,240
6/15/2025 1:00,232
6/15/2025 2:00,220
6/15/2025 3:00,219
6/15/2025 4:00,215
6/15/2025 5:00,205
6/15/2025 6:00,180
6/15/2025 7:00,185
6/15/2025 8:00,172
6/15/2025 9:00,160
6/15/2025 10:00,164
6/15/2025 11:00,160
6/15/2025 12:00,162
6/15/2025 13:00,164
6/15/2025 14:00,174
6/15/2025 15:00,183
6/15/2025 16:00,193
6/15/2025 17:00,205
6/15/2025 18:00,215
6/15/2025 19:00,220
6/15/2025 20:00,230
6/15/2025 21:00,236
6/15/2025 22:00,243
6/15/2025 23:00,240
6/16/2025 0:00,245
6/16/2025 1:00,245
6/16/2025 2:00,230
6/16/2025 3:00,220
6/16/2025 4:00,217
6/16/2025 5:00,210
6/16/2025 6:00,205
6/16/2025 7:00,193
6/16/2025 8:00,191
6/16/2025 9:00,175
6/16/2025 10:00,170
6/16/2025 11:00,162
6/16/2025 12:00,167
6/16/2025 13:00,165
6/16/2025 14:00,175
6/16/2025 15:00,188
6/16/2025 16:00,198
6/16/2025 17:00,210
6/16/2025 18:00,220
6/16/2025 19:00,220
6/16/2025 20:00,228
6/16/2025 21:00,230
6/16/2025 22:00,230
6/16/2025 23:00,240
6/17/2025 0:00,236
6/17/2025 1:00,238
6/17/2025 2:00,237
6/17/2025 3:00,218
6/17/2025 4:00,220
6/17/2025 5:00,215
6/17/2025 6:00,208
6/17/2025 7:00,200
6/17/2025 8:00,195
6/17/2025 9:00,180
6/17/2025 10:00,178
6/17/2025 11:00,170
6/17/2025 12:00,168
6/17/2025 13:00,170
6/17/2025 14:00,170
6/17/2025 15:00,183
6/17/2025 16:00,195
6/17/2025 17:00,205
6/17/2025 18:00,208
6/17/2025 19:00,216
6/17/2025 20:00,225
6/17/2025 21:00,225
6/17/2025 22:00,220
6/17/2025 23:00,221
6/18/2025 0:00,220
6/18/2025 1:00,217
6/18/2025 2:00,215
6/18/2025 3:00,215
6/18/2025 4:00,215
6/18/2025 5:00,210
6/18/2025 6:00,215
6/18/2025 7:00,202
6/18/2025 8:00,190
6/18/2025 9:00,182
6/18/2025 10:00,174
6/18/2025 11:00,170
6/18/2025 12:00,168
6/18/2025 13:00,175
6/18/2025 14:00,170
6/18/2025 15:00,174
6/18/2025 16:00,188
6/18/2025 17:00,193
6/18/2025 18:00,210
6/18/2025 19:00,217
6/18/2025 20:00,220
6/18/2025 21:00,225
6/18/2025 22:00,220
6/18/2025 23:00,214
6/19/2025 0:00,212
6/19/2025 1:00,205
6/19/2025 2:00,203
6/19/2025 3:00,197
6/19/2025 4:00,188
6/19/2025 5:00,185
6/19/2025 6:00,190
6/19/2025 7:00,193
6/19/2025 8:00,195
6/19/2025 9:00,195
6/19/2025 10:00,187
6/19/2025 11:00,190
6/19/2025 12:00,180
6/19/2025 13:00,188
6/19/2025 14:00,185
6/19/2025 15:00,190
6/19/2025 16:00,200
6/19/2025 17:00,200
6/19/2025 18:00,215
6/19/2025 19:00,220
6/19/2025 20:00,218
6/19/2025 21:00,215
6/19/2025 22:00,215
6/19/2025 23:00,207
6/20/2025 0:00,200
6/20/2025 1:00,193
6/20/2025 2:00,193
6/20/2025 3:00,188
6/20/2025 4:00,185
6/20/2025 5:00,190
6/20/2025 6:00,185
6/20/2025 7:00,180
6/20/2025 8:00,183
6/20/2025 9:00,175
6/20/2025 10:00,170
6/20/2025 11:00,168
6/20/2025 12:00,180
6/20/2025 13:00,176
6/20/2025 14:00,183
6/20/2025 15:00,189
6/20/2025 16:00,195
6/20/2025 17:00,207
6/20/2025 18:00,215
6/20/2025 19:00,228
6/20/2025 20:00,235
6/20/2025 21:00,230
6/20/2025 22:00,232
6/20/2025 23:00,220
6/21/2025 0:00,210
6/21/2025 1:00,200
6/21/2025 2:00,190
6/21/2025 3:00,180
6/21/2025 4:00,178
6/21/2025 5:00,166
6/21/2025 6:00,170
6/21/2025 7:00,168
6/21/2025 8:00,175
6/21/2025 9:00,168
6/21/2025 10:00,175
6/21/2025 11:00,173
6/21/2025 12:00,175
6/21/2025 13:00,180
6/21/2025 14:00,180
6/21/2025 15:00,198
6/21/2025 16:00,208
6/21/2025 17:00,218
6/21/2025 18:00,220
6/21/2025 19:00,230
6/21/2025 20:00,237
6/21/2025 21:00,235
6/21/2025 22:00,230
6/21/2025 23:00,218
6/22/2025 0:00,215
6/22/2025 1:00,189
6/22/2025 2:00,175
6/22/2025 3:00,160
6/22/2025 4:00,155
6/22/2025 5:00,144
6/22/2025 6:00,148
6/22/2025 7:00,152
6/22/2025 8:00,160
6/22/2025 9:00,168
6/22/2025 10:00,175
6/22/2025 11:00,188
6/22/2025 12:00,185
6/22/2025 13:00,195
6/22/2025 14:00,198
6/22/2025 15:00,213
6/22/2025 16:00,221
6/22/2025 17:00,250
6/22/2025 18:00,246
6/22/2025 19:00,250
6/22/2025 20:00,258
6/22/2025 21:00,261
6/22/2025 22:00,250
6/22/2025 23:00,246
6/23/2025 0:00,225
6/23/2025 1:00,215
6/23/2025 2:00,198
6/23/2025 3:00,180
6/23/2025 4:00,170
6/23/2025 5:00,160
6/23/2025 6:00,153
6/23/2025 7:00,151
6/23/2025 8:00,154
6/23/2025 9:00,171
6/23/2025 10:00,175
6/23/2025 11:00,190
6/23/2025 12:00,191
6/23/2025 13:00,195
6/23/2025 14:00,209
6/23/2025 15:00,222
6/23/2025 16:00,225
6/23/2025 17:00,235
6/23/2025 18:00,245
6/23/2025 19:00,260
6/23/2025 20:00,265
6/23/2025 21:00,265
6/23/2025 22:00,265
6/23/2025 23:00,258
6/24/2025 0:00,240
6/24/2025 1:00,226
6/24/2025 2:00,210
6/24/2025 3:00,193
6/24/2025 4:00,173
6/24/2025 5:00,160
6/24/2025 6:00,155
6/24/2025 7:00,149
6/24/2025 8:00,154
6/24/2025 9:00,154
6/24/2025 10:00,155
6/24/2025 11:00,170
6/24/2025 12:00,184
6/24/2025 13:00,200
6/24/2025 14:00,208
6/24/2025 15:00,204
6/24/2025 16:00,209
6/24/2025 17:00,215
6/24/2025 18:00,215
6/24/2025 19:00,228
6/24/2025 20:00,260
6/24/2025 21:00,264
6/24/2025 22:00,260
6/24/2025 23:00,247
6/25/2025 0:00,238
6/25/2025 1:00,225
6/25/2025 2:00,217
6/25/2025 3:00,205
6/25/2025 4:00,164
6/25/2025 5:00,155
6/25/2025 6:00,140
6/25/2025 7:00,130
6/25/2025 8:00,132
6/25/2025 9:00,145
6/25/2025 10:00,150
6/25/2025 11:00,158
6/25/2025 12:00,166
6/25/2025 13:00,180
6/25/2025 14:00,187
6/25/2025 15:00,194
6/25/2025 16:00,207
6/25/2025 17:00,210
6/25/2025 18:00,215
6/25/2025 19:00,230
6/25/2025 20:00,244
6/25/2025 21:00,244
6/25/2025 22:00,248
6/25/2025 23:00,242
6/26/2025 0:00,230
6/26/2025 1:00,225
6/26/2025 2:00,218
6/26/2025 3:00,200
6/26/2025 4:00,185
6/26/2025 5:00,167
6/26/2025 6:00,150
6/26/2025 7:00,138
6/26/2025 8:00,135
6/26/2025 9:00,140
6/26/2025 10:00,150
6/26/2025 11:00,160
6/26/2025 12:00,158
6/26/2025 13:00,158
6/26/2025 14:00,186
6/26/2025 15:00,183
6/26/2025 16:00,208
6/26/2025 17:00,213
6/26/2025 18:00,222
6/26/2025 19:00,231
6/26/2025 20:00,245
6/26/2025 21:00,249
6/26/2025 22:00,265
6/26/2025 23:00,245
6/27/2025 0:00,245
6/27/2025 1:00,240
6/27/2025 2:00,225
6/27/2025 3:00,220
6/27/2025 4:00,200
6/27/2025 5:00,185
6/27/2025 6:00,170
6/27/2025 7:00,150
6/27/2025 8:00,145
6/27/2025 9:00,150
6/27/2025 10:00,144
6/27/2025 11:00,156
6/27/2025 12:00,162
6/27/2025 13:00,174
6/27/2025 14:00,172
6/27/2025 15:00,195
6/27/2025 16:00,200
6/27/2025 17:00,206
6/27/2025 18:00,215
6/27/2025 19:00,220
6/27/2025 20:00,228
6/27/2025 21:00,236
6/27/2025 22:00,245
6/27/2025 23:00,246
6/28/2025 0:00,243
6/28/2025 1:00,242
6/28/2025 2:00,230
6/28/2025 3:00,225
6/28/2025 4:00,215
6/28/2025 5:00,204
6/28/2025 6:00,193
6/28/2025 7:00,170
6/28/2025 8:00,160
6/28/2025 9:00,150
6/28/2025 10:00,152
6/28/2025 11:00,160
6/28/2025 12:00,168
6/28/2025 13:00,185
6/28/2025 14:00,200
6/28/2025 15:00,200
6/28/2025 16:00,210
6/28/2025 17:00,218
6/28/2025 18:00,230
6/28/2025 19:00,215
6/28/2025 20:00,212
6/28/2025 21:00,218
6/28/2025 22:00,215
6/28/2025 23:00,213
6/29/2025 0:00,228
6/29/2025 1:00,235
6/29/2025 2:00,230
6/29/2025 3:00,230
6/29/2025 4:00,220
6/29/2025 5:00,210
6/29/2025 6:00,200
6/29/2025 7:00,180
6/29/2025 8:00,169
6/29/2025 9:00,160
6/29/2025 10:00,155
6/29/2025 11:00,162
6/29/2025 12:00,165
6/29/2025 13:00,175
6/29/2025 14:00,187
6/29/2025 15:00,180
6/29/2025 16:00,195
6/29/2025 17:00,195
6/29/2025 18:00,198
6/29/2025 19:00,210
6/29/2025 20:00,213
6/29/2025 21:00,212
6/29/2025 22:00,215
6/29/2025 23:00,217
6/30/2025 0:00,218
6/30/2025 1:00,215
6/30/2025 2:00,226
6/30/2025 3:00,215
6/30/2025 4:00,210
6/30/2025 5:00,210
6/30/2025 6:00,212
6/30/2025 7:00,200
6/30/2025 8:00,190
6/30/2025 9:00,186
6/30/2025 10:00,180
6/30/2025 11:00,180
6/30/2025 12:00,182
6/30/2025 13:00,190
6/30/2025 14:00,190
6/30/2025 15:00,205
6/30/2025 16:00,200
6/30/2025 17:00,205
6/30/2025 18:00,207
6/30/2025 19:00,215
6/30/2025 20:00,215
6/30/2025 21:00,215
6/30/2025 22:00,220
6/30/2025 23:00,218
7/1/2025 0:00,228
7/1/2025 1:00,220
7/1/2025 2:00,218
7/1/2025 3:00,212
7/1/2025 4:00,208
7/1/2025 5:00,205
7/1/2025 6:00,200
7/1/2025 7:00,202
7/1/2025 8:00,202
7/1/2025 9:00,194
7/1/2025 10:00,187
7/1/2025 11:00,188
7/1/2025 12:00,187
7/1/2025 13:00,185
7/1/2025 14:00,190
7/1/2025 15:00,194
7/1/2025 16:00,195
7/1/2025 17:00,205
7/1/2025 18:00,205
7/1/2025 19:00,210
7/1/2025 20:00,217
7/1/2025 21:00,215
7/1/2025 22:00,216
7/1/2025 23:00,210
7/2/2025 0:00,214
7/2/2025 1:00,209
7/2/2025 2:00,200
7/2/2025 3:00,195
7/2/2025 4:00,190
7/2/2025 5:00,188
7/2/2025 6:00,198
7/2/2025 7:00,190
7/2/2025 8:00,183
7/2/2025 9:00,185
7/2/2025 10:00,175
7/2/2025 11:00,180
7/2/2025 12:00,180
7/2/2025 13:00,185
7/2/2025 14:00,188
7/2/2025 15:00,193
7/2/2025 16:00,200
7/2/2025 17:00,210
7/2/2025 18:00,208
7/2/2025 19:00,220
7/2/2025 20:00,217
7/2/2025 21:00,223
7/2/2025 22:00,223
7/2/2025 23:00,215
7/3/2025 0:00,208
7/3/2025 1:00,194
7/3/2025 2:00,190
7/3/2025 3:00,198
7/3/2025 4:00,190
7/3/2025 5:00,186
7/3/2025 6:00,180
7/3/2025 7:00,178
7/3/2025 8:00,185
7/3/2025 9:00,180
7/3/2025 10:00,185
7/3/2025 11:00,190
7/3/2025 12:00,180
7/3/2025 13:00,187
7/3/2025 14:00,195
7/3/2025 15:00,202
7/3/2025 16:00,205
7/3/2025 17:00,217
7/3/2025 18:00,225
7/3/2025 19:00,228
7/3/2025 20:00,230
7/3/2025 21:00,232
7/3/2025 22:00,222
7/3/2025 23:00,214
7/4/2025 0:00,210
7/4/2025 1:00,192
7/4/2025 2:00,182
7/4/2025 3:00,172
7/4/2025 4:00,170
7/4/2025 5:00,170
7/4/2025 6:00,160
7/4/2025 7:00,165
7/4/2025 8:00,180
7/4/2025 9:00,178
7/4/2025 10:00,190
7/4/2025 11:00,184
7/4/2025 12:00,185
7/4/2025 13:00,189
7/4/2025 14:00,198
7/4/2025 15:00,200
7/4/2025 16:00,210
7/4/2025 17:00,212
7/4/2025 18:00,220
7/4/2025 19:00,225
7/4/2025 20:00,223
7/4/2025 21:00,227
7/4/2025 22:00,228
7/4/2025 23:00,220
7/5/2025 0:00,208
7/5/2025 1:00,198
7/5/2025 2:00,183
7/5/2025 3:00,170
7/5/2025 4:00,170
7/5/2025 5:00,169
7/5/2025 6:00,155
7/5/2025 7:00,153
7/5/2025 8:00,175
7/5/2025 9:00,180
7/5/2025 10:00,185
7/5/2025 11:00,187
7/5/2025 12:00,190
7/5/2025 13:00,195
7/5/2025 14:00,202
7/5/2025 15:00,208
7/5/2025 16:00,213
7/5/2025 17:00,225
7/5/2025 18:00,227
7/5/2025 19:00,248
7/5/2025 20:00,245
7/5/2025 21:00,240
7/5/2025 22:00,230
7/5/2025 23:00,225
7/6/2025 0:00,205
7/6/2025 1:00,193
7/6/2025 2:00,185
7/6/2025 3:00,170
7/6/2025 4:00,150
7/6/2025 5:00,140
7/6/2025 6:00,148
7/6/2025 7:00,140
7/6/2025 8:00,155
7/6/2025 9:00,160
7/6/2025 10:00,170
7/6/2025 11:00,172
7/6/2025 12:00,190
7/6/2025 13:00,188
7/6/2025 14:00,192
7/6/2025 15:00,194
7/6/2025 16:00,192
7/6/2025 17:00,198
7/6/2025 18:00,212
7/6/2025 19:00,210
7/6/2025 20:00,220
7/6/2025 21:00,224
7/6/2025 22:00,224
7/6/2025 23:00,205
7/7/2025 0:00,202
7/7/2025 1:00,187
7/7/2025 2:00,172
7/7/2025 3:00,162
7/7/2025 4:00,160
7/7/2025 5:00,157
7/7/2025 6:00,148
7/7/2025 7:00,147
7/7/2025 8:00,150
7/7/2025 9:00,160
7/7/2025 10:00,166
7/7/2025 11:00,170
7/7/2025 12:00,190
7/7/2025 13:00,198
7/7/2025 14:00,205
7/7/2025 15:00,210
7/7/2025 16:00,210
7/7/2025 17:00,220
7/7/2025 18:00,225
7/7/2025 19:00,234
7/7/2025 20:00,227
7/7/2025 21:00,230
7/7/2025 22:00,225
7/7/2025 23:00,215
7/8/2025 0:00,203
7/8/2025 1:00,185
7/8/2025 2:00,170
7/8/2025 3:00,165
7/8/2025 4:00,150
7/8/2025 5:00,140
7/8/2025 6:00,138
7/8/2025 7:00,140
7/8/2025 8:00,147
7/8/2025 9:00,160
7/8/2025 10:00,160
7/8/2025 11:00,172
7/8/2025 12:00,183
7/8/2025 13:00,198
7/8/2025 14:00,202
7/8/2025 15:00,205
7/8/2025 16:00,210
7/8/2025 17:00,220
7/8/2025 18:00,220
7/8/2025 19:00,236
7/8/2025 20:00,239
7/8/2025 21:00,235
7/8/2025 22:00,240
7/8/2025 23:00,223
7/9/2025 0:00,220
7/9/2025 1:00,210
7/9/2025 2:00,205
7/9/2025 3:00,180
7/9/2025 4:00,175
7/9/2025 5:00,163
7/9/2025 6:00,160
7/9/2025 7:00,155
7/9/2025 8:00,162
7/9/2025 9:00,160
7/9/2025 10:00,163
7/9/2025 11:00,173
7/9/2025 12:00,188
7/9/2025 13:00,193
7/9/2025 14:00,204
7/9/2025 15:00,204
7/9/2025 16:00,207
7/9/2025 17:00,215
7/9/2025 18:00,218
7/9/2025 19:00,224
7/9/2025 20:00,225
7/9/2025 21:00,228
7/9/2025 22:00,230
7/9/2025 23:00,222
7/10/2025 0:00,217
7/10/2025 1:00,205
7/10/2025 2:00,190
7/10/2025 3:00,182
7/10/2025 4:00,175
7/10/2025 5:00,155
7/10/2025 6:00,140
7/10/2025 7:00,150
7/10/2025 8:00,156
7/10/2025 9:00,155
7/10/2025 10:00,164
7/10/2025 11:00,175
7/10/2025 12:00,180
7/10/2025 13:00,185
7/10/2025 14:00,190
7/10/2025 15:00,200
7/10/2025 16:00,206
7/10/2025 17:00,215
7/10/2025 18:00,218
7/10/2025 19:00,230
7/10/2025 20:00,230
7/10/2025 21:00,240
7/10/2025 22:00,240
7/10/2025 23:00,232
7/11/2025 0:00,220
7/11/2025 1:00,215
7/11/2025 2:00,206
7/11/2025 3:00,190
7/11/2025 4:00,173
7/11/2025 5:00,168
7/11/2025 6:00,154
7/11/2025 7:00,148
7/11/2025 8:00,150
7/11/2025 9:00,149
7/11/2025 10:00,158
7/11/2025 11:00,167
7/11/2025 12:00,178
7/11/2025 13:00,180
7/11/2025 14:00,188
7/11/2025 15:00,195
7/11/2025 16:00,199
7/11/2025 17:00,207
7/11/2025 18:00,219
7/11/2025 19:00,225
7/11/2025 20:00,236
7/11/2025 21:00,240
7/11/2025 22:00,245
7/11/2025 23:00,240
7/12/2025 0:00,235
7/12/2025 1:00,231
7/12/2025 2:00,215
7/12/2025 3:00,210
7/12/2025 4:00,197
7/12/2025 5:00,178
7/12/2025 6:00,168
7/12/2025 7:00,157
7/12/2025 8:00,154
7/12/2025 9:00,148
7/12/2025 10:00,150
7/12/2025 11:00,144
7/12/2025 12:00,152
7/12/2025 13:00,165
7/12/2025 14:00,168
7/12/2025 15:00,190
7/12/2025 16:00,193
7/12/2025 17:00,208
7/12/2025 18:00,216
7/12/2025 19:00,220
7/12/2025 20:00,230
7/12/2025 21:00,237
7/12/2025 22:00,240
7/12/2025 23:00,240
7/13/2025 0:00,232
7/13/2025 1:00,220
7/13/2025 2:00,210
7/13/2025 3:00,200
7/13/2025 4:00,195
7/13/2025 5:00,185
7/13/2025 6:00,170
7/13/2025 7:00,165
7/13/2025 8:00,163
7/13/2025 9:00,167
7/13/2025 10:00,163
7/13/2025 11:00,174
7/13/2025 12:00,175
7/13/2025 13:00,179
7/13/2025 14:00,188
7/13/2025 15:00,194
7/13/2025 16:00,198
7/13/2025 17:00,205
7/13/2025 18:00,210
7/13/2025 19:00,223
7/13/2025 20:00,228
7/13/2025 21:00,235
7/13/2025 22:00,242
7/13/2025 23:00,242
7/14/2025 0:00,242
7/14/2025 1:00,235
7/14/2025 2:00,225
7/14/2025 3:00,215
7/14/2025 4:00,210
7/14/2025 5:00,205
7/14/2025 6:00,190
7/14/2025 7:00,175
7/14/2025 8:00,170
7/14/2025 9:00,215
7/14/2025 10:00,165
7/14/2025 11:00,161
7/14/2025 12:00,170
7/14/2025 13:00,175
7/14/2025 14:00,182
7/14/2025 15:00,190
7/14/2025 16:00,193
7/14/2025 17:00,200
7/14/2025 18:00,207
7/14/2025 19:00,207
7/14/2025 20:00,205
7/14/2025 21:00,215
7/14/2025 22:00,221
7/14/2025 23:00,225
7/15/2025 0:00,225
7/15/2025 1:00,225
7/15/2025 2:00,210
7/15/2025 3:00,200
7/15/2025 4:00,193
7/15/2025 5:00,185
7/15/2025 6:00,183
7/15/2025 7:00,172
7/15/2025 8:00,168
7/15/2025 9:00,165
7/15/2025 10:00,157
7/15/2025 11:00,160
7/15/2025 12:00,160
7/15/2025 13:00,165
7/15/2025 14:00,175
7/15/2025 15:00,190
7/15/2025 16:00,187
7/15/2025 17:00,195
7/15/2025 18:00,197
7/15/2025 19:00,202
7/15/2025 20:00,205
7/15/2025 21:00,202
7/15/2025 22:00,207
7/15/2025 23:00,203
7/16/2025 0:00,204
7/16/2025 1:00,208
7/16/2025 2:00,200
7/16/2025 3:00,195
7/16/2025 4:00,182
7/16/2025 5:00,176
7/16/2025 6:00,173
7/16/2025 7:00,170
7/16/2025 8:00,160
7/16/2025 9:00,165
7/16/2025 10:00,160
7/16/2025 11:00,168
7/16/2025 12:00,173
7/16/2025 13:00,175
7/16/2025 14:00,188
7/16/2025 15:00,188
7/16/2025 16:00,200
7/16/2025 17:00,198
7/16/2025 18:00,207
7/16/2025 19:00,210
7/16/2025 20:00,214
7/16/2025 21:00,213
7/16/2025 22:00,206
7/16/2025 23:00,205
7/17/2025 0:00,198
7/17/2025 1:00,196
7/17/2025 2:00,193
7/17/2025 3:00,190
7/17/2025 4:00,190
7/17/2025 5:00,188
7/17/2025 6:00,187
7/17/2025 7:00,185
7/17/2025 8:00,185
7/17/2025 9:00,185
7/17/2025 10:00,183
7/17/2025 11:00,185
7/17/2025 12:00,175
7/17/2025 13:00,178
7/17/2025 14:00,195
7/17/2025 15:00,205
7/17/2025 16:00,206
7/17/2025 17:00,223
7/17/2025 18:00,225
7/17/2025 19:00,223
7/17/2025 20:00,224
7/17/2025 21:00,225
7/17/2025 22:00,215
7/17/2025 23:00,213
7/18/2025 0:00,200
7/18/2025 1:00,196
7/18/2025 2:00,195
7/18/2025 3:00,188
7/18/2025 4:00,185
7/18/2025 5:00,180
7/18/2025 6:00,183
7/18/2025 7:00,178
7/18/2025 8:00,175
7/18/2025 9:00,180
7/18/2025 10:00,173
7/18/2025 11:00,172
7/18/2025 12:00,175
7/18/2025 13:00,182
7/18/2025 14:00,198
7/18/2025 15:00,207
7/18/2025 16:00,210
7/18/2025 17:00,208
7/18/2025 18:00,218
7/18/2025 19:00,218
7/18/2025 20:00,220
7/18/2025 21:00,220
7/18/2025 22:00,216
7/18/2025 23:00,197
7/19/2025 0:00,188
7/19/2025 1:00,177
7/19/2025 2:00,175
7/19/2025 3:00,168
7/19/2025 4:00,160
7/19/2025 5:00,158
7/19/2025 6:00,155
7/19/2025 7:00,160
7/19/2025 8:00,170
7/19/2025 9:00,178
7/19/2025 10:00,185
7/19/2025 11:00,188
7/19/2025 12:00,190
7/19/2025 13:00,200
7/19/2025 14:00,210
7/19/2025 15:00,214
7/19/2025 16:00,220
7/19/2025 17:00,227
7/19/2025 18:00,235
7/19/2025 19:00,238
7/19/2025 20:00,241
7/19/2025 21:00,241
7/19/2025 22:00,228
7/19/2025 23:00,213
7/20/2025 0:00,187
7/20/2025 1:00,175
7/20/2025 2:00,165
7/20/2025 3:00,160
7/20/2025 4:00,157
7/20/2025 5:00,152
7/20/2025 6:00,160
7/20/2025 7:00,167
7/20/2025 8:00,172
7/20/2025 9:00,178
7/20/2025 10:00,190
7/20/2025 11:00,195
7/20/2025 12:00,195
7/20/2025 13:00,198
7/20/2025 14:00,210
7/20/2025 15:00,213
7/20/2025 16:00,225
7/20/2025 17:00,227
7/20/2025 18:00,234
7/20/2025 19:00,245
7/20/2025 20:00,241
7/20/2025 21:00,241
7/20/2025 22:00,235
7/20/2025 23:00,220
7/21/2025 0:00,205
7/21/2025 1:00,195
7/21/2025 2:00,168
7/21/2025 3:00,155
7/21/2025 4:00,150
7/21/2025 5:00,145
7/21/2025 6:00,148
7/21/2025 7:00,148
7/21/2025 8:00,165
7/21/2025 9:00,170
7/21/2025 10:00,173
7/21/2025 11:00,184
7/21/2025 12:00,193
7/21/2025 13:00,198
7/21/2025 14:00,205
7/21/2025 15:00,212
7/21/2025 16:00,220
7/21/2025 17:00,230
7/21/2025 18:00,239
7/21/2025 19:00,243
7/21/2025 20:00,242
7/21/2025 21:00,240
7/21/2025 22:00,235
7/21/2025 23:00,228
7/22/2025 0:00,210
7/22/2025 1:00,192
7/22/2025 2:00,172
7/22/2025 3:00,155
7/22/2025 4:00,142
7/22/2025 5:00,137
7/22/2025 6:00,129
7/22/2025 7:00,140
7/22/2025 8:00,150
7/22/2025 9:00,160
7/22/2025 10:00,175
7/22/2025 11:00,185
7/22/2025 12:00,195
7/22/2025 13:00,203
7/22/2025 14:00,205
7/22/2025 15:00,210
7/22/2025 16:00,218
7/22/2025 17:00,227
7/22/2025 18:00,238
7/22/2025 19:00,251
7/22/2025 20:00,255
7/22/2025 21:00,253
7/22/2025 22:00,248
7/22/2025 23:00,244
7/23/2025 0:00,225
7/23/2025 1:00,215
7/23/2025 2:00,197
7/23/2025 3:00,170
7/23/2025 4:00,160
7/23/2025 5:00,152
7/23/2025 6:00,145
7/23/2025 7:00,145
7/23/2025 8:00,150
7/23/2025 9:00,162
7/23/2025 10:00,170
7/23/2025 11:00,177
7/23/2025 12:00,190
7/23/2025 13:00,190
7/23/2025 14:00,195
7/23/2025 15:00,200
7/23/2025 16:00,205
7/23/2025 17:00,225
7/23/2025 18:00,223
7/23/2025 19:00,240
7/23/2025 20:00,250
7/23/2025 21:00,255
7/23/2025 22:00,250
7/23/2025 23:00,236
7/24/2025 0:00,232
7/24/2025 1:00,218
7/24/2025 2:00,200
7/24/2025 3:00,187
7/24/2025 4:00,170
7/24/2025 5:00,150
7/24/2025 6:00,140
7/24/2025 7:00,138
7/24/2025 8:00,144
7/24/2025 9:00,144
7/24/2025 10:00,145
7/24/2025 11:00,160
7/24/2025 12:00,180
7/24/2025 13:00,188
7/24/2025 14:00,192
7/24/2025 15:00,198
7/24/2025 16:00,205
7/24/2025 17:00,210
7/24/2025 18:00,218
7/24/2025 19:00,227
7/24/2025 20:00,240
7/24/2025 21:00,245
7/24/2025 22:00,248
7/24/2025 23:00,243
7/25/2025 0:00,237
7/25/2025 1:00,220
7/25/2025 2:00,215
7/25/2025 3:00,200
7/25/2025 4:00,181
7/25/2025 5:00,170
7/25/2025 6:00,155
7/25/2025 7:00,150
7/25/2025 8:00,150
7/25/2025 9:00,160
7/25/2025 10:00,168
7/25/2025 11:00,175
7/25/2025 12:00,185
7/25/2025 13:00,190
7/25/2025 14:00,195
7/25/2025 15:00,200
7/25/2025 16:00,208
7/25/2025 17:00,210
7/25/2025 18:00,218
7/25/2025 19:00,225
7/25/2025 20:00,235
7/25/2025 21:00,245
7/25/2025 22:00,245
7/25/2025 23:00,245
7/26/2025 0:00,235
7/26/2025 1:00,228
7/26/2025 2:00,222
7/26/2025 3:00,210
7/26/2025 4:00,195
7/26/2025 5:00,185
7/26/2025 6:00,173
7/26/2025 7:00,165
7/26/2025 8:00,160
7/26/2025 9:00,163
7/26/2025 10:00,168
7/26/2025 11:00,171
7/26/2025 12:00,178
7/26/2025 13:00,180
7/26/2025 14:00,187
7/26/2025 15:00,190
7/26/2025 16:00,195
7/26/2025 17:00,195
7/26/2025 18:00,205
7/26/2025 19:00,216
7/26/2025 20:00,220
7/26/2025 21:00,230
7/26/2025 22:00,237
7/26/2025 23:00,230
7/27/2025 0:00,230
7/27/2025 1:00,216
7/27/2025 2:00,210
7/27/2025 3:00,201
7/27/2025 4:00,195
7/27/2025 5:00,189
7/27/2025 6:00,179
7/27/2025 7:00,170
7/27/2025 8:00,171
7/27/2025 9:00,160
7/27/2025 10:00,155
7/27/2025 11:00,154
7/27/2025 12:00,165
7/27/2025 13:00,170
7/27/2025 14:00,180
7/27/2025 15:00,188
7/27/2025 16:00,192
7/27/2025 17:00,198
7/27/2025 18:00,205
7/27/2025 19:00,210
7/27/2025 20:00,215
7/27/2025 21:00,212
7/27/2025 22:00,220
7/27/2025 23:00,224
7/28/2025 0:00,226
7/28/2025 1:00,210
7/28/2025 2:00,200
7/28/2025 3:00,204
7/28/2025 4:00,197
7/28/2025 5:00,193
7/28/2025 6:00,176
7/28/2025 7:00,176
7/28/2025 8:00,165
7/28/2025 9:00,170
7/28/2025 10:00,175
7/28/2025 11:00,175
7/28/2025 12:00,180
7/28/2025 13:00,185
7/28/2025 14:00,188
7/28/2025 15:00,190
7/28/2025 16:00,200
7/28/2025 17:00,205
7/28/2025 18:00,208
7/28/2025 19:00,215
7/28/2025 20:00,212
7/28/2025 21:00,215
7/28/2025 22:00,213
7/28/2025 23:00,218
7/29/2025 0:00,213
7/29/2025 1:00,210
7/29/2025 2:00,204
7/29/2025 3:00,195
7/29/2025 4:00,192
7/29/2025 5:00,190
7/29/2025 6:00,188
7/29/2025 7:00,185
7/29/2025 8:00,175
7/29/2025 9:00,178
7/29/2025 10:00,173
7/29/2025 11:00,183
7/29/2025 12:00,190
7/29/2025 13:00,192
7/29/2025 14:00,200
7/29/2025 15:00,210
7/29/2025 16:00,210
7/29/2025 17:00,212
7/29/2025 18:00,215
7/29/2025 19:00,222
7/29/2025 20:00,220
7/29/2025 21:00,218
7/29/2025 22:00,215
7/29/2025 23:00,215
7/30/2025 0:00,205
7/30/2025 1:00,207
7/30/2025 2:00,197
7/30/2025 3:00,197
7/30/2025 4:00,193
7/30/2025 5:00,184
7/30/2025 6:00,190
7/30/2025 7:00,195
7/30/2025 8:00,190
7/30/2025 9:00,187
7/30/2025 10:00,185
7/30/2025 11:00,183
7/30/2025 12:00,186
7/30/2025 13:00,196
7/30/2025 14:00,202
7/30/2025 15:00,204
7/30/2025 16:00,215
7/30/2025 17:00,216
7/30/2025 18:00,216
7/30/2025 19:00,220
7/30/2025 20:00,223
7/30/2025 21:00,210
7/30/2025 22:00,205
7/30/2025 23:00,202
7/31/2025 0:00,204
7/31/2025 1:00,195
7/31/2025 2:00,193
7/31/2025 3:00,185
7/31/2025 4:00,180
7/31/2025 5:00,183
7/31/2025 6:00,185
7/31/2025 7:00,190
7/31/2025 8:00,194
7/31/2025 9:00,198
7/31/2025 10:00,195
7/31/2025 11:00,198
7/31/2025 12:00,200
7/31/2025 13:00,205
7/31/2025 14:00,210
7/31/2025 15:00,204
7/31/2025 16:00,212
7/31/2025 17:00,223
7/31/2025 18:00,218
7/31/2025 19:00,223
7/31/2025 20:00,225
7/31/2025 21:00,218
7/31/2025 22:00,210
7/31/2025 23:00,200
8/1/2025 0:00,195
8/1/2025 1:00,188
8/1/2025 2:00,180
8/1/2025 3:00,175
8/1/2025 4:00,170
8/1/2025 5:00,168
8/1/2025 6:00,175
8/1/2025 7:00,185
8/1/2025 8:00,190
8/1/2025 9:00,187
8/1/2025 10:00,194
8/1/2025 11:00,198
8/1/2025 12:00,198
8/1/2025 13:00,205
8/1/2025 14:00,210
8/1/2025 15:00,213
8/1/2025 16:00,211
8/1/2025 17:00,218
8/1/2025 18:00,220
8/1/2025 19:00,225
8/1/2025 20:00,221
8/1/2025 21:00,220
8/1/2025 22:00,225
8/1/2025 23:00,212
8/2/2025 0:00,183
8/2/2025 1:00,180
8/2/2025 2:00,172
8/2/2025 3:00,165
8/2/2025 4:00,165
8/2/2025 5:00,175
8/2/2025 6:00,170
8/2/2025 7:00,173
8/2/2025 8:00,185
8/2/2025 9:00,193
8/2/2025 10:00,190
8/2/2025 11:00,190
8/2/2025 12:00,188
8/2/2025 13:00,200
8/2/2025 14:00,205
8/2/2025 15:00,198
8/2/2025 16:00,220
8/2/2025 17:00,225
8/2/2025 18:00,225
8/2/2025 19:00,227
8/2/2025 20:00,235
8/2/2025 21:00,238
8/2/2025 22:00,223
8/2/2025 23:00,205
8/3/2025 0:00,195
8/3/2025 1:00,185
8/3/2025 2:00,165
8/3/2025 3:00,160
8/3/2025 4:00,150
8/3/2025 5:00,140
8/3/2025 6:00,150
8/3/2025 7:00,163
8/3/2025 8:00,182
8/3/2025 9:00,186
8/3/2025 10:00,195
8/3/2025 11:00,195
8/3/2025 12:00,200
8/3/2025 13:00,203
8/3/2025 14:00,212
8/3/2025 15:00,215
8/3/2025 16:00,220
8/3/2025 17:00,215
8/3/2025 18:00,227
8/3/2025 19:00,230
8/3/2025 20:00,232
8/3/2025 21:00,222
8/3/2025 22:00,222
8/3/2025 23:00,214
8/4/2025 0:00,204
8/4/2025 1:00,190
8/4/2025 2:00,172
8/4/2025 3:00,165
8/4/2025 4:00,160
8/4/2025 5:00,158
8/4/2025 6:00,155
8/4/2025 7:00,168
8/4/2025 8:00,183
8/4/2025 9:00,184
8/4/2025 10:00,200
8/4/2025 11:00,200
8/4/2025 12:00,210
8/4/2025 13:00,210
8/4/2025 14:00,210
8/4/2025 15:00,207
8/4/2025 16:00,213
8/4/2025 17:00,215
8/4/2025 18:00,225
8/4/2025 19:00,220
8/4/2025 20:00,225
8/4/2025 21:00,220
8/4/2025 22:00,220
8/4/2025 23:00,220
8/5/2025 0:00,205
8/5/2025 1:00,184
8/5/2025 2:00,173
8/5/2025 3:00,160
8/5/2025 4:00,155
8/5/2025 5:00,140
8/5/2025 6:00,145
8/5/2025 7:00,150
8/5/2025 8:00,155
8/5/2025 9:00,173
8/5/2025 10:00,178
8/5/2025 11:00,180
8/5/2025 12:00,180
8/5/2025 13:00,190
8/5/2025 14:00,193
8/5/2025 15:00,198
8/5/2025 16:00,204
8/5/2025 17:00,214
8/5/2025 18:00,223
8/5/2025 19:00,230
8/5/2025 20:00,228
8/5/2025 21:00,218
8/5/2025 22:00,210
8/5/2025 23:00,200
8/6/2025 0:00,202
8/6/2025 1:00,190
8/6/2025 2:00,180
8/6/2025 3:00,160
8/6/2025 4:00,150
8/6/2025 5:00,143
8/6/2025 6:00,135
8/6/2025 7:00,137
8/6/2025 8:00,150
8/6/2025 9:00,160
8/6/2025 10:00,174
8/6/2025 11:00,185
8/6/2025 12:00,194
8/6/2025 13:00,203
8/6/2025 14:00,198
8/6/2025 15:00,205
8/6/2025 16:00,208
8/6/2025 17:00,210
8/6/2025 18:00,210
8/6/2025 19:00,225
8/6/2025 20:00,235
8/6/2025 21:00,238
8/6/2025 22:00,228
8/6/2025 23:00,223
8/7/2025 0:00,215
8/7/2025 1:00,200
8/7/2025 2:00,190
8/7/2025 3:00,175
8/7/2025 4:00,163
8/7/2025 5:00,150
8/7/2025 6:00,160
8/7/2025 7:00,160
8/7/2025 8:00,173
8/7/2025 9:00,175
8/7/2025 10:00,187
8/7/2025 11:00,198
8/7/2025 12:00,198
8/7/2025 13:00,205
8/7/2025 14:00,205
8/7/2025 15:00,205
8/7/2025 16:00,210
8/7/2025 17:00,218
8/7/2025 18:00,223
8/7/2025 19:00,226
8/7/2025 20:00,230
8/7/2025 21:00,238
8/7/2025 22:00,235
8/7/2025 23:00,228
8/8/2025 0:00,220
8/8/2025 1:00,213
8/8/2025 2:00,195
8/8/2025 3:00,181
8/8/2025 4:00,172
8/8/2025 5:00,165
8/8/2025 6:00,151
8/8/2025 7:00,160
8/8/2025 8:00,163
8/8/2025 9:00,160
8/8/2025 10:00,174
8/8/2025 11:00,182
8/8/2025 12:00,190
8/8/2025 13:00,193
8/8/2025 14:00,198
8/8/2025 15:00,202
8/8/2025 16:00,208
8/8/2025 17:00,205
8/8/2025 18:00,220
8/8/2025 19:00,232
8/8/2025 20:00,240
8/8/2025 21:00,234
8/8/2025 22:00,232
8/8/2025 23:00,230
8/9/2025 0:00,220
8/9/2025 1:00,210
8/9/2025 2:00,205
8/9/2025 3:00,185
8/9/2025 4:00,168
8/9/2025 5:00,155
8/9/2025 6:00,148
8/9/2025 7:00,150
8/9/2025 8:00,158
8/9/2025 9:00,162
8/9/2025 10:00,170
8/9/2025 11:00,182
8/9/2025 12:00,190
8/9/2025 13:00,193
8/9/2025 14:00,197
8/9/2025 15:00,198
8/9/2025 16:00,200
8/9/2025 17:00,210
8/9/2025 18:00,210
8/9/2025 19:00,225
8/9/2025 20:00,230
8/9/2025 21:00,238
8/9/2025 22:00,238
8/9/2025 23:00,228
8/10/2025 0:00,225
8/10/2025 1:00,215
8/10/2025 2:00,200
8/10/2025 3:00,198
8/10/2025 4:00,185
8/10/2025 5:00,170
8/10/2025 6:00,156
8/10/2025 7:00,158
8/10/2025 8:00,155
8/10/2025 9:00,167
8/10/2025 10:00,170
8/10/2025 11:00,180
8/10/2025 12:00,185
8/10/2025 13:00,185
8/10/2025 14:00,195
8/10/2025 15:00,194
8/10/2025 16:00,197
8/10/2025 17:00,200
8/10/2025 18:00,207
8/10/2025 19:00,210
8/10/2025 20:00,225
8/10/2025 21:00,233
8/10/2025 22:00,230
8/10/2025 23:00,232
8/11/2025 0:00,220
8/11/2025 1:00,217
8/11/2025 2:00,213
8/11/2025 3:00,195
8/11/2025 4:00,190
8/11/2025 5:00,185
8/11/2025 6:00,175
8/11/2025 7:00,165
8/11/2025 8:00,165
8/11/2025 9:00,167
8/11/2025 10:00,175
8/11/2025 11:00,180
8/11/2025 12:00,172
8/11/2025 13:00,183
8/11/2025 14:00,196
8/11/2025 15:00,190
8/11/2025 16:00,193
8/11/2025 17:00,198
8/11/2025 18:00,202
8/11/2025 19:00,210
8/11/2025 20:00,212
8/11/2025 21:00,220
8/11/2025 22:00,225
8/11/2025 23:00,230
8/12/2025 0:00,227
8/12/2025 1:00,210
8/12/2025 2:00,215
8/12/2025 3:00,200
8/12/2025 4:00,185
8/12/2025 5:00,187
8/12/2025 6:00,172
8/12/2025 7:00,175
8/12/2025 8:00,167
8/12/2025 9:00,179
8/12/2025 10:00,185
8/12/2025 11:00,185
8/12/2025 12:00,190
8/12/2025 13:00,197
8/12/2025 14:00,210
8/12/2025 15:00,205
8/12/2025 16:00,203
8/12/2025 17:00,190
8/12/2025 18:00,205
8/12/2025 19:00,210
8/12/2025 20:00,205
8/12/2025 21:00,210
8/12/2025 22:00,218
8/12/2025 23:00,215
8/13/2025 0:00,208
8/13/2025 1:00,205
8/13/2025 2:00,198
8/13/2025 3:00,195
8/13/2025 4:00,185
8/13/2025 5:00,185
8/13/2025 6:00,185
8/13/2025 7:00,182
8/13/2025 8:00,179
8/13/2025 9:00,182
8/13/2025 10:00,185
8/13/2025 11:00,195
8/13/2025 12:00,195
8/13/2025 13:00,198
8/13/2025 14:00,210
8/13/2025 15:00,218
8/13/2025 16:00,215
8/13/2025 17:00,224
8/13/2025 18:00,224
8/13/2025 19:00,215
8/13/2025 20:00,196
8/13/2025 21:00,206
8/13/2025 22:00,206
8/13/2025 23:00,199
8/14/2025 0:00,205
8/14/2025 1:00,206
8/14/2025 2:00,195
8/14/2025 3:00,185
8/14/2025 4:00,182
8/14/2025 5:00,183
8/14/2025 6:00,192
8/14/2025 7:00,198
8/14/2025 8:00,190
8/14/2025 9:00,190
8/14/2025 10:00,194
8/14/2025 11:00,202
8/14/2025 12:00,205
8/14/2025 13:00,210
8/14/2025 14:00,216
8/14/2025 15:00,215
8/14/2025 16:00,218
8/14/2025 17:00,218
8/14/2025 18:00,220
8/14/2025 19:00,217
8/14/2025 20:00,210
8/14/2025 21:00,200
8/14/2025 22:00,190
8/14/2025 23:00,190
8/15/2025 0:00,193
8/15/2025 1:00,189
8/15/2025 2:00,187
8/15/2025 3:00,172
8/15/2025 4:00,165
8/15/2025 5:00,167
8/15/2025 6:00,160
8/15/2025 7:00,180
8/15/2025 8:00,192
8/15/2025 9:00,198
8/15/2025 10:00,198
8/15/2025 11:00,199
8/15/2025 12:00,212
8/15/2025 13:00,220
8/15/2025 14:00,215
8/15/2025 15:00,218
8/15/2025 16:00,230
8/15/2025 17:00,223
8/15/2025 18:00,230
8/15/2025 19:00,228
8/15/2025 20:00,228
8/15/2025 21:00,213
8/15/2025 22:00,197
8/15/2025 23:00,190
8/16/2025 0:00,185
8/16/2025 1:00,184
8/16/2025 2:00,180
8/16/2025 3:00,170
8/16/2025 4:00,168
8/16/2025 5:00,165
8/16/2025 6:00,170
8/16/2025 7:00,175
8/16/2025 8:00,190
8/16/2025 9:00,190
8/16/2025 10:00,190
8/16/2025 11:00,200
8/16/2025 12:00,213
8/16/2025 13:00,210
8/16/2025 14:00,210
8/16/2025 15:00,225
8/16/2025 16:00,225
8/16/2025 17:00,235
8/16/2025 18:00,245
8/16/2025 19:00,247
8/16/2025 20:00,245
8/16/2025 21:00,235
8/16/2025 22:00,210
8/16/2025 23:00,195
8/17/2025 0:00,180
8/17/2025 1:00,170
8/17/2025 2:00,165
8/17/2025 3:00,168
8/17/2025 4:00,160
8/17/2025 5:00,160
8/17/2025 6:00,175
8/17/2025 7:00,185
8/17/2025 8:00,190
8/17/2025 9:00,195
8/17/2025 10:00,198
8/17/2025 11:00,200
8/17/2025 12:00,210
8/17/2025 13:00,210
8/17/2025 14:00,226
8/17/2025 15:00,230
8/17/2025 16:00,240
8/17/2025 17:00,242
8/17/2025 18:00,245
8/17/2025 19:00,249
8/17/2025 20:00,248
8/17/2025 21:00,240
8/17/2025 22:00,232
8/17/2025 23:00,220
8/18/2025 0:00,184
8/18/2025 1:00,172
8/18/2025 2:00,152
8/18/2025 3:00,148
8/18/2025 4:00,158
8/18/2025 5:00,150
8/18/2025 6:00,172
8/18/2025 7:00,183
8/18/2025 8:00,198
8/18/2025 9:00,205
8/18/2025 10:00,215
8/18/2025 11:00,225
8/18/2025 12:00,225
8/18/2025 13:00,223
8/18/2025 14:00,234
8/18/2025 15:00,230
8/18/2025 16:00,235
8/18/2025 17:00,238
8/18/2025 18:00,242
8/18/2025 19:00,250
8/18/2025 20:00,255
8/18/2025 21:00,258
8/18/2025 22:00,240
8/18/2025 23:00,230
8/19/2025 0:00,207
8/19/2025 1:00,188
8/19/2025 2:00,176
8/19/2025 3:00,155
8/19/2025 4:00,148
8/19/2025 5:00,148
8/19/2025 6:00,160
8/19/2025 7:00,165
8/19/2025 8:00,165
8/19/2025 9:00,185
8/19/2025 10:00,187
8/19/2025 11:00,198
8/19/2025 12:00,197
8/19/2025 13:00,205
8/19/2025 14:00,205
8/19/2025 15:00,208
8/19/2025 16:00,220
8/19/2025 17:00,220
8/19/2025 18:00,235
8/19/2025 19:00,225
8/19/2025 20:00,232
8/19/2025 21:00,230
8/19/2025 22:00,220
8/19/2025 23:00,218
8/20/2025 0:00,198
8/20/2025 1:00,180
8/20/2025 2:00,151
8/20/2025 3:00,150
8/20/2025 4:00,135
8/20/2025 5:00,129
8/20/2025 6:00,130
8/20/2025 7:00,138
8/20/2025 8:00,144
8/20/2025 9:00,162
8/20/2025 10:00,171
8/20/2025 11:00,182
8/20/2025 12:00,185
8/20/2025 13:00,190
8/20/2025 14:00,180
8/20/2025 15:00,190
8/20/2025 16:00,198
8/20/2025 17:00,205
8/20/2025 18:00,220
8/20/2025 19:00,228
8/20/2025 20:00,233
8/20/2025 21:00,235
8/20/2025 22:00,234
8/20/2025 23:00,222
8/21/2025 0:00,210
8/21/2025 1:00,200
8/21/2025 2:00,180
8/21/2025 3:00,180
8/21/2025 4:00,160
8/21/2025 5:00,155
8/21/2025 6:00,140
8/21/2025 7:00,138
8/21/2025 8:00,157
8/21/2025 9:00,165
8/21/2025 10:00,175
8/21/2025 11:00,180
8/21/2025 12:00,190
8/21/2025 13:00,195
8/21/2025 14:00,175
8/21/2025 15:00,195
8/21/2025 16:00,200
8/21/2025 17:00,205
8/21/2025 18:00,217
8/21/2025 19:00,220
8/21/2025 20:00,231
8/21/2025 21:00,230
8/21/2025 22:00,228
8/21/2025 23:00,230
8/22/2025 0:00,218
8/22/2025 1:00,205
8/22/2025 2:00,190
8/22/2025 3:00,173
8/22/2025 4:00,160
8/22/2025 5:00,149
8/22/2025 6:00,145
8/22/2025 7:00,145
8/22/2025 8:00,155
8/22/2025 9:00,155
8/22/2025 10:00,175
8/22/2025 11:00,180
8/22/2025 12:00,187
8/22/2025 13:00,190
8/22/2025 14:00,190
8/22/2025 15:00,190
8/22/2025 16:00,190
8/22/2025 17:00,192
8/22/2025 18:00,200
8/22/2025 19:00,215
8/22/2025 20:00,220
8/22/2025 21:00,223
8/22/2025 22:00,228
8/22/2025 23:00,230
8/23/2025 0:00,228
8/23/2025 1:00,205
8/23/2025 2:00,190
8/23/2025 3:00,180
8/23/2025 4:00,165
8/23/2025 5:00,160
8/23/2025 6:00,155
8/23/2025 7:00,155
8/23/2025 8:00,158
8/23/2025 9:00,168
8/23/2025 10:00,179
8/23/2025 11:00,180
8/23/2025 12:00,190
8/23/2025 13:00,192
8/23/2025 14:00,186
8/23/2025 15:00,187
8/23/2025 16:00,185
8/23/2025 17:00,192
8/23/2025 18:00,188
8/23/2025 19:00,198
8/23/2025 20:00,218
8/23/2025 21:00,215
8/23/2025 22:00,220
8/23/2025 23:00,218
8/24/2025 0:00,218
8/24/2025 1:00,210
8/24/2025 2:00,200
8/24/2025 3:00,190
8/24/2025 4:00,180
8/24/2025 5:00,167
8/24/2025 6:00,160
8/24/2025 7:00,160
8/24/2025 8:00,170
8/24/2025 9:00,175
8/24/2025 10:00,188
8/24/2025 11:00,190
8/24/2025 12:00,191
8/24/2025 13:00,195
8/24/2025 14:00,196
8/24/2025 15:00,196
8/24/2025 16:00,195
8/24/2025 17:00,195
8/24/2025 18:00,194
8/24/2025 19:00,203
8/24/2025 20:00,214
8/24/2025 21:00,220
8/24/2025 22:00,225
8/24/2025 23:00,223
8/25/2025 0:00,220
8/25/2025 1:00,205
8/25/2025 2:00,205
8/25/2025 3:00,197
8/25/2025 4:00,190
8/25/2025 5:00,190
8/25/2025 6:00,178
8/25/2025 7:00,173
8/25/2025 8:00,175
8/25/2025 9:00,182
8/25/2025 10:00,181
8/25/2025 11:00,185
8/25/2025 12:00,190
8/25/2025 13:00,185
8/25/2025 14:00,193
8/25/2025 15:00,197
8/25/2025 16:00,195
8/25/2025 17:00,200
8/25/2025 18:00,195
8/25/2025 19:00,198
8/25/2025 20:00,197
8/25/2025 21:00,202
8/25/2025 22:00,202
8/25/2025 23:00,199
8/26/2025 0:00,190
8/26/2025 1:00,187
8/26/2025 2:00,175
8/26/2025 3:00,168
8/26/2025 4:00,160
8/26/2025 5:00,162
8/26/2025 6:00,172
8/26/2025 7:00,173
8/26/2025 8:00,170
8/26/2025 9:00,172
8/26/2025 10:00,179
8/26/2025 11:00,186
8/26/2025 12:00,192
8/26/2025 13:00,190
8/26/2025 14:00,196
8/26/2025 15:00,198
8/26/2025 16:00,197
8/26/2025 17:00,200
8/26/2025 18:00,210
8/26/2025 19:00,206
8/26/2025 20:00,200
8/26/2025 21:00,198
8/26/2025 22:00,205
8/26/2025 23:00,205
8/27/2025 0:00,199
8/27/2025 1:00,195
8/27/2025 2:00,190
8/27/2025 3:00,180
8/27/2025 4:00,175
8/27/2025 5:00,168
8/27/2025 6:00,172
8/27/2025 7:00,180
8/27/2025 8:00,190
8/27/2025 9:00,190
8/27/2025 10:00,195
8/27/2025 11:00,195
8/27/2025 12:00,206
8/27/2025 13:00,206
8/27/2025 14:00,208
8/27/2025 15:00,208
8/27/2025 16:00,203
8/27/2025 17:00,205
8/27/2025 18:00,207
8/27/2025 19:00,208
8/27/2025 20:00,207
8/27/2025 21:00,193
8/27/2025 22:00,192
8/27/2025 23:00,195
8/28/2025 0:00,190
8/28/2025 1:00,185
8/28/2025 2:00,177
8/28/2025 3:00,173
8/28/2025 4:00,175
8/28/2025 5:00,180
8/28/2025 6:00,170
8/28/2025 7:00,185
8/28/2025 8:00,190
8/28/2025 9:00,195
8/28/2025 10:00,192
8/28/2025 11:00,208
8/28/2025 12:00,210
8/28/2025 13:00,210
8/28/2025 14:00,210
8/28/2025 15:00,205
8/28/2025 16:00,205
8/28/2025 17:00,213
8/28/2025 18:00,215
8/28/2025 19:00,213
8/28/2025 20:00,205
8/28/2025 21:00,197
8/28/2025 22:00,190
8/28/2025 23:00,180
8/29/2025 0:00,175
8/29/2025 1:00,175
8/29/2025 2:00,170
8/29/2025 3:00,172
8/29/2025 4:00,175
8/29/2025 5:00,170
8/29/2025 6:00,190
8/29/2025 7:00,190
8/29/2025 8:00,187
8/29/2025 9:00,188
8/29/2025 10:00,190
8/29/2025 11:00,195
8/29/2025 12:00,203
8/29/2025 13:00,208
8/29/2025 14:00,210
8/29/2025 15:00,210
8/29/2025 16:00,213
8/29/2025 17:00,217
8/29/2025 18:00,218
8/29/2025 19:00,210
8/29/2025 20:00,200
8/29/2025 21:00,190
8/29/2025 22:00,180
8/29/2025 23:00,175
8/30/2025 0:00,167
8/30/2025 1:00,165
8/30/2025 2:00,162
8/30/2025 3:00,152
8/30/2025 4:00,160
8/30/2025 5:00,167
8/30/2025 6:00,178
8/30/2025 7:00,188
8/30/2025 8:00,197
8/30/2025 9:00,202
8/30/2025 10:00,200
8/30/2025 11:00,203
8/30/2025 12:00,210
8/30/2025 13:00,210
8/30/2025 14:00,210
8/30/2025 15:00,210
8/30/2025 16:00,215
8/30/2025 17:00,223
8/30/2025 18:00,222
8/30/2025 19:00,228
8/30/2025 20:00,227
8/30/2025 21:00,210
8/30/2025 22:00,206
8/30/2025 23:00,185
8/31/2025 0:00,175
8/31/2025 1:00,160
8/31/2025 2:00,160
8/31/2025 3:00,155
8/31/2025 4:00,165
8/31/2025 5:00,155
8/31/2025 6:00,183
8/31/2025 7:00,193
8/31/2025 8:00,197
8/31/2025 9:00,195
8/31/2025 10:00,203
8/31/2025 11:00,200
8/31/2025 12:00,200
8/31/2025 13:00,208
8/31/2025 14:00,213
8/31/2025 15:00,215
8/31/2025 16:00,222
8/31/2025 17:00,220
8/31/2025 18:00,228
8/31/2025 19:00,227
8/31/2025 20:00,225
8/31/2025 21:00,213
8/31/2025 22:00,208
8/31/2025 23:00,190
9/1/2025 0:00,180
9/1/2025 1:00,165
9/1/2025 2:00,165
9/1/2025 3:00,155
9/1/2025 4:00,160
9/1/2025 5:00,160
9/1/2025 6:00,174
9/1/2025 7:00,180
9/1/2025 8:00,194
9/1/2025 9:00,200
9/1/2025 10:00,202
9/1/2025 11:00,200
9/1/2025 12:00,205
9/1/2025 13:00,205
9/1/2025 14:00,210
9/1/2025 15:00,220
9/1/2025 16:00,230
9/1/2025 17:00,230
9/1/2025 18:00,228
9/1/2025 19:00,235
9/1/2025 20:00,237
9/1/2025 21:00,230
9/1/2025 22:00,215
9/1/2025 23:00,202
9/2/2025 0:00,190
9/2/2025 1:00,184
9/2/2025 2:00,170
9/2/2025 3:00,165
9/2/2025 4:00,159
9/2/2025 5:00,165
9/2/2025 6:00,170
9/2/2025 7:00,187
9/2/2025 8:00,190
9/2/2025 9:00,203
9/2/2025 10:00,204
9/2/2025 11:00,210
9/2/2025 12:00,213
9/2/2025 13:00,215
9/2/2025 14:00,218
9/2/2025 15:00,225
9/2/2025 16:00,240
9/2/2025 17:00,235
9/2/2025 18:00,249
9/2/2025 19:00,253
9/2/2025 20:00,254
9/2/2025 21:00,248
9/2/2025 22:00,230
9/2/2025 23:00,219
9/3/2025 0:00,205
9/3/2025 1:00,190
9/3/2025 2:00,168
9/3/2025 3:00,168
9/3/2025 4:00,160
9/3/2025 5:00,160
9/3/2025 6:00,162
9/3/2025 7:00,175
9/3/2025 8:00,183
9/3/2025 9:00,183
9/3/2025 10:00,191
9/3/2025 11:00,215
9/3/2025 12:00,210
9/3/2025 13:00,210
9/3/2025 14:00,215
9/3/2025 15:00,220
9/3/2025 16:00,223
9/3/2025 17:00,235
9/3/2025 18:00,239
9/3/2025 19:00,235
9/3/2025 20:00,238
9/3/2025 21:00,237
9/3/2025 22:00,226
9/3/2025 23:00,222
9/4/2025 0:00,212
9/4/2025 1:00,193
9/4/2025 2:00,181
9/4/2025 3:00,170
9/4/2025 4:00,159
9/4/2025 5:00,159
9/4/2025 6:00,160
9/4/2025 7:00,170
9/4/2025 8:00,178
9/4/2025 9:00,185
9/4/2025 10:00,192
9/4/2025 11:00,200
9/4/2025 12:00,200
9/4/2025 13:00,196
9/4/2025 14:00,198
9/4/2025 15:00,202
9/4/2025 16:00,215
9/4/2025 17:00,218
9/4/2025 18:00,230
9/4/2025 19:00,230
9/4/2025 20:00,227
9/4/2025 21:00,238
9/4/2025 22:00,233
9/4/2025 23:00,215
9/5/2025 0:00,210
9/5/2025 1:00,198
9/5/2025 2:00,188
9/5/2025 3:00,178
9/5/2025 4:00,160
9/5/2025 5:00,157
9/5/2025 6:00,158
9/5/2025 7:00,165
9/5/2025 8:00,173
9/5/2025 9:00,183
9/5/2025 10:00,191
9/5/2025 11:00,199
9/5/2025 12:00,200
9/5/2025 13:00,205
9/5/2025 14:00,204
9/5/2025 15:00,200
9/5/2025 16:00,209
9/5/2025 17:00,219
9/5/2025 18:00,230
9/5/2025 19:00,235
9/5/2025 20:00,235
9/5/2025 21:00,235
9/5/2025 22:00,235
9/5/2025 23:00,226
9/6/2025 0:00,207
9/6/2025 1:00,200
9/6/2025 2:00,197
9/6/2025 3:00,177
9/6/2025 4:00,162
9/6/2025 5:00,165
9/6/2025 6:00,164
9/6/2025 7:00,154
9/6/2025 8:00,168
9/6/2025 9:00,180
9/6/2025 10:00,183
9/6/2025 11:00,187
9/6/2025 12:00,190
9/6/2025 13:00,190
9/6/2025 14:00,190
9/6/2025 15:00,195
9/6/2025 16:00,204
9/6/2025 17:00,202
9/6/2025 18:00,202
9/6/2025 19:00,217
9/6/2025 20:00,220
9/6/2025 21:00,225
9/6/2025 22:00,212
9/6/2025 23:00,205
9/7/2025 0:00,207
9/7/2025 1:00,193
9/7/2025 2:00,180
9/7/2025 3:00,174
9/7/2025 4:00,165
9/7/2025 5:00,163
9/7/2025 6:00,155
9/7/2025 7:00,160
9/7/2025 8:00,170
9/7/2025 9:00,173
9/7/2025 10:00,174
9/7/2025 11:00,182
9/7/2025 12:00,180
9/7/2025 13:00,195
9/7/2025 14:00,195
9/7/2025 15:00,190
9/7/2025 16:00,193
9/7/2025 17:00,198
9/7/2025 18:00,203
9/7/2025 19:00,210
9/7/2025 20:00,218
9/7/2025 21:00,220
9/7/2025 22:00,218
9/7/2025 23:00,215
9/8/2025 0:00,208
9/8/2025 1:00,200
9/8/2025 2:00,190
9/8/2025 3:00,186
9/8/2025 4:00,179
9/8/2025 5:00,170
9/8/2025 6:00,165
9/8/2025 7:00,168
9/8/2025 8:00,180
9/8/2025 9:00,190
9/8/2025 10:00,195
9/8/2025 11:00,199
9/8/2025 12:00,199
9/8/2025 13:00,203
9/8/2025 14:00,200
9/8/2025 15:00,188
9/8/2025 16:00,190
9/8/2025 17:00,195
9/8/2025 18:00,199
9/8/2025 19:00,205
9/8/2025 20:00,219
9/8/2025 21:00,224
9/8/2025 22:00,219
9/8/2025 23:00,219
9/9/2025 0:00,200
9/9/2025 1:00,197
9/9/2025 2:00,190
9/9/2025 3:00,190
9/9/2025 4:00,185
9/9/2025 5:00,185
9/9/2025 6:00,180
9/9/2025 7:00,178
9/9/2025 8:00,184
9/9/2025 9:00,193
9/9/2025 10:00,200
9/9/2025 11:00,205
9/9/2025 12:00,202
9/9/2025 13:00,205
9/9/2025 14:00,204
9/9/2025 15:00,195
9/9/2025 16:00,197
9/9/2025 17:00,200
9/9/2025 18:00,205
9/9/2025 19:00,200
9/9/2025 20:00,195
9/9/2025 21:00,203
9/9/2025 22:00,210
9/9/2025 23:00,205
9/10/2025 0:00,198
9/10/2025 1:00,190
9/10/2025 2:00,185
9/10/2025 3:00,190
9/10/2025 4:00,185
9/10/2025 5:00,185
9/10/2025 6:00,185
9/10/2025 7:00,183
9/10/2025 8:00,187
9/10/2025 9:00,193
9/10/2025 10:00,203
9/10/2025 11:00,208
9/10/2025 12:00,215
9/10/2025 13:00,218
9/10/2025 14:00,220
9/10/2025 15:00,222
9/10/2025 16:00,215
9/10/2025 17:00,212
9/10/2025 18:00,208
9/10/2025 19:00,197
9/10/2025 20:00,198
9/10/2025 21:00,183
9/10/2025 22:00,186
9/10/2025 23:00,182
9/11/2025 0:00,178
9/11/2025 1:00,173
9/11/2025 2:00,171
9/11/2025 3:00,169
9/11/2025 4:00,180
9/11/2025 5:00,175
9/11/2025 6:00,190
9/11/2025 7:00,190
9/11/2025 8:00,198
9/11/2025 9:00,208
9/11/2025 10:00,218
9/11/2025 11:00,218
9/11/2025 12:00,228
9/11/2025 13:00,228
9/11/2025 14:00,225
9/11/2025 15:00,219
9/11/2025 16:00,215
9/11/2025 17:00,216
9/11/2025 18:00,208
9/11/2025 19:00,196
9/11/2025 20:00,182
9/11/2025 21:00,186
9/11/2025 22:00,178
9/11/2025 23:00,175
9/12/2025 0:00,168
9/12/2025 1:00,168
9/12/2025 2:00,164
9/12/2025 3:00,170
9/12/2025 4:00,169
9/12/2025 5:00,170
9/12/2025 6:00,180
9/12/2025 7:00,189
9/12/2025 8:00,190
9/12/2025 9:00,205
9/12/2025 10:00,208
9/12/2025 11:00,230
9/12/2025 12:00,231
9/12/2025 13:00,225
9/12/2025 14:00,232
9/12/2025 15:00,228
9/12/2025 16:00,235
9/12/2025 17:00,225
9/12/2025 18:00,215
9/12/2025 19:00,205
9/12/2025 20:00,192
9/12/2025 21:00,192
9/12/2025 22:00,160
9/12/2025 23:00,155
9/13/2025 0:00,155
9/13/2025 1:00,145
9/13/2025 2:00,145
9/13/2025 3:00,165
9/13/2025 4:00,156
9/13/2025 5:00,160
9/13/2025 6:00,175
9/13/2025 7:00,187
9/13/2025 8:00,195
9/13/2025 9:00,200
9/13/2025 10:00,210
9/13/2025 11:00,217
9/13/2025 12:00,218
9/13/2025 13:00,222
9/13/2025 14:00,225
9/13/2025 15:00,228
9/13/2025 16:00,233
9/13/2025 17:00,227
9/13/2025 18:00,228
9/13/2025 19:00,210
9/13/2025 20:00,197
9/13/2025 21:00,175
9/13/2025 22:00,165
9/13/2025 23:00,155
9/14/2025 0:00,145
9/14/2025 1:00,140
9/14/2025 2:00,142
9/14/2025 3:00,143
9/14/2025 4:00,147
9/14/2025 5:00,164
9/14/2025 6:00,169
9/14/2025 7:00,175
9/14/2025 8:00,195
9/14/2025 9:00,200
9/14/2025 10:00,203
9/14/2025 11:00,201
9/14/2025 12:00,211
9/14/2025 13:00,219
9/14/2025 14:00,220
9/14/2025 15:00,221
9/14/2025 16:00,220
9/14/2025 17:00,225
9/14/2025 18:00,228
9/14/2025 19:00,230
9/14/2025 20:00,215
9/14/2025 21:00,198
9/14/2025 22:00,187
9/14/2025 23:00,170
9/15/2025 0:00,148
9/15/2025 1:00,145
9/15/2025 2:00,143
9/15/2025 3:00,140
9/15/2025 4:00,145
9/15/2025 5:00,150
9/15/2025 6:00,168
9/15/2025 7:00,180
9/15/2025 8:00,190
9/15/2025 9:00,200
9/15/2025 10:00,210
9/15/2025 11:00,205
9/15/2025 12:00,215
9/15/2025 13:00,221
9/15/2025 14:00,222
9/15/2025 15:00,218
9/15/2025 16:00,230
9/15/2025 17:00,227
9/15/2025 18:00,241
9/15/2025 19:00,232
9/15/2025 20:00,234
9/15/2025 21:00,220
9/15/2025 22:00,204
9/15/2025 23:00,185
9/16/2025 0:00,171
9/16/2025 1:00,160
9/16/2025 2:00,150
9/16/2025 3:00,145
9/16/2025 4:00,144
9/16/2025 5:00,146
9/16/2025 6:00,165
9/16/2025 7:00,180
9/16/2025 8:00,190
9/16/2025 9:00,203
9/16/2025 10:00,204
9/16/2025 11:00,212
9/16/2025 12:00,205
9/16/2025 13:00,203
9/16/2025 14:00,202
9/16/2025 15:00,200
9/16/2025 16:00,210
9/16/2025 17:00,220
9/16/2025 18:00,230
9/16/2025 19:00,233
9/16/2025 20:00,235
9/16/2025 21:00,228
9/16/2025 22:00,220
9/16/2025 23:00,202
9/17/2025 0:00,180
9/17/2025 1:00,162
9/17/2025 2:00,162
9/17/2025 3:00,155
9/17/2025 4:00,145
9/17/2025 5:00,153
9/17/2025 6:00,173
9/17/2025 7:00,185
9/17/2025 8:00,205
9/17/2025 9:00,205
9/17/2025 10:00,210
9/17/2025 11:00,212
9/17/2025 12:00,213
9/17/2025 13:00,210
9/17/2025 14:00,210
9/17/2025 15:00,210
9/17/2025 16:00,215
9/17/2025 17:00,224
9/17/2025 18:00,235
9/17/2025 19:00,235
9/17/2025 20:00,238
9/17/2025 21:00,238
9/17/2025 22:00,225
9/17/2025 23:00,212
9/18/2025 0:00,190
9/18/2025 1:00,165
9/18/2025 2:00,160
9/18/2025 3:00,155
9/18/2025 4:00,150
9/18/2025 5:00,150
9/18/2025 6:00,155
9/18/2025 7:00,165
9/18/2025 8:00,180
9/18/2025 9:00,186
9/18/2025 10:00,190
9/18/2025 11:00,198
9/18/2025 12:00,200
9/18/2025 13:00,190
9/18/2025 14:00,185
9/18/2025 15:00,190
9/18/2025 16:00,195
9/18/2025 17:00,205
9/18/2025 18:00,215
9/18/2025 19:00,218
9/18/2025 20:00,230
9/18/2025 21:00,219
9/18/2025 22:00,220
9/18/2025 23:00,217
9/19/2025 0:00,195
9/19/2025 1:00,185
9/19/2025 2:00,178
9/19/2025 3:00,170
9/19/2025 4:00,160
9/19/2025 5:00,160
9/19/2025 6:00,173
9/19/2025 7:00,179
9/19/2025 8:00,190
9/19/2025 9:00,205
9/19/2025 10:00,207
9/19/2025 11:00,214
9/19/2025 12:00,210
9/19/2025 13:00,204
9/19/2025 14:00,208
9/19/2025 15:00,202
9/19/2025 16:00,210
9/19/2025 17:00,218
9/19/2025 18:00,224
9/19/2025 19:00,232
9/19/2025 20:00,220
9/19/2025 21:00,233
9/19/2025 22:00,230
9/19/2025 23:00,220
9/20/2025 0:00,210
9/20/2025 1:00,190
9/20/2025 2:00,185
9/20/2025 3:00,188
9/20/2025 4:00,178
9/20/2025 5:00,180
9/20/2025 6:00,184
9/20/2025 7:00,185
9/20/2025 8:00,195
9/20/2025 9:00,205
9/20/2025 10:00,210
9/20/2025 11:00,220
9/20/2025 12:00,213
9/20/2025 13:00,220
9/20/2025 14:00,201
9/20/2025 15:00,194
9/20/2025 16:00,196
9/20/2025 17:00,193
9/20/2025 18:00,203
9/20/2025 19:00,215
9/20/2025 20:00,220
9/20/2025 21:00,218
9/20/2025 22:00,215
9/20/2025 23:00,206
9/21/2025 0:00,195
9/21/2025 1:00,195
9/21/2025 2:00,190
9/21/2025 3:00,180
9/21/2025 4:00,175
9/21/2025 5:00,174
9/21/2025 6:00,180
9/21/2025 7:00,185
9/21/2025 8:00,195
9/21/2025 9:00,200
9/21/2025 10:00,202
9/21/2025 11:00,210
9/21/2025 12:00,205
9/21/2025 13:00,205
9/21/2025 14:00,203
9/21/2025 15:00,200
9/21/2025 16:00,201
9/21/2025 17:00,197
9/21/2025 18:00,190
9/21/2025 19:00,193
9/21/2025 20:00,198
9/21/2025 21:00,203
9/21/2025 22:00,200
9/21/2025 23:00,202
9/22/2025 0:00,190
9/22/2025 1:00,189
9/22/2025 2:00,185
9/22/2025 3:00,175
9/22/2025 4:00,184
9/22/2025 5:00,180
9/22/2025 6:00,182
9/22/2025 7:00,190
9/22/2025 8:00,193
9/22/2025 9:00,200
9/22/2025 10:00,206
9/22/2025 11:00,206
9/22/2025 12:00,210
9/22/2025 13:00,208
9/22/2025 14:00,208
9/22/2025 15:00,212
9/22/2025 16:00,205
9/22/2025 17:00,198
9/22/2025 18:00,196
9/22/2025 19:00,190
9/22/2025 20:00,195
9/22/2025 21:00,198
9/22/2025 22:00,190
9/22/2025 23:00,187
9/23/2025 0:00,180
9/23/2025 1:00,178
9/23/2025 2:00,172
9/23/2025 3:00,175
9/23/2025 4:00,182
9/23/2025 5:00,188
9/23/2025 6:00,189
9/23/2025 7:00,185
9/23/2025 8:00,200
9/23/2025 9:00,208
9/23/2025 10:00,213
9/23/2025 11:00,216
9/23/2025 12:00,212
9/23/2025 13:00,217
9/23/2025 14:00,215
9/23/2025 15:00,200
9/23/2025 16:00,212
9/23/2025 17:00,208
9/23/2025 18:00,200
9/23/2025 19:00,190
9/23/2025 20:00,190
9/23/2025 21:00,180
9/23/2025 22:00,187
9/23/2025 23:00,185
9/24/2025 0:00,176
9/24/2025 1:00,170
9/24/2025 2:00,170
9/24/2025 3:00,175
9/24/2025 4:00,173
9/24/2025 5:00,183
9/24/2025 6:00,190
9/24/2025 7:00,190
9/24/2025 8:00,192
9/24/2025 9:00,196
9/24/2025 10:00,204
9/24/2025 11:00,206
9/24/2025 12:00,202
9/24/2025 13:00,204
9/24/2025 14:00,218
9/24/2025 15:00,205
9/24/2025 16:00,205
9/24/2025 17:00,200
9/24/2025 18:00,196
9/24/2025 19:00,184
9/24/2025 20:00,180
9/24/2025 21:00,175
9/24/2025 22:00,170
9/24/2025 23:00,168
9/25/2025 0:00,165
9/25/2025 1:00,170
9/25/2025 2:00,168
9/25/2025 3:00,170
9/25/2025 4:00,171
9/25/2025 5:00,171
9/25/2025 6:00,189
9/25/2025 7:00,195
9/25/2025 8:00,197
9/25/2025 9:00,204
9/25/2025 10:00,212
9/25/2025 11:00,212
9/25/2025 12:00,215
9/25/2025 13:00,210
9/25/2025 14:00,208
9/25/2025 15:00,210
9/25/2025 16:00,210
9/25/2025 17:00,205
9/25/2025 18:00,195
9/25/2025 19:00,187
9/25/2025 20:00,178
9/25/2025 21:00,170
9/25/2025 22:00,168
9/25/2025 23:00,160
9/26/2025 0:00,158
9/26/2025 1:00,160
9/26/2025 2:00,154
9/26/2025 3:00,177
9/26/2025 4:00,179
9/26/2025 5:00,190
9/26/2025 6:00,197
9/26/2025 7:00,205
9/26/2025 8:00,210
9/26/2025 9:00,210
9/26/2025 10:00,215
9/26/2025 11:00,217
9/26/2025 12:00,218
9/26/2025 13:00,218
9/26/2025 14:00,215
9/26/2025 15:00,209
9/26/2025 16:00,206
9/26/2025 17:00,204
9/26/2025 18:00,198
9/26/2025 19:00,195
9/26/2025 20:00,187
9/26/2025 21:00,178
9/26/2025 22:00,175
9/26/2025 23:00,175
9/27/2025 0:00,175
9/27/2025 1:00,170
9/27/2025 2:00,175
9/27/2025 3:00,170
9/27/2025 4:00,185
9/27/2025 5:00,192
9/27/2025 6:00,208
9/27/2025 7:00,216
9/27/2025 8:00,220
9/27/2025 9:00,218
9/27/2025 10:00,223
9/27/2025 11:00,229
9/27/2025 12:00,230
9/27/2025 13:00,228
9/27/2025 14:00,230
9/27/2025 15:00,220
9/27/2025 16:00,225
9/27/2025 17:00,226
9/27/2025 18:00,226
9/27/2025 19:00,213
9/27/2025 20:00,203
9/27/2025 21:00,195
9/27/2025 22:00,180
9/27/2025 23:00,180
9/28/2025 0:00,176
9/28/2025 1:00,175
9/28/2025 2:00,166
9/28/2025 3:00,180
9/28/2025 4:00,175
9/28/2025 5:00,170
9/28/2025 6:00,193
9/28/2025 7:00,215
9/28/2025 8:00,215
9/28/2025 9:00,217
9/28/2025 10:00,223
9/28/2025 11:00,223
9/28/2025 12:00,220
9/28/2025 13:00,225
9/28/2025 14:00,222
9/28/2025 15:00,220
9/28/2025 16:00,225
9/28/2025 17:00,226
9/28/2025 18:00,224
9/28/2025 19:00,220
9/28/2025 20:00,206
9/28/2025 21:00,195
9/28/2025 22:00,190
9/28/2025 23:00,180
9/29/2025 0:00,172
9/29/2025 1:00,160
9/29/2025 2:00,152
9/29/2025 3:00,168
9/29/2025 4:00,167
9/29/2025 5:00,189
9/29/2025 6:00,190
9/29/2025 7:00,198
9/29/2025 8:00,207
9/29/2025 9:00,215
9/29/2025 10:00,216
9/29/2025 11:00,217
9/29/2025 12:00,215
9/29/2025 13:00,209
9/29/2025 14:00,218
9/29/2025 15:00,214
9/29/2025 16:00,220
9/29/2025 17:00,210
9/29/2025 18:00,222
9/29/2025 19:00,210
9/29/2025 20:00,213
9/29/2025 21:00,197
9/29/2025 22:00,185
9/29/2025 23:00,163
9/30/2025 0:00,160
9/30/2025 1:00,150
9/30/2025 2:00,140
9/30/2025 3:00,148
9/30/2025 4:00,155
9/30/2025 5:00,170
9/30/2025 6:00,190
9/30/2025 7:00,201
9/30/2025 8:00,198
9/30/2025 9:00,202
9/30/2025 10:00,213
9/30/2025 11:00,222
9/30/2025 12:00,215
9/30/2025 13:00,218
9/30/2025 14:00,213
9/30/2025 15:00,220
9/30/2025 16:00,225
9/30/2025 17:00,227
9/30/2025 18:00,225
9/30/2025 19:00,220
9/30/2025 20:00,215
9/30/2025 21:00,207
9/30/2025 22:00,195
9/30/2025 23:00,185
10/1/2025 0:00,175
10/1/2025 1:00,152
10/1/2025 2:00,155
10/1/2025 3:00,145
10/1/2025 4:00,155
10/1/2025 5:00,165
10/1/2025 6:00,177
10/1/2025 7:00,189
10/1/2025 8:00,200
10/1/2025 9:00,205
10/1/2025 10:00,208
10/1/2025 11:00,208
10/1/2025 12:00,218
10/1/2025 13:00,210
10/1/2025 14:00,213
10/1/2025 15:00,220
10/1/2025 16:00,215
10/1/2025 17:00,224
10/1/2025 18:00,225
10/1/2025 19:00,220
10/1/2025 20:00,210
10/1/2025 21:00,207
10/1/2025 22:00,197
10/1/2025 23:00,180
10/2/2025 0:00,173
10/2/2025 1:00,160
10/2/2025 2:00,158
10/2/2025 3:00,148
10/2/2025 4:00,150
10/2/2025 5:00,152
10/2/2025 6:00,165
10/2/2025 7:00,170
10/2/2025 8:00,194
10/2/2025 9:00,206
10/2/2025 10:00,203
10/2/2025 11:00,210
10/2/2025 12:00,207
10/2/2025 13:00,210
10/2/2025 14:00,205
10/2/2025 15:00,215
10/2/2025 16:00,225
10/2/2025 17:00,235
10/2/2025 18:00,220
10/2/2025 19:00,229
10/2/2025 20:00,217
10/2/2025 21:00,212
10/2/2025 22:00,200
10/2/2025 23:00,196
10/3/2025 0:00,181
10/3/2025 1:00,167
10/3/2025 2:00,154
10/3/2025 3:00,148
10/3/2025 4:00,150
10/3/2025 5:00,160
10/3/2025 6:00,165
10/3/2025 7:00,175
10/3/2025 8:00,188
10/3/2025 9:00,195
10/3/2025 10:00,193
10/3/2025 11:00,187
10/3/2025 12:00,190
10/3/2025 13:00,189
10/3/2025 14:00,192
10/3/2025 15:00,193
10/3/2025 16:00,194
10/3/2025 17:00,205
10/3/2025 18:00,210
10/3/2025 19:00,215
10/3/2025 20:00,212
10/3/2025 21:00,192
10/3/2025 22:00,195
10/3/2025 23:00,190
10/4/2025 0:00,183
10/4/2025 1:00,171
10/4/2025 2:00,153
10/4/2025 3:00,146
10/4/2025 4:00,150
10/4/2025 5:00,146
10/4/2025 6:00,162
10/4/2025 7:00,168
10/4/2025 8:00,180
10/4/2025 9:00,192
10/4/2025 10:00,196
10/4/2025 11:00,193
10/4/2025 12:00,197
10/4/2025 13:00,190
10/4/2025 14:00,188
10/4/2025 15:00,190
10/4/2025 16:00,187
10/4/2025 17:00,200
10/4/2025 18:00,205
10/4/2025 19:00,215
10/4/2025 20:00,215
10/4/2025 21:00,213
10/4/2025 22:00,198
10/4/2025 23:00,195
10/5/2025 0:00,185
10/5/2025 1:00,182
10/5/2025 2:00,170
10/5/2025 3:00,162
10/5/2025 4:00,160
10/5/2025 5:00,150
10/5/2025 6:00,170
10/5/2025 7:00,180
10/5/2025 8:00,190
10/5/2025 9:00,195
10/5/2025 10:00,205
10/5/2025 11:00,204
10/5/2025 12:00,197
10/5/2025 13:00,195
10/5/2025 14:00,190
10/5/2025 15:00,186
10/5/2025 16:00,190
10/5/2025 17:00,193
10/5/2025 18:00,200
10/5/2025 19:00,208
10/5/2025 20:00,208
10/5/2025 21:00,210
10/5/2025 22:00,200
10/5/2025 23:00,190
10/6/2025 0:00,185
10/6/2025 1:00,180
10/6/2025 2:00,175
10/6/2025 3:00,168
10/6/2025 4:00,170
10/6/2025 5:00,170
10/6/2025 6:00,170
10/6/2025 7:00,170
10/6/2025 8:00,180
10/6/2025 9:00,202
10/6/2025 10:00,206
10/6/2025 11:00,209
10/6/2025 12:00,202
10/6/2025 13:00,202
10/6/2025 14:00,200
10/6/2025 15:00,197
10/6/2025 16:00,194
10/6/2025 17:00,194
10/6/2025 18:00,190
10/6/2025 19:00,195
10/6/2025 20:00,190
10/6/2025 21:00,205
10/6/2025 22:00,198
10/6/2025 23:00,197
10/7/2025 0:00,195
10/7/2025 1:00,185
10/7/2025 2:00,191
10/7/2025 3:00,182
10/7/2025 4:00,177
10/7/2025 5:00,168
10/7/2025 6:00,191
10/7/2025 7:00,200
10/7/2025 8:00,210
10/7/2025 9:00,223
10/7/2025 10:00,223
10/7/2025 11:00,243
10/7/2025 12:00,210
10/7/2025 13:00,225
10/7/2025 14:00,198
10/7/2025 15:00,185
10/7/2025 16:00,183
10/7/2025 17:00,184
10/7/2025 18:00,175
10/7/2025 19:00,190
10/7/2025 20:00,190
10/7/2025 21:00,195
10/7/2025 22:00,185
10/7/2025 23:00,182
10/8/2025 0:00,180
10/8/2025 1:00,178
10/8/2025 2:00,172
10/8/2025 3:00,170
10/8/2025 4:00,162
10/8/2025 5:00,172
10/8/2025 6:00,172
10/8/2025 7:00,180
10/8/2025 8:00,198
10/8/2025 9:00,210
10/8/2025 10:00,220
10/8/2025 11:00,222
10/8/2025 12:00,218
10/8/2025 13:00,215
10/8/2025 14:00,211
10/8/2025 15:00,198
10/8/2025 16:00,190
10/8/2025 17:00,180
10/8/2025 18:00,175
10/8/2025 19:00,165
10/8/2025 20:00,165
10/8/2025 21:00,166
10/8/2025 22:00,175
10/8/2025 23:00,164
10/9/2025 0:00,164
10/9/2025 1:00,160
10/9/2025 2:00,160
10/9/2025 3:00,165
10/9/2025 4:00,177
10/9/2025 5:00,190
10/9/2025 6:00,192
10/9/2025 7:00,205
10/9/2025 8:00,220
10/9/2025 9:00,227
10/9/2025 10:00,237
10/9/2025 11:00,240
10/9/2025 12:00,233
10/9/2025 13:00,230
10/9/2025 14:00,222
10/9/2025 15:00,215
10/9/2025 16:00,210
10/9/2025 17:00,205
10/9/2025 18:00,190
10/9/2025 19:00,178
10/9/2025 20:00,165
10/9/2025 21:00,160
10/9/2025 22:00,160
10/9/2025 23:00,167
10/10/2025 0:00,155
10/10/2025 1:00,165
10/10/2025 2:00,170
10/10/2025 3:00,167
10/10/2025 4:00,172
10/10/2025 5:00,185
10/10/2025 6:00,198
10/10/2025 7:00,204
10/10/2025 8:00,214
10/10/2025 9:00,223
10/10/2025 10:00,230
10/10/2025 11:00,232
10/10/2025 12:00,240
10/10/2025 13:00,235
10/10/2025 14:00,230
10/10/2025 15:00,228
10/10/2025 16:00,210
10/10/2025 17:00,205
10/10/2025 18:00,188
10/10/2025 19:00,170
10/10/2025 20:00,165
10/10/2025 21:00,152
10/10/2025 22:00,155
10/10/2025 23:00,150
10/11/2025 0:00,147
10/11/2025 1:00,150
10/11/2025 2:00,153
10/11/2025 3:00,150
10/11/2025 4:00,150
10/11/2025 5:00,166
10/11/2025 6:00,183
10/11/2025 7:00,198
10/11/2025 8:00,213
10/11/2025 9:00,222
10/11/2025 10:00,233
10/11/2025 11:00,239
10/11/2025 12:00,245
10/11/2025 13:00,248
10/11/2025 14:00,250
10/11/2025 15:00,240
10/11/2025 16:00,230
10/11/2025 17:00,224
10/11/2025 18:00,210
10/11/2025 19:00,195
10/11/2025 20:00,178
10/11/2025 21:00,160
10/11/2025 22:00,153
10/11/2025 23:00,150
10/12/2025 0:00,139
10/12/2025 1:00,140
10/12/2025 2:00,145
10/12/2025 3:00,155
10/12/2025 4:00,160
10/12/2025 5:00,175
10/12/2025 6:00,190
10/12/2025 7:00,198
10/12/2025 8:00,211
10/12/2025 9:00,215
10/12/2025 10:00,223
10/12/2025 11:00,228
10/12/2025 12:00,235
10/12/2025 13:00,235
10/12/2025 14:00,240
10/12/2025 15:00,243
10/12/2025 16:00,243
10/12/2025 17:00,242
10/12/2025 18:00,228
10/12/2025 19:00,213
10/12/2025 20:00,200
10/12/2025 21:00,190
10/12/2025 22:00,170
10/12/2025 23:00,155
10/13/2025 0:00,155
10/13/2025 1:00,145
10/13/2025 2:00,145
10/13/2025 3:00,150
10/13/2025 4:00,165
10/13/2025 5:00,175
10/13/2025 6:00,190
10/13/2025 7:00,205
10/13/2025 8:00,208
10/13/2025 9:00,210
10/13/2025 10:00,220
10/13/2025 11:00,230
10/13/2025 12:00,228
10/13/2025 13:00,230
10/13/2025 14:00,230
10/13/2025 15:00,238
10/13/2025 16:00,238
10/13/2025 17:00,233
10/13/2025 18:00,240
10/13/2025 19:00,220
10/13/2025 20:00,210
10/13/2025 21:00,190
10/13/2025 22:00,175
10/13/2025 23:00,160
10/14/2025 0:00,155
10/14/2025 1:00,145
10/14/2025 2:00,140
10/14/2025 3:00,142
10/14/2025 4:00,145
10/14/2025 5:00,155
10/14/2025 6:00,178
10/14/2025 7:00,178
10/14/2025 8:00,190
10/14/2025 9:00,205
10/14/2025 10:00,210
10/14/2025 11:00,210
10/14/2025 12:00,213
10/14/2025 13:00,217
10/14/2025 14:00,220
10/14/2025 15:00,220
10/14/2025 16:00,228
10/14/2025 17:00,235
10/14/2025 18:00,233
10/14/2025 19:00,230
10/14/2025 20:00,224
10/14/2025 21:00,210
10/14/2025 22:00,193
10/14/2025 23:00,177
10/15/2025 0:00,158
10/15/2025 1:00,155
10/15/2025 2:00,145
10/15/2025 3:00,140
10/15/2025 4:00,143
10/15/2025 5:00,160
10/15/2025 6:00,178
10/15/2025 7:00,198
10/15/2025 8:00,205
10/15/2025 9:00,206
10/15/2025 10:00,213
10/15/2025 11:00,212
10/15/2025 12:00,202
10/15/2025 13:00,205
10/15/2025 14:00,210
10/15/2025 15:00,220
10/15/2025 16:00,225
10/15/2025 17:00,226
10/15/2025 18:00,233
10/15/2025 19:00,226
10/15/2025 20:00,220
10/15/2025 21:00,215
10/15/2025 22:00,200
10/15/2025 23:00,186
10/16/2025 0:00,175
10/16/2025 1:00,162
10/16/2025 2:00,157
10/16/2025 3:00,155
10/16/2025 4:00,162
10/16/2025 5:00,170
10/16/2025 6:00,177
10/16/2025 7:00,196
10/16/2025 8:00,208
10/16/2025 9:00,200
10/16/2025 10:00,205
10/16/2025 11:00,205
10/16/2025 12:00,202
10/16/2025 13:00,206
10/16/2025 14:00,208
10/16/2025 15:00,205
10/16/2025 16:00,210
10/16/2025 17:00,218
10/16/2025 18:00,228
10/16/2025 19:00,225
10/16/2025 20:00,225
10/16/2025 21:00,218
10/16/2025 22:00,215
10/16/2025 23:00,200
10/17/2025 0:00,195
10/17/2025 1:00,190
10/17/2025 2:00,175
10/17/2025 3:00,170
10/17/2025 4:00,167
10/17/2025 5:00,175
10/17/2025 6:00,180
10/17/2025 7:00,192
10/17/2025 8:00,212
10/17/2025 9:00,217
10/17/2025 10:00,220
10/17/2025 11:00,215
10/17/2025 12:00,211
10/17/2025 13:00,205
10/17/2025 14:00,200
10/17/2025 15:00,198
10/17/2025 16:00,202
10/17/2025 17:00,217
10/17/2025 18:00,215
10/17/2025 19:00,208
10/17/2025 20:00,215
10/17/2025 21:00,195
10/17/2025 22:00,199
10/17/2025 23:00,197
10/18/2025 0:00,188
10/18/2025 1:00,180
10/18/2025 2:00,175
10/18/2025 3:00,172
10/18/2025 4:00,170
10/18/2025 5:00,178
10/18/2025 6:00,183
10/18/2025 7:00,190
10/18/2025 8:00,208
10/18/2025 9:00,212
10/18/2025 10:00,215
10/18/2025 11:00,205
10/18/2025 12:00,205
10/18/2025 13:00,205
10/18/2025 14:00,198
10/18/2025 15:00,197
10/18/2025 16:00,190
10/18/2025 17:00,194
10/18/2025 18:00,198
10/18/2025 19:00,187
10/18/2025 20:00,190
10/18/2025 21:00,198
10/18/2025 22:00,187
10/18/2025 23:00,192
10/19/2025 0:00,185
10/19/2025 1:00,180
10/19/2025 2:00,175
10/19/2025 3:00,170
10/19/2025 4:00,170
10/19/2025 5:00,180
10/19/2025 6:00,185
10/19/2025 7:00,199
10/19/2025 8:00,207
10/19/2025 9:00,220
10/19/2025 10:00,218
10/19/2025 11:00,210
10/19/2025 12:00,215
10/19/2025 13:00,203
10/19/2025 14:00,205
10/19/2025 15:00,203
10/19/2025 16:00,195
10/19/2025 17:00,190
10/19/2025 18:00,187
10/19/2025 19:00,183
10/19/2025 20:00,180
10/19/2025 21:00,187
10/19/2025 22:00,185
10/19/2025 23:00,187
10/20/2025 0:00,188
10/20/2025 1:00,185
10/20/2025 2:00,182
10/20/2025 3:00,172
10/20/2025 4:00,180
10/20/2025 5:00,185
10/20/2025 6:00,190
10/20/2025 7:00,200
10/20/2025 8:00,218
10/20/2025 9:00,224
10/20/2025 10:00,225
10/20/2025 11:00,219
10/20/2025 12:00,220
10/20/2025 13:00,205
10/20/2025 14:00,205
10/20/2025 15:00,195
10/20/2025 16:00,199
10/20/2025 17:00,190
10/20/2025 18:00,185
10/20/2025 19:00,180
10/20/2025 20:00,180
10/20/2025 21:00,180
10/20/2025 22:00,183
10/20/2025 23:00,178
10/21/2025 0:00,173
10/21/2025 1:00,178
10/21/2025 2:00,182
10/21/2025 3:00,185
10/21/2025 4:00,185
10/21/2025 5:00,191
10/21/2025 6:00,200
10/21/2025 7:00,208
10/21/2025 8:00,225
10/21/2025 9:00,225
10/21/2025 10:00,230
10/21/2025 11:00,221
10/21/2025 12:00,215
10/21/2025 13:00,220
10/21/2025 14:00,215
10/21/2025 15:00,215
10/21/2025 16:00,189
10/21/2025 17:00,187
10/21/2025 18:00,180
10/21/2025 19:00,180
10/21/2025 20:00,175
10/21/2025 21:00,185
10/21/2025 22:00,189
10/21/2025 23:00,155
10/22/2025 0:00,165
10/22/2025 1:00,160
10/22/2025 2:00,169
10/22/2025 3:00,175
10/22/2025 4:00,181
10/22/2025 5:00,192
10/22/2025 6:00,200
10/22/2025 7:00,208
10/22/2025 8:00,210
10/22/2025 9:00,215
10/22/2025 10:00,213
10/22/2025 11:00,213
10/22/2025 12:00,210
10/22/2025 13:00,215
10/22/2025 14:00,202
10/22/2025 15:00,203
10/22/2025 16:00,190
10/22/2025 17:00,174
10/22/2025 18:00,162
10/22/2025 19:00,160
10/22/2025 20:00,154
10/22/2025 21:00,155
10/22/2025 22:00,160
10/22/2025 23:00,154
10/23/2025 0:00,158
10/23/2025 1:00,155
10/23/2025 2:00,155
10/23/2025 3:00,160
10/23/2025 4:00,175
10/23/2025 5:00,185
10/23/2025 6:00,195
10/23/2025 7:00,198
10/23/2025 8:00,212
10/23/2025 9:00,220
10/23/2025 10:00,230
10/23/2025 11:00,220
10/23/2025 12:00,223
10/23/2025 13:00,226
10/23/2025 14:00,223
10/23/2025 15:00,215
10/23/2025 16:00,193
10/23/2025 17:00,178
10/23/2025 18:00,175
10/23/2025 19:00,160
10/23/2025 20:00,155
10/23/2025 21:00,160
10/23/2025 22:00,165
10/23/2025 23:00,160
10/24/2025 0:00,160
10/24/2025 1:00,155
10/24/2025 2:00,152
10/24/2025 3:00,172
10/24/2025 4:00,174
10/24/2025 5:00,187
10/24/2025 6:00,193
10/24/2025 7:00,200
10/24/2025 8:00,220
10/24/2025 9:00,225
10/24/2025 10:00,219
10/24/2025 11:00,225
10/24/2025 12:00,223
10/24/2025 13:00,220
10/24/2025 14:00,215
10/24/2025 15:00,203
10/24/2025 16:00,190
10/24/2025 17:00,180
10/24/2025 18:00,171
10/24/2025 19:00,160
10/24/2025 20:00,161
10/24/2025 21:00,160
10/24/2025 22:00,170
10/24/2025 23:00,155
10/25/2025 0:00,155
10/25/2025 1:00,162
10/25/2025 2:00,165
10/25/2025 3:00,178
10/25/2025 4:00,175
10/25/2025 5:00,186
10/25/2025 6:00,192
10/25/2025 7:00,203
10/25/2025 8:00,205
10/25/2025 9:00,210
10/25/2025 10:00,220
10/25/2025 11:00,222
10/25/2025 12:00,228
10/25/2025 13:00,223
10/25/2025 14:00,220
10/25/2025 15:00,212
10/25/2025 16:00,195
10/25/2025 17:00,195
10/25/2025 18:00,173
10/25/2025 19:00,163
10/25/2025 20:00,153
10/25/2025 21:00,155
10/25/2025 22:00,154
10/25/2025 23:00,148
10/26/2025 0:00,157
10/26/2025 1:00,155
10/26/2025 2:00,154
10/26/2025 3:00,150
10/26/2025 4:00,155
10/26/2025 5:00,170
10/26/2025 6:00,185
10/26/2025 7:00,195
10/26/2025 8:00,217
10/26/2025 9:00,222
10/26/2025 10:00,230
10/26/2025 11:00,233
10/26/2025 12:00,233
10/26/2025 13:00,225
10/26/2025 14:00,230
10/26/2025 15:00,215
10/26/2025 16:00,210
10/26/2025 17:00,200
10/26/2025 18:00,185
10/26/2025 19:00,174
10/26/2025 20:00,162
10/26/2025 21:00,156
10/26/2025 22:00,156
10/26/2025 23:00,155
10/27/2025 0:00,157
10/27/2025 1:00,155
10/27/2025 2:00,156
10/27/2025 3:00,163
10/27/2025 4:00,175
10/27/2025 5:00,183
10/27/2025 6:00,190
10/27/2025 7:00,200
10/27/2025 8:00,217
10/27/2025 9:00,222
10/27/2025 10:00,225
10/27/2025 11:00,229
10/27/2025 12:00,224
10/27/2025 13:00,225
10/27/2025 14:00,227
10/27/2025 15:00,220
10/27/2025 16:00,210
10/27/2025 17:00,205
10/27/2025 18:00,200
10/27/2025 19:00,183
10/27/2025 20:00,172
10/27/2025 21:00,173
10/27/2025 22:00,160
10/27/2025 23:00,161
10/28/2025 0:00,155
10/28/2025 1:00,163
10/28/2025 2:00,150
10/28/2025 3:00,165
10/28/2025 4:00,170
10/28/2025 5:00,186
10/28/2025 6:00,190
10/28/2025 7:00,198
10/28/2025 8:00,200
10/28/2025 9:00,214
10/28/2025 10:00,220
10/28/2025 11:00,215
10/28/2025 12:00,217
10/28/2025 13:00,225
10/28/2025 14:00,230
10/28/2025 15:00,223
10/28/2025 16:00,225
10/28/2025 17:00,210
10/28/2025 18:00,200
10/28/2025 19:00,188
10/28/2025 20:00,178
10/28/2025 21:00,170
10/28/2025 22:00,160
10/28/2025 23:00,155
10/29/2025 0:00,150
10/29/2025 1:00,153
10/29/2025 2:00,142
10/29/2025 3:00,142
10/29/2025 4:00,143
10/29/2025 5:00,163
10/29/2025 6:00,175
10/29/2025 7:00,185
10/29/2025 8:00,205
10/29/2025 9:00,215
10/29/2025 10:00,214
10/29/2025 11:00,214
10/29/2025 12:00,212
10/29/2025 13:00,212
10/29/2025 14:00,210
10/29/2025 15:00,210
10/29/2025 16:00,211
10/29/2025 17:00,200
10/29/2025 18:00,198
10/29/2025 19:00,190
10/29/2025 20:00,183
10/29/2025 21:00,170
10/29/2025 22:00,160
10/29/2025 23:00,155
10/30/2025 0:00,145
10/30/2025 1:00,143
10/30/2025 2:00,146
10/30/2025 3:00,150
10/30/2025 4:00,155
10/30/2025 5:00,170
10/30/2025 6:00,183
10/30/2025 7:00,190
10/30/2025 8:00,204
10/30/2025 9:00,208
10/30/2025 10:00,212
10/30/2025 11:00,210
10/30/2025 12:00,214
10/30/2025 13:00,209
10/30/2025 14:00,206
10/30/2025 15:00,219
10/30/2025 16:00,220
10/30/2025 17:00,215
10/30/2025 18:00,213
10/30/2025 19:00,219
10/30/2025 20:00,195
10/30/2025 21:00,195
10/30/2025 22:00,183
10/30/2025 23:00,170
10/31/2025 0:00,163
10/31/2025 1:00,155
10/31/2025 2:00,175
10/31/2025 3:00,160
10/31/2025 4:00,160
10/31/2025 5:00,180
10/31/2025 6:00,188
10/31/2025 7:00,190
10/31/2025 8:00,196
10/31/2025 9:00,212
10/31/2025 10:00,205
10/31/2025 11:00,205
10/31/2025 12:00,204
10/31/2025 13:00,200
10/31/2025 14:00,194
10/31/2025 15:00,202
10/31/2025 16:00,207
10/31/2025 17:00,212
10/31/2025 18:00,210
10/31/2025 19:00,205
10/31/2025 20:00,200
10/31/2025 21:00,190
10/31/2025 22:00,185
10/31/2025 23:00,170
11/1/2025 0:00,168
11/1/2025 1:00,155
11/1/2025 2:00,150
11/1/2025 3:00,152
11/1/2025 4:00,163
11/1/2025 5:00,165
11/1/2025 6:00,192
11/1/2025 7:00,194
11/1/2025 8:00,207
11/1/2025 9:00,211
11/1/2025 10:00,215
11/1/2025 11:00,215
11/1/2025 12:00,217
11/1/2025 13:00,212
11/1/2025 14:00,218
11/1/2025 15:00,215
11/1/2025 16:00,220
11/1/2025 17:00,214
11/1/2025 18:00,208
11/1/2025 19:00,214
11/1/2025 20:00,210
11/1/2025 21:00,205
11/1/2025 22:00,193
11/1/2025 23:00,193
11/2/2025 0:00,187
11/2/2025 1:00,175
11/2/2025 2:00,170
11/2/2025 3:00,170
11/2/2025 4:00,180
11/2/2025 5:00,188
11/2/2025 6:00,200
11/2/2025 7:00,213
11/2/2025 8:00,220
11/2/2025 9:00,225
11/2/2025 10:00,219
11/2/2025 11:00,216
11/2/2025 12:00,215
11/2/2025 13:00,210
11/2/2025 14:00,209
11/2/2025 15:00,205
11/2/2025 16:00,197
11/2/2025 17:00,209
11/2/2025 18:00,209
11/2/2025 19:00,205
11/2/2025 20:00,208
11/2/2025 21:00,197
11/2/2025 22:00,193
11/2/2025 23:00,190
11/3/2025 0:00,185
11/3/2025 1:00,182
11/3/2025 2:00,188
11/3/2025 3:00,170
11/3/2025 4:00,180
11/3/2025 5:00,190
11/3/2025 6:00,210
11/3/2025 7:00,223
11/3/2025 8:00,224
11/3/2025 9:00,232
11/3/2025 10:00,230
11/3/2025 11:00,225
11/3/2025 12:00,217
11/3/2025 13:00,204
11/3/2025 14:00,205
11/3/2025 15:00,195
11/3/2025 16:00,180
11/3/2025 17:00,188
11/3/2025 18:00,188
11/3/2025 19:00,186
11/3/2025 20:00,193
11/3/2025 21:00,190
11/3/2025 22:00,184
11/3/2025 23:00,184
11/4/2025 0:00,178
11/4/2025 1:00,180
11/4/2025 2:00,177
11/4/2025 3:00,185
11/4/2025 4:00,188
11/4/2025 5:00,198
11/4/2025 6:00,208
11/4/2025 7:00,224
11/4/2025 8:00,228
11/4/2025 9:00,238
11/4/2025 10:00,250
11/4/2025 11:00,235
11/4/2025 12:00,223
11/4/2025 13:00,217
11/4/2025 14:00,205
11/4/2025 15:00,190
11/4/2025 16:00,180
11/4/2025 17:00,174
11/4/2025 18:00,170
11/4/2025 19:00,175
11/4/2025 20:00,180
11/4/2025 21:00,175
11/4/2025 22:00,180
11/4/2025 23:00,178
11/5/2025 0:00,175
11/5/2025 1:00,190
11/5/2025 2:00,187
11/5/2025 3:00,185
11/5/2025 4:00,178
11/5/2025 5:00,189
11/5/2025 6:00,204
11/5/2025 7:00,230
11/5/2025 8:00,237
11/5/2025 9:00,248
11/5/2025 10:00,245
11/5/2025 11:00,238
11/5/2025 12:00,223
11/5/2025 13:00,220
11/5/2025 14:00,200
11/5/2025 15:00,180
11/5/2025 16:00,177
11/5/2025 17:00,161
11/5/2025 18:00,150
11/5/2025 19:00,153
11/5/2025 20:00,158
11/5/2025 21:00,155
11/5/2025 22:00,155
11/5/2025 23:00,153
11/6/2025 0:00,156
11/6/2025 1:00,155
11/6/2025 2:00,164
11/6/2025 3:00,165
11/6/2025 4:00,185
11/6/2025 5:00,187
11/6/2025 6:00,205
11/6/2025 7:00,220
11/6/2025 8:00,240
11/6/2025 9:00,245
11/6/2025 10:00,252
11/6/2025 11:00,239
11/6/2025 12:00,237
11/6/2025 13:00,217
11/6/2025 14:00,215
11/6/2025 15:00,201
11/6/2025 16:00,175
11/6/2025 17:00,160
11/6/2025 18:00,150
11/6/2025 19:00,148
11/6/2025 20:00,150
11/6/2025 21:00,148
11/6/2025 22:00,146
11/6/2025 23:00,140
11/7/2025 0:00,144
11/7/2025 1:00,150
11/7/2025 2:00,162
11/7/2025 3:00,170
11/7/2025 4:00,182
11/7/2025 5:00,197
11/7/2025 6:00,215
11/7/2025 7:00,225
11/7/2025 8:00,245
11/7/2025 9:00,258
11/7/2025 10:00,265
11/7/2025 11:00,267
11/7/2025 12:00,260
11/7/2025 13:00,250
11/7/2025 14:00,232
11/7/2025 15:00,216
11/7/2025 16:00,200
11/7/2025 17:00,180
11/7/2025 18:00,165
11/7/2025 19:00,150
11/7/2025 20:00,147
11/7/2025 21:00,150
11/7/2025 22:00,154
11/7/2025 23:00,158
11/8/2025 0:00,147
11/8/2025 1:00,157
11/8/2025 2:00,160
11/8/2025 3:00,163
11/8/2025 4:00,170
11/8/2025 5:00,195
11/8/2025 6:00,205
11/8/2025 7:00,225
11/8/2025 8:00,230
11/8/2025 9:00,240
11/8/2025 10:00,255
11/8/2025 11:00,248
11/8/2025 12:00,250
11/8/2025 13:00,245
11/8/2025 14:00,237
11/8/2025 15:00,220
11/8/2025 16:00,200
11/8/2025 17:00,190
11/8/2025 18:00,172
11/8/2025 19:00,155
11/8/2025 20:00,143
11/8/2025 21:00,110
11/8/2025 22:00,135
11/8/2025 23:00,130
11/9/2025 0:00,130
11/9/2025 1:00,141
11/9/2025 2:00,147
11/9/2025 3:00,145
11/9/2025 4:00,150
11/9/2025 5:00,169
11/9/2025 6:00,180
11/9/2025 7:00,198
11/9/2025 8:00,210
11/9/2025 9:00,224
11/9/2025 10:00,240
11/9/2025 11:00,242
11/9/2025 12:00,248
11/9/2025 13:00,248
11/9/2025 14:00,248
11/9/2025 15:00,238
11/9/2025 16:00,225
11/9/2025 17:00,205
11/9/2025 18:00,182
11/9/2025 19:00,170
11/9/2025 20:00,155
11/9/2025 21:00,147
11/9/2025 22:00,144
11/9/2025 23:00,146
11/10/2025 0:00,142
11/10/2025 1:00,138
11/10/2025 2:00,138
11/10/2025 3:00,143
11/10/2025 4:00,153
11/10/2025 5:00,153
11/10/2025 6:00,182
11/10/2025 7:00,190
11/10/2025 8:00,214
11/10/2025 9:00,220
11/10/2025 10:00,226
11/10/2025 11:00,242
11/10/2025 12:00,248
11/10/2025 13:00,254
11/10/2025 14:00,250
11/10/2025 15:00,245
11/10/2025 16:00,235
11/10/2025 17:00,215
11/10/2025 18:00,206
11/10/2025 19:00,190
11/10/2025 20:00,175
11/10/2025 21:00,166
11/10/2025 22:00,156
11/10/2025 23:00,151
11/11/2025 0:00,150
11/11/2025 1:00,150
11/11/2025 2:00,146
11/11/2025 3:00,150
11/11/2025 4:00,160
11/11/2025 5:00,177
11/11/2025 6:00,188
11/11/2025 7:00,205
11/11/2025 8:00,204
11/11/2025 9:00,220
11/11/2025 10:00,220
11/11/2025 11:00,230
11/11/2025 12:00,226
11/11/2025 13:00,235
11/11/2025 14:00,231
11/11/2025 15:00,233
11/11/2025 16:00,225
11/11/2025 17:00,225
11/11/2025 18:00,210
11/11/2025 19:00,194
11/11/2025 20:00,195
11/11/2025 21:00,187
11/11/2025 22:00,160
11/11/2025 23:00,150
11/12/2025 0:00,162
11/12/2025 1:00,155
11/12/2025 2:00,142
11/12/2025 3:00,150
11/12/2025 4:00,149
11/12/2025 5:00,170
11/12/2025 6:00,177
11/12/2025 7:00,184
11/12/2025 8:00,185
11/12/2025 9:00,194
11/12/2025 10:00,202
11/12/2025 11:00,200
11/12/2025 12:00,203
11/12/2025 13:00,218
11/12/2025 14:00,218
11/12/2025 15:00,210
11/12/2025 16:00,212
11/12/2025 17:00,210
11/12/2025 18:00,203
11/12/2025 19:00,200
11/12/2025 20:00,190
11/12/2025 21:00,184
11/12/2025 22:00,172
11/12/2025 23:00,160
11/13/2025 0:00,150
11/13/2025 1:00,147
11/13/2025 2:00,150
11/13/2025 3:00,145
11/13/2025 4:00,148
11/13/2025 5:00,170
11/13/2025 6:00,173
11/13/2025 7:00,190
11/13/2025 8:00,200
11/13/2025 9:00,210
11/13/2025 10:00,205
11/13/2025 11:00,205
11/13/2025 12:00,207
11/13/2025 13:00,205
11/13/2025 14:00,210
11/13/2025 15:00,210
11/13/2025 16:00,208
11/13/2025 17:00,208
11/13/2025 18:00,200
11/13/2025 19:00,198
11/13/2025 20:00,202
11/13/2025 21:00,192
11/13/2025 22:00,185
11/13/2025 23:00,175
11/14/2025 0:00,165
11/14/2025 1:00,154
11/14/2025 2:00,167
11/14/2025 3:00,160
11/14/2025 4:00,167
11/14/2025 5:00,173
11/14/2025 6:00,190
11/14/2025 7:00,198
11/14/2025 8:00,200
11/14/2025 9:00,205
11/14/2025 10:00,207
11/14/2025 11:00,205
11/14/2025 12:00,203
11/14/2025 13:00,200
11/14/2025 14:00,196
11/14/2025 15:00,190
11/14/2025 16:00,198
11/14/2025 17:00,201
11/14/2025 18:00,195
11/14/2025 19:00,190
11/14/2025 20:00,195
11/14/2025 21:00,186
11/14/2025 22:00,185
11/14/2025 23:00,170
11/15/2025 0:00,170
11/15/2025 1:00,163
11/15/2025 2:00,164
11/15/2025 3:00,170
11/15/2025 4:00,175
11/15/2025 5:00,180
11/15/2025 6:00,209
11/15/2025 7:00,216
11/15/2025 8:00,220
11/15/2025 9:00,227
11/15/2025 10:00,233
11/15/2025 11:00,225
11/15/2025 12:00,228
11/15/2025 13:00,220
11/15/2025 14:00,214
11/15/2025 15:00,210
11/15/2025 16:00,200
11/15/2025 17:00,208
11/15/2025 18:00,198
11/15/2025 19:00,188
11/15/2025 20:00,190
11/15/2025 21:00,187
11/15/2025 22:00,180
11/15/2025 23:00,180
11/16/2025 0:00,175
11/16/2025 1:00,170
11/16/2025 2:00,174
11/16/2025 3:00,180
11/16/2025 4:00,187
11/16/2025 5:00,198
11/16/2025 6:00,201
11/16/2025 7:00,215
11/16/2025 8:00,217
11/16/2025 9:00,214
11/16/2025 10:00,220
11/16/2025 11:00,215
11/16/2025 12:00,208
11/16/2025 13:00,212
11/16/2025 14:00,204
11/16/2025 15:00,200
11/16/2025 16:00,190
11/16/2025 17:00,188
11/16/2025 18:00,187
11/16/2025 19:00,185
11/16/2025 20:00,180
11/16/2025 21:00,180
11/16/2025 22:00,175
11/16/2025 23:00,185
11/17/2025 0:00,178
11/17/2025 1:00,170
11/17/2025 2:00,185
11/17/2025 3:00,185
11/17/2025 4:00,183
11/17/2025 5:00,194
11/17/2025 6:00,205
11/17/2025 7:00,220
11/17/2025 8:00,220
11/17/2025 9:00,225
11/17/2025 10:00,222
11/17/2025 11:00,215
11/17/2025 12:00,207
11/17/2025 13:00,202
11/17/2025 14:00,197
11/17/2025 15:00,188
11/17/2025 16:00,180
11/17/2025 17:00,173
11/17/2025 18:00,165
11/17/2025 19:00,172
11/17/2025 20:00,170
11/17/2025 21:00,170
11/17/2025 22:00,165
11/17/2025 23:00,170
11/18/2025 0:00,170
11/18/2025 1:00,165
11/18/2025 2:00,177
11/18/2025 3:00,185
11/18/2025 4:00,200
11/18/2025 5:00,207
11/18/2025 6:00,220
11/18/2025 7:00,232
11/18/2025 8:00,240
11/18/2025 9:00,238
11/18/2025 10:00,239
11/18/2025 11:00,249
11/18/2025 12:00,232
11/18/2025 13:00,209
11/18/2025 14:00,203
11/18/2025 15:00,165
11/18/2025 16:00,170
11/18/2025 17:00,160
11/18/2025 18:00,157
11/18/2025 19:00,152
11/18/2025 20:00,155
11/18/2025 21:00,162
11/18/2025 22:00,165
11/18/2025 23:00,160
11/19/2025 0:00,170
11/19/2025 1:00,178
11/19/2025 2:00,180
11/19/2025 3:00,190
11/19/2025 4:00,205
11/19/2025 5:00,224
11/19/2025 6:00,238
11/19/2025 7:00,244
11/19/2025 8:00,253
11/19/2025 9:00,253
11/19/2025 10:00,250
11/19/2025 11:00,245
11/19/2025 12:00,236
11/19/2025 13:00,225
11/19/2025 14:00,210
11/19/2025 15:00,195
11/19/2025 16:00,185
11/19/2025 17:00,178
11/19/2025 18:00,168
11/19/2025 19:00,170
11/19/2025 20:00,167
11/19/2025 21:00,167
11/19/2025 22:00,165
11/19/2025 23:00,172
11/20/2025 0:00,185
11/20/2025 1:00,180
11/20/2025 2:00,188
11/20/2025 3:00,192
11/20/2025 4:00,210
11/20/2025 5:00,218
11/20/2025 6:00,228
11/20/2025 7:00,238
11/20/2025 8:00,240
11/20/2025 9:00,237
11/20/2025 10:00,242
11/20/2025 11:00,242
11/20/2025 12:00,229
11/20/2025 13:00,220
11/20/2025 14:00,210
11/20/2025 15:00,191
11/20/2025 16:00,170
11/20/2025 17:00,155
11/20/2025 18:00,158
11/20/2025 19:00,152
11/20/2025 20:00,155
11/20/2025 21:00,157
11/20/2025 22:00,165
11/20/2025 23:00,150
11/21/2025 0:00,159
11/21/2025 1:00,160
11/21/2025 2:00,170
11/21/2025 3:00,176
11/21/2025 4:00,189
11/21/2025 5:00,198
11/21/2025 6:00,210
11/21/2025 7:00,221
11/21/2025 8:00,237
11/21/2025 9:00,245
11/21/2025 10:00,240
11/21/2025 11:00,241
11/21/2025 12:00,228
11/21/2025 13:00,220
11/21/2025 14:00,203
11/21/2025 15:00,188
11/21/2025 16:00,175
11/21/2025 17:00,154
11/21/2025 18:00,148
11/21/2025 19:00,150
11/21/2025 20:00,144
11/21/2025 21:00,148
11/21/2025 22:00,150
11/21/2025 23:00,150
11/22/2025 0:00,159
11/22/2025 1:00,157
11/22/2025 2:00,160
11/22/2025 3:00,180
11/22/2025 4:00,190
11/22/2025 5:00,190
11/22/2025 6:00,210
11/22/2025 7:00,225
11/22/2025 8:00,240
11/22/2025 9:00,256
11/22/2025 10:00,265
11/22/2025 11:00,259
11/22/2025 12:00,248
11/22/2025 13:00,243
11/22/2025 14:00,225
11/22/2025 15:00,218
11/22/2025 16:00,201
11/22/2025 17:00,187
11/22/2025 18:00,163
11/22/2025 19:00,160
11/22/2025 20:00,165
11/22/2025 21:00,160
11/22/2025 22:00,160
11/22/2025 23:00,165
11/23/2025 0:00,165
11/23/2025 1:00,163
11/23/2025 2:00,174
11/23/2025 3:00,180
11/23/2025 4:00,188
11/23/2025 5:00,197
11/23/2025 6:00,215
11/23/2025 7:00,220
11/23/2025 8:00,236
11/23/2025 9:00,242
11/23/2025 10:00,254
11/23/2025 11:00,249
11/23/2025 12:00,242
11/23/2025 13:00,230
11/23/2025 14:00,230
11/23/2025 15:00,230
11/23/2025 16:00,207
11/23/2025 17:00,197
11/23/2025 18:00,185
11/23/2025 19:00,170
11/23/2025 20:00,155
11/23/2025 21:00,153
11/23/2025 22:00,150
11/23/2025 23:00,158
11/24/2025 0:00,160
11/24/2025 1:00,160
11/24/2025 2:00,160
11/24/2025 3:00,170
11/24/2025 4:00,175
11/24/2025 5:00,192
11/24/2025 6:00,200
11/24/2025 7:00,218
11/24/2025 8:00,217
11/24/2025 9:00,232
11/24/2025 10:00,234
11/24/2025 11:00,238
11/24/2025 12:00,235
11/24/2025 13:00,230
11/24/2025 14:00,230
11/24/2025 15:00,220
11/24/2025 16:00,210
11/24/2025 17:00,188
11/24/2025 18:00,172
11/24/2025 19:00,168
11/24/2025 20:00,160
11/24/2025 21:00,152
11/24/2025 22:00,150
11/24/2025 23:00,147
11/25/2025 0:00,150
11/25/2025 1:00,146
11/25/2025 2:00,158
11/25/2025 3:00,164
11/25/2025 4:00,174
11/25/2025 5:00,188
11/25/2025 6:00,195
11/25/2025 7:00,208
11/25/2025 8:00,220
11/25/2025 9:00,228
11/25/2025 10:00,233
11/25/2025 11:00,245
11/25/2025 12:00,248
11/25/2025 13:00,248
11/25/2025 14:00,230
11/25/2025 15:00,225
11/25/2025 16:00,215
11/25/2025 17:00,199
11/25/2025 18:00,190
11/25/2025 19:00,175
11/25/2025 20:00,172
11/25/2025 21:00,163
11/25/2025 22:00,155
11/25/2025 23:00,160
11/26/2025 0:00,162
11/26/2025 1:00,155
11/26/2025 2:00,165
11/26/2025 3:00,173
11/26/2025 4:00,182
11/26/2025 5:00,185
11/26/2025 6:00,200
11/26/2025 7:00,210
11/26/2025 8:00,220
11/26/2025 9:00,224
11/26/2025 10:00,211
11/26/2025 11:00,218
11/26/2025 12:00,235
11/26/2025 13:00,242
11/26/2025 14:00,233
11/26/2025 15:00,224
11/26/2025 16:00,220
11/26/2025 17:00,208
11/26/2025 18:00,198
11/26/2025 19:00,185
11/26/2025 20:00,175
11/26/2025 21:00,172
11/26/2025 22:00,165
11/26/2025 23:00,162
11/27/2025 0:00,160
11/27/2025 1:00,168
11/27/2025 2:00,164
11/27/2025 3:00,176
11/27/2025 4:00,175
11/27/2025 5:00,187
11/27/2025 6:00,198
11/27/2025 7:00,203
11/27/2025 8:00,206
11/27/2025 9:00,215
11/27/2025 10:00,220
11/27/2025 11:00,222
11/27/2025 12:00,225
11/27/2025 13:00,224
11/27/2025 14:00,225
11/27/2025 15:00,227
11/27/2025 16:00,217
11/27/2025 17:00,212
11/27/2025 18:00,202
11/27/2025 19:00,193
11/27/2025 20:00,195
11/27/2025 21:00,180
11/27/2025 22:00,170
11/27/2025 23:00,168
11/28/2025 0:00,160
11/28/2025 1:00,163
11/28/2025 2:00,168
11/28/2025 3:00,182
11/28/2025 4:00,168
11/28/2025 5:00,182
11/28/2025 6:00,178
11/28/2025 7:00,193
11/28/2025 8:00,204
11/28/2025 9:00,214
11/28/2025 10:00,212
11/28/2025 11:00,218
11/28/2025 12:00,220
11/28/2025 13:00,218
11/28/2025 14:00,232
11/28/2025 15:00,224
11/28/2025 16:00,225
11/28/2025 17:00,215
11/28/2025 18:00,210
11/28/2025 19:00,210
11/28/2025 20:00,200
11/28/2025 21:00,192
11/28/2025 22:00,190
11/28/2025 23:00,180
11/29/2025 0:00,170
11/29/2025 1:00,165
11/29/2025 2:00,175
11/29/2025 3:00,185
11/29/2025 4:00,188
11/29/2025 5:00,199
11/29/2025 6:00,204
11/29/2025 7:00,220
11/29/2025 8:00,225
11/29/2025 9:00,230
11/29/2025 10:00,215
11/29/2025 11:00,213
11/29/2025 12:00,210
11/29/2025 13:00,212
11/29/2025 14:00,212
11/29/2025 15:00,216
11/29/2025 16:00,217
11/29/2025 17:00,210
11/29/2025 18:00,206
11/29/2025 19:00,205
11/29/2025 20:00,200
11/29/2025 21:00,198
11/29/2025 22:00,187
11/29/2025 23:00,175
11/30/2025 0:00,170
11/30/2025 1:00,179
11/30/2025 2:00,175
11/30/2025 3:00,188
11/30/2025 4:00,190
11/30/2025 5:00,202
11/30/2025 6:00,215
11/30/2025 7:00,223
11/30/2025 8:00,223
11/30/2025 9:00,220
11/30/2025 10:00,218
11/30/2025 11:00,213
11/30/2025 12:00,210
11/30/2025 13:00,205
11/30/2025 14:00,202
11/30/2025 15:00,202
11/30/2025 16:00,204
11/30/2025 17:00,200
11/30/2025 18:00,198
11/30/2025 19:00,190
11/30/2025 20:00,192
11/30/2025 21:00,188
11/30/2025 22:00,192
11/30/2025 23:00,180
12/1/2025 0:00,180
12/1/2025 1:00,170
12/1/2025 2:00,175
12/1/2025 3:00,189
12/1/2025 4:00,207
12/1/2025 5:00,213
12/1/2025 6:00,225
12/1/2025 7:00,231
12/1/2025 8:00,240
12/1/2025 9:00,230
12/1/2025 10:00,220
12/1/2025 11:00,230
12/1/2025 12:00,214
12/1/2025 13:00,218
12/1/2025 14:00,205
12/1/2025 15:00,195
12/1/2025 16:00,190
12/1/2025 17:00,185
12/1/2025 18:00,183
12/1/2025 19:00,180
12/1/2025 20:00,184
12/1/2025 21:00,185
12/1/2025 22:00,180
12/1/2025 23:00,186
12/2/2025 0:00,185
12/2/2025 1:00,189
12/2/2025 2:00,193
12/2/2025 3:00,200
12/2/2025 4:00,205
12/2/2025 5:00,225
12/2/2025 6:00,238
12/2/2025 7:00,238
12/2/2025 8:00,242
12/2/2025 9:00,241
12/2/2025 10:00,235
12/2/2025 11:00,237
12/2/2025 12:00,227
12/2/2025 13:00,218
12/2/2025 14:00,205
12/2/2025 15:00,205
12/2/2025 16:00,180
12/2/2025 17:00,182
12/2/2025 18:00,178
12/2/2025 19:00,175
12/2/2025 20:00,178
12/2/2025 21:00,175
12/2/2025 22:00,177
12/2/2025 23:00,177
12/3/2025 0:00,180
12/3/2025 1:00,185
12/3/2025 2:00,187
12/3/2025 3:00,195
12/3/2025 4:00,206
12/3/2025 5:00,218
12/3/2025 6:00,240
12/3/2025 7:00,247
12/3/2025 8:00,248
12/3/2025 9:00,250
12/3/2025 10:00,258
12/3/2025 11:00,244
12/3/2025 12:00,230
12/3/2025 13:00,220
12/3/2025 14:00,203
12/3/2025 15:00,184
12/3/2025 16:00,172
12/3/2025 17:00,160
12/3/2025 18:00,149
12/3/2025 19:00,140
12/3/2025 20:00,154
12/3/2025 21:00,150
12/3/2025 22:00,154
12/3/2025 23:00,165
12/4/2025 0:00,177
12/4/2025 1:00,180
12/4/2025 2:00,192
12/4/2025 3:00,190
12/4/2025 4:00,208
12/4/2025 5:00,228
12/4/2025 6:00,233
12/4/2025 7:00,252
12/4/2025 8:00,262
12/4/2025 9:00,275
12/4/2025 10:00,280
12/4/2025 11:00,268
12/4/2025 12:00,250
12/4/2025 13:00,235
12/4/2025 14:00,210
12/4/2025 15:00,190
12/4/2025 16:00,175
12/4/2025 17:00,150
12/4/2025 18:00,145
12/4/2025 19:00,138
12/4/2025 20:00,138
12/4/2025 21:00,140
12/4/2025 22:00,145
12/4/2025 23:00,150
12/5/2025 0:00,157
12/5/2025 1:00,163
12/5/2025 2:00,172
12/5/2025 3:00,182
12/5/2025 4:00,197
12/5/2025 5:00,197
12/5/2025 6:00,225
12/5/2025 7:00,240
12/5/2025 8:00,255
12/5/2025 9:00,268
12/5/2025 10:00,260
12/5/2025 11:00,250
12/5/2025 12:00,250
12/5/2025 13:00,235
12/5/2025 14:00,205
12/5/2025 15:00,200
12/5/2025 16:00,172
12/5/2025 17:00,150
12/5/2025 18:00,137
12/5/2025 19:00,135
12/5/2025 20:00,120
12/5/2025 21:00,130
12/5/2025 22:00,133
12/5/2025 23:00,145
12/6/2025 0:00,147
12/6/2025 1:00,155
12/6/2025 2:00,160
12/6/2025 3:00,180
12/6/2025 4:00,185
12/6/2025 5:00,200
12/6/2025 6:00,218
12/6/2025 7:00,235
12/6/2025 8:00,244
12/6/2025 9:00,269
12/6/2025 10:00,279
12/6/2025 11:00,278
12/6/2025 12:00,270
12/6/2025 13:00,258
12/6/2025 14:00,240
12/6/2025 15:00,220
12/6/2025 16:00,190
12/6/2025 17:00,180
12/6/2025 18:00,157
12/6/2025 19:00,144
12/6/2025 20:00,134
12/6/2025 21:00,142
12/6/2025 22:00,145
12/6/2025 23:00,150
12/7/2025 0:00,155
12/7/2025 1:00,160
12/7/2025 2:00,165
12/7/2025 3:00,172
12/7/2025 4:00,180
12/7/2025 5:00,190
12/7/2025 6:00,202
12/7/2025 7:00,210
12/7/2025 8:00,240
12/7/2025 9:00,250
12/7/2025 10:00,265
12/7/2025 11:00,271
12/7/2025 12:00,270
12/7/2025 13:00,258
12/7/2025 14:00,245
12/7/2025 15:00,230
12/7/2025 16:00,200
12/7/2025 17:00,180
12/7/2025 18:00,170
12/7/2025 19:00,148
12/7/2025 20:00,146
12/7/2025 21:00,146
12/7/2025 22:00,145
12/7/2025 23:00,148
12/8/2025 0:00,150
12/8/2025 1:00,160
12/8/2025 2:00,170
12/8/2025 3:00,170
12/8/2025 4:00,178
12/8/2025 5:00,185
12/8/2025 6:00,192
12/8/2025 7:00,195
12/8/2025 8:00,203
12/8/2025 9:00,234
12/8/2025 10:00,243
12/8/2025 11:00,260
12/8/2025 12:00,258
12/8/2025 13:00,253
12/8/2025 14:00,248
12/8/2025 15:00,230
12/8/2025 16:00,214
12/8/2025 17:00,197
12/8/2025 18:00,175
12/8/2025 19:00,165
12/8/2025 20:00,155
12/8/2025 21:00,149
12/8/2025 22:00,150
12/8/2025 23:00,148
12/9/2025 0:00,148
12/9/2025 1:00,149
12/9/2025 2:00,158
12/9/2025 3:00,165
12/9/2025 4:00,170
12/9/2025 5:00,177
12/9/2025 6:00,175
12/9/2025 7:00,186
12/9/2025 8:00,180
12/9/2025 9:00,195
12/9/2025 10:00,213
12/9/2025 11:00,220
12/9/2025 12:00,230
12/9/2025 13:00,240
12/9/2025 14:00,225
12/9/2025 15:00,224
12/9/2025 16:00,205
12/9/2025 17:00,198
12/9/2025 18:00,190
12/9/2025 19:00,180
12/9/2025 20:00,163
12/9/2025 21:00,157
12/9/2025 22:00,150
12/9/2025 23:00,149
12/10/2025 0:00,156
12/10/2025 1:00,155
12/10/2025 2:00,160
12/10/2025 3:00,167
12/10/2025 4:00,166
12/10/2025 5:00,172
12/10/2025 6:00,180
12/10/2025 7:00,190
12/10/2025 8:00,200
12/10/2025 9:00,205
12/10/2025 10:00,210
12/10/2025 11:00,218
12/10/2025 12:00,223
12/10/2025 13:00,230
12/10/2025 14:00,225
12/10/2025 15:00,220
12/10/2025 16:00,227
12/10/2025 17:00,210
12/10/2025 18:00,200
12/10/2025 19:00,190
12/10/2025 20:00,182
12/10/2025 21:00,180
12/10/2025 22:00,170
12/10/2025 23:00,164
12/11/2025 0:00,164
12/11/2025 1:00,165
12/11/2025 2:00,170
12/11/2025 3:00,177
12/11/2025 4:00,185
12/11/2025 5:00,195
12/11/2025 6:00,199
12/11/2025 7:00,202
12/11/2025 8:00,204
12/11/2025 9:00,210
12/11/2025 10:00,208
12/11/2025 11:00,209
12/11/2025 12:00,203
12/11/2025 13:00,215
12/11/2025 14:00,215
12/11/2025 15:00,213
12/11/2025 16:00,209
12/11/2025 17:00,195
12/11/2025 18:00,195
12/11/2025 19:00,182
12/11/2025 20:00,179
12/11/2025 21:00,160
12/11/2025 22:00,155
12/11/2025 23:00,159
12/12/2025 0:00,160
12/12/2025 1:00,160
12/12/2025 2:00,165
12/12/2025 3:00,180
12/12/2025 4:00,185
12/12/2025 5:00,198
12/12/2025 6:00,209
12/12/2025 7:00,215
12/12/2025 8:00,210
12/12/2025 9:00,208
12/12/2025 10:00,215
12/12/2025 11:00,208
12/12/2025 12:00,205
12/12/2025 13:00,199
12/12/2025 14:00,195
12/12/2025 15:00,193
12/12/2025 16:00,195
12/12/2025 17:00,188
12/12/2025 18:00,180
12/12/2025 19:00,182
12/12/2025 20:00,170
12/12/2025 21:00,175
12/12/2025 22:00,183
12/12/2025 23:00,170
12/13/2025 0:00,178
12/13/2025 1:00,180
12/13/2025 2:00,183
12/13/2025 3:00,190
12/13/2025 4:00,195
12/13/2025 5:00,203
12/13/2025 6:00,215
12/13/2025 7:00,215
12/13/2025 8:00,215
12/13/2025 9:00,224
12/13/2025 10:00,227
12/13/2025 11:00,220
12/13/2025 12:00,210
12/13/2025 13:00,206
12/13/2025 14:00,195
12/13/2025 15:00,190
12/13/2025 16:00,185
12/13/2025 17:00,182
12/13/2025 18:00,180
12/13/2025 19:00,175
12/13/2025 20:00,173
12/13/2025 21:00,175
12/13/2025 22:00,175
12/13/2025 23:00,170
12/14/2025 0:00,170
12/14/2025 1:00,180
12/14/2025 2:00,182
12/14/2025 3:00,184
12/14/2025 4:00,198
12/14/2025 5:00,208
12/14/2025 6:00,215
12/14/2025 7:00,207
12/14/2025 8:00,214
12/14/2025 9:00,209
12/14/2025 10:00,198
12/14/2025 11:00,200
12/14/2025 12:00,192
12/14/2025 13:00,185
12/14/2025 14:00,170
12/14/2025 15:00,160
12/14/2025 16:00,155
12/14/2025 17:00,144
12/14/2025 18:00,142
12/14/2025 19:00,140
12/14/2025 20:00,138
12/14/2025 21:00,140
12/14/2025 22:00,138
12/14/2025 23:00,138
12/15/2025 0:00,150
12/15/2025 1:00,160
12/15/2025 2:00,169
12/15/2025 3:00,174
12/15/2025 4:00,190
12/15/2025 5:00,195
12/15/2025 6:00,205
12/15/2025 7:00,207
12/15/2025 8:00,214
12/15/2025 9:00,209
12/15/2025 10:00,198
12/15/2025 11:00,200
12/15/2025 12:00,192
12/15/2025 13:00,185
12/15/2025 14:00,170
12/15/2025 15:00,160
12/15/2025 16:00,155
12/15/2025 17:00,144
12/15/2025 18:00,142
12/15/2025 19:00,140
12/15/2025 20:00,138
12/15/2025 21:00,140
12/15/2025 22:00,138
12/15/2025 23:00,138
12/16/2025 0:00,140
12/16/2025 1:00,158
12/16/2025 2:00,160
12/16/2025 3:00,170
12/16/2025 4:00,180
12/16/2025 5:00,190
12/16/2025 6:00,207
12/16/2025 7:00,210
12/16/2025 8:00,224
12/16/2025 9:00,218
12/16/2025 10:00,212
12/16/2025 11:00,210
12/16/2025 12:00,198
12/16/2025 13:00,185
12/16/2025 14:00,174
12/16/2025 15:00,170
12/16/2025 16:00,150
12/16/2025 17:00,150
12/16/2025 18:00,140
12/16/2025 19:00,148
12/16/2025 20:00,135
12/16/2025 21:00,145
12/16/2025 22:00,140
12/16/2025 23:00,140
12/17/2025 0:00,148
12/17/2025 1:00,157
12/17/2025 2:00,164
12/17/2025 3:00,185
12/17/2025 4:00,194
12/17/2025 5:00,205
12/17/2025 6:00,218
12/17/2025 7:00,232
12/17/2025 8:00,230
12/17/2025 9:00,232
12/17/2025 10:00,235
12/17/2025 11:00,221
12/17/2025 12:00,221
12/17/2025 13:00,198
12/17/2025 14:00,185
12/17/2025 15:00,162
12/17/2025 16:00,152
12/17/2025 17:00,143
12/17/2025 18:00,138
12/17/2025 19:00,138
12/17/2025 20:00,140
12/17/2025 21:00,138
12/17/2025 22:00,150
12/17/2025 23:00,142
12/18/2025 0:00,150
12/18/2025 1:00,157
12/18/2025 2:00,169
12/18/2025 3:00,185
12/18/2025 4:00,190
12/18/2025 5:00,205
12/18/2025 6:00,218
12/18/2025 7:00,220
12/18/2025 8:00,226
12/18/2025 9:00,240
12/18/2025 10:00,230
12/18/2025 11:00,210
12/18/2025 12:00,208
12/18/2025 13:00,198
12/18/2025 14:00,198
12/18/2025 15:00,160
12/18/2025 16:00,150
12/18/2025 17:00,140
12/18/2025 18:00,145
12/18/2025 19:00,140
12/18/2025 20:00,138
12/18/2025 21:00,146
12/18/2025 22:00,135
12/18/2025 23:00,138
12/19/2025 0:00,148
12/19/2025 1:00,165
12/19/2025 2:00,168
12/19/2025 3:00,174
12/19/2025 4:00,180
12/19/2025 5:00,197
12/19/2025 6:00,207
12/19/2025 7:00,220
12/19/2025 8:00,238
12/19/2025 9:00,233
12/19/2025 10:00,233
12/19/2025 11:00,223
12/19/2025 12:00,214
12/19/2025 13:00,202
12/19/2025 14:00,185
12/19/2025 15:00,170
12/19/2025 16:00,150
12/19/2025 17:00,137
12/19/2025 18:00,135
12/19/2025 19:00,140
12/19/2025 20:00,147
12/19/2025 21:00,147
12/19/2025 22:00,147
12/19/2025 23:00,145
12/20/2025 0:00,153
12/20/2025 1:00,165
12/20/2025 2:00,165
12/20/2025 3:00,166
12/20/2025 4:00,178
12/20/2025 5:00,195
12/20/2025 6:00,210
12/20/2025 7:00,215
12/20/2025 8:00,233
12/20/2025 9:00,230
12/20/2025 10:00,238
12/20/2025 11:00,225
12/20/2025 12:00,222
12/20/2025 13:00,217
12/20/2025 14:00,212
12/20/2025 15:00,185
12/20/2025 16:00,171
12/20/2025 17:00,157
12/20/2025 18:00,142
12/20/2025 19:00,145
12/20/2025 20:00,147
12/20/2025 21:00,145
12/20/2025 22:00,155
12/20/2025 23:00,155
12/21/2025 0:00,165
12/21/2025 1:00,170
12/21/2025 2:00,175
12/21/2025 3:00,180
12/21/2025 4:00,185
12/21/2025 5:00,190
12/21/2025 6:00,215
12/21/2025 7:00,218
12/21/2025 8:00,234
12/21/2025 9:00,242
12/21/2025 10:00,243
12/21/2025 11:00,243
12/21/2025 12:00,234
12/21/2025 13:00,230
12/21/2025 14:00,210
12/21/2025 15:00,197
12/21/2025 16:00,178
12/21/2025 17:00,163
12/21/2025 18:00,178
12/21/2025 19:00,145
12/21/2025 20:00,148
12/21/2025 21:00,158
12/21/2025 22:00,147
12/21/2025 23:00,150
12/22/2025 0:00,158
12/22/2025 1:00,168
12/22/2025 2:00,174
12/22/2025 3:00,172
12/22/2025 4:00,177
12/22/2025 5:00,187
12/22/2025 6:00,198
12/22/2025 7:00,210
12/22/2025 8:00,224
12/22/2025 9:00,230
12/22/2025 10:00,238
12/22/2025 11:00,240
12/22/2025 12:00,235
12/22/2025 13:00,225
12/22/2025 14:00,215
12/22/2025 15:00,198
12/22/2025 16:00,185
12/22/2025 17:00,168
12/22/2025 18:00,158
12/22/2025 19:00,150
12/22/2025 20:00,150
12/22/2025 21:00,150
12/22/2025 22:00,150
12/22/2025 23:00,157
12/23/2025 0:00,165
12/23/2025 1:00,168
12/23/2025 2:00,172
12/23/2025 3:00,175
12/23/2025 4:00,177
12/23/2025 5:00,197
12/23/2025 6:00,199
12/23/2025 7:00,205
12/23/2025 8:00,215
12/23/2025 9:00,228
12/23/2025 10:00,238
12/23/2025 11:00,242
12/23/2025 12:00,236
12/23/2025 13:00,230
12/23/2025 14:00,225
12/23/2025 15:00,220
12/23/2025 16:00,190
12/23/2025 17:00,180
12/23/2025 18:00,165
12/23/2025 19:00,156
12/23/2025 20:00,150
12/23/2025 21:00,147
12/23/2025 22:00,152
12/23/2025 23:00,158
12/24/2025 0:00,160
12/24/2025 1:00,162
12/24/2025 2:00,160
12/24/2025 3:00,175
12/24/2025 4:00,175
12/24/2025 5:00,183
12/24/2025 6:00,185
12/24/2025 7:00,194
12/24/2025 8:00,200
12/24/2025 9:00,210
12/24/2025 10:00,217
12/24/2025 11:00,230
12/24/2025 12:00,225
12/24/2025 13:00,220
12/24/2025 14:00,210
12/24/2025 15:00,208
12/24/2025 16:00,195
12/24/2025 17:00,182
12/24/2025 18:00,167
12/24/2025 19:00,160
12/24/2025 20:00,150
12/24/2025 21:00,144
12/24/2025 22:00,151
12/24/2025 23:00,155
12/25/2025 0:00,158
12/25/2025 1:00,155
12/25/2025 2:00,165
12/25/2025 3:00,168
12/25/2025 4:00,168
12/25/2025 5:00,177
12/25/2025 6:00,183
12/25/2025 7:00,190
12/25/2025 8:00,207
12/25/2025 9:00,212
12/25/2025 10:00,220
12/25/2025 11:00,225
12/25/2025 12:00,229
12/25/2025 13:00,225
12/25/2025 14:00,225
12/25/2025 15:00,218
12/25/2025 16:00,215
12/25/2025 17:00,204
12/25/2025 18:00,183
12/25/2025 19:00,180
12/25/2025 20:00,170
12/25/2025 21:00,173
12/25/2025 22:00,166
12/25/2025 23:00,155
12/26/2025 0:00,154
12/26/2025 1:00,175
12/26/2025 2:00,172
12/26/2025 3:00,175
12/26/2025 4:00,180
12/26/2025 5:00,192
12/26/2025 6:00,194
12/26/2025 7:00,200
12/26/2025 8:00,207
12/26/2025 9:00,215
12/26/2025 10:00,214
12/26/2025 11:00,227
12/26/2025 12:00,215
12/26/2025 13:00,205
12/26/2025 14:00,215
12/26/2025 15:00,205
12/26/2025 16:00,193
12/26/2025 17:00,185
12/26/2025 18:00,180
12/26/2025 19:00,173
12/26/2025 20:00,167
12/26/2025 21:00,170
12/26/2025 22:00,160
12/26/2025 23:00,162
12/27/2025 0:00,165
12/27/2025 1:00,168
12/27/2025 2:00,168
12/27/2025 3:00,185
12/27/2025 4:00,185
12/27/2025 5:00,195
12/27/2025 6:00,197
12/27/2025 7:00,200
12/27/2025 8:00,203
12/27/2025 9:00,203
12/27/2025 10:00,205
12/27/2025 11:00,202
12/27/2025 12:00,194
12/27/2025 13:00,210
12/27/2025 14:00,200
12/27/2025 15:00,205
12/27/2025 16:00,188
12/27/2025 17:00,185
12/27/2025 18:00,180
12/27/2025 19:00,177
12/27/2025 20:00,174
12/27/2025 21:00,172
12/27/2025 22:00,174
12/27/2025 23:00,173
12/28/2025 0:00,172
12/28/2025 1:00,180
12/28/2025 2:00,190
12/28/2025 3:00,187
12/28/2025 4:00,180
12/28/2025 5:00,192
12/28/2025 6:00,205
12/28/2025 7:00,214
12/28/2025 8:00,210
12/28/2025 9:00,218
12/28/2025 10:00,218
12/28/2025 11:00,200
12/28/2025 12:00,198
12/28/2025 13:00,198
12/28/2025 14:00,193
12/28/2025 15:00,195
12/28/2025 16:00,190
12/28/2025 17:00,190
12/28/2025 18:00,187
12/28/2025 19:00,175
12/28/2025 20:00,170
12/28/2025 21:00,161
12/28/2025 22:00,159
12/28/2025 23:00,155
12/29/2025 0:00,160
12/29/2025 1:00,175
12/29/2025 2:00,190
12/29/2025 3:00,192
12/29/2025 4:00,205
12/29/2025 5:00,210
12/29/2025 6:00,218
12/29/2025 7:00,217
12/29/2025 8:00,210
12/29/2025 9:00,215
12/29/2025 10:00,213
12/29/2025 11:00,201
12/29/2025 12:00,195
12/29/2025 13:00,195
12/29/2025 14:00,178
12/29/2025 15:00,170
12/29/2025 16:00,168
12/29/2025 17:00,168
12/29/2025 18:00,163
12/29/2025 19:00,167
12/29/2025 20:00,155
12/29/2025 21:00,155
12/29/2025 22:00,158
12/29/2025 23:00,160
12/30/2025 0:00,170
12/30/2025 1:00,182
12/30/2025 2:00,190
12/30/2025 3:00,195
12/30/2025 4:00,208
12/30/2025 5:00,218
12/30/2025 6:00,221
12/30/2025 7:00,230
12/30/2025 8:00,230
12/30/2025 9:00,230
12/30/2025 10:00,225
12/30/2025 11:00,207
12/30/2025 12:00,200
12/30/2025 13:00,180
12/30/2025 14:00,175
12/30/2025 15:00,170
12/30/2025 16:00,165
12/30/2025 17:00,160
12/30/2025 18:00,165
12/30/2025 19:00,160
12/30/2025 20:00,163
12/30/2025 21:00,168
12/30/2025 22:00,170
12/30/2025 23:00,160
12/31/2025 0:00,170
12/31/2025 1:00,177
12/31/2025 2:00,185
12/31/2025 3:00,190
12/31/2025 4:00,217
12/31/2025 5:00,230
12/31/2025 6:00,245
12/31/2025 7:00,252
12/31/2025 8:00,254
12/31/2025 9:00,248
12/31/2025 10:00,235
12/31/2025 11:00,225
12/31/2025 12:00,205
12/31/2025 13:00,192
12/31/2025 14:00,165
12/31/2025 15:00,152
12/31/2025 16:00,146
12/31/2025 17:00,143
12/31/2025 18:00,140
12/31/2025 19:00,146
12/31/2025 20:00,146
12/31/2025 21:00,152
12/31/2025 22:00,155
12/31/2025 23:00,158
1/1/2026 0:00,170
1/1/2026 1:00,175
1/1/2026 2:00,180
1/1/2026 3:00,204
1/1/2026 4:00,215
1/1/2026 5:00,220
1/1/2026 6:00,230
1/1/2026 7:00,250
1/1/2026 8:00,242
1/1/2026 9:00,249
1/1/2026 10:00,231
1/1/2026 11:00,235
1/1/2026 12:00,211
1/1/2026 13:00,194
1/1/2026 14:00,169
1/1/2026 15:00,154
1/1/2026 16:00,150
1/1/2026 17:00,146
1/1/2026 18:00,135
1/1/2026 19:00,135
1/1/2026 20:00,144
1/1/2026 21:00,145
1/1/2026 22:00,153
1/1/2026 23:00,159
1/2/2026 0:00,164
1/2/2026 1:00,169
1/2/2026 2:00,187
1/2/2026 3:00,197
1/2/2026 4:00,208
1/2/2026 5:00,218
1/2/2026 6:00,236
1/2/2026 7:00,245
1/2/2026 8:00,257
1/2/2026 9:00,255
1/2/2026 10:00,252
1/2/2026 11:00,244
1/2/2026 12:00,230
1/2/2026 13:00,215
1/2/2026 14:00,193
1/2/2026 15:00,165
1/2/2026 16:00,150
1/2/2026 17:00,140
1/2/2026 18:00,130
1/2/2026 19:00,132
1/2/2026 20:00,143
1/2/2026 21:00,135
1/2/2026 22:00,145
1/2/2026 23:00,148
1/3/2026 0:00,150
1/3/2026 1:00,160
1/3/2026 2:00,166
1/3/2026 3:00,178
1/3/2026 4:00,187
1/3/2026 5:00,208
1/3/2026 6:00,224
1/3/2026 7:00,247
1/3/2026 8:00,255
1/3/2026 9:00,263
1/3/2026 10:00,260
1/3/2026 11:00,254
1/3/2026 12:00,245
1/3/2026 13:00,218
1/3/2026 14:00,198
1/3/2026 15:00,180
1/3/2026 16:00,150
1/3/2026 17:00,135
1/3/2026 18:00,135
1/3/2026 19:00,130
1/3/2026 20:00,130
1/3/2026 21:00,136
1/3/2026 22:00,143
1/3/2026 23:00,145
1/4/2026 0:00,153
1/4/2026 1:00,158
1/4/2026 2:00,160
1/4/2026 3:00,170
1/4/2026 4:00,175
1/4/2026 5:00,190
1/4/2026 6:00,205
1/4/2026 7:00,224
1/4/2026 8:00,240
1/4/2026 9:00,248
1/4/2026 10:00,252
1/4/2026 11:00,255
1/4/2026 12:00,243
1/4/2026 13:00,230
1/4/2026 14:00,217
1/4/2026 15:00,190
1/4/2026 16:00,170
1/4/2026 17:00,153
1/4/2026 18:00,147
1/4/2026 19:00,129
1/4/2026 20:00,130
1/4/2026 21:00,134
1/4/2026 22:00,142
1/4/2026 23:00,150
1/5/2026 0:00,158
1/5/2026 1:00,155
1/5/2026 2:00,160
1/5/2026 3:00,163
1/5/2026 4:00,170
1/5/2026 5:00,178
1/5/2026 6:00,190
1/5/2026 7:00,204
1/5/2026 8:00,218
1/5/2026 9:00,238
1/5/2026 10:00,244
1/5/2026 11:00,248
1/5/2026 12:00,245
1/5/2026 13:00,234
1/5/2026 14:00,218
1/5/2026 15:00,205
1/5/2026 16:00,187
1/5/2026 17:00,170
1/5/2026 18:00,155
1/5/2026 19:00,145
1/5/2026 20:00,139
1/5/2026 21:00,137
1/5/2026 22:00,140
1/5/2026 23:00,147
1/6/2026 0:00,153
1/6/2026 1:00,150
1/6/2026 2:00,158
1/6/2026 3:00,169
1/6/2026 4:00,171
1/6/2026 5:00,168
1/6/2026 6:00,187
1/6/2026 7:00,190
1/6/2026 8:00,210
1/6/2026 9:00,225
1/6/2026 10:00,240
1/6/2026 11:00,255
1/6/2026 12:00,256
1/6/2026 13:00,250
1/6/2026 14:00,241
1/6/2026 15:00,223
1/6/2026 16:00,205
1/6/2026 17:00,190
1/6/2026 18:00,175
1/6/2026 19:00,165
1/6/2026 20:00,150
1/6/2026 21:00,150
1/6/2026 22:00,150
1/6/2026 23:00,160
1/7/2026 0:00,165
1/7/2026 1:00,176
1/7/2026 2:00,180
1/7/2026 3:00,185
1/7/2026 4:00,193
1/7/2026 5:00,193
1/7/2026 6:00,200
1/7/2026 7:00,210
1/7/2026 8:00,210
1/7/2026 9:00,219
1/7/2026 10:00,230
1/7/2026 11:00,240
1/7/2026 12:00,244
1/7/2026 13:00,242
1/7/2026 14:00,232
1/7/2026 15:00,220
1/7/2026 16:00,205
1/7/2026 17:00,205
1/7/2026 18:00,178
1/7/2026 19:00,182
1/7/2026 20:00,160
1/7/2026 21:00,150
1/7/2026 22:00,165
1/7/2026 23:00,165
1/8/2026 0:00,177
1/8/2026 1:00,180
1/8/2026 2:00,185
1/8/2026 3:00,188
1/8/2026 4:00,205
1/8/2026 5:00,205
1/8/2026 6:00,203
1/8/2026 7:00,218
1/8/2026 8:00,216
1/8/2026 9:00,209
1/8/2026 10:00,220
1/8/2026 11:00,222
1/8/2026 12:00,227
1/8/2026 13:00,235
1/8/2026 14:00,210
1/8/2026 15:00,204
1/8/2026 16:00,190
1/8/2026 17:00,180
1/8/2026 18:00,163
1/8/2026 19:00,160
1/8/2026 20:00,148
1/8/2026 21:00,160
1/8/2026 22:00,144
1/8/2026 23:00,160
1/9/2026 0:00,172
1/9/2026 1:00,182
1/9/2026 2:00,184
1/9/2026 3:00,190
1/9/2026 4:00,198
1/9/2026 5:00,195
1/9/2026 6:00,193
1/9/2026 7:00,197
1/9/2026 8:00,198
1/9/2026 9:00,198
1/9/2026 10:00,201
1/9/2026 11:00,194
1/9/2026 12:00,201
1/9/2026 13:00,202
1/9/2026 14:00,190
1/9/2026 15:00,190
1/9/2026 16:00,190
1/9/2026 17:00,175
1/9/2026 18:00,173
1/9/2026 19:00,158
1/9/2026 20:00,155
1/9/2026 21:00,155
1/9/2026 22:00,156
1/9/2026 23:00,156
1/10/2026 0:00,167
1/10/2026 1:00,179
1/10/2026 2:00,173
1/10/2026 3:00,183
1/10/2026 4:00,185
1/10/2026 5:00,190
1/10/2026 6:00,193
1/10/2026 7:00,190
1/10/2026 8:00,190
1/10/2026 9:00,203
1/10/2026 10:00,190
1/10/2026 11:00,190
1/10/2026 12:00,187
1/10/2026 13:00,180
1/10/2026 14:00,171
1/10/2026 15:00,172
1/10/2026 16:00,168
1/10/2026 17:00,160
1/10/2026 18:00,150
1/10/2026 19:00,152
1/10/2026 20:00,150
1/10/2026 21:00,154
1/10/2026 22:00,161
1/10/2026 23:00,159
1/11/2026 0:00,162
1/11/2026 1:00,170
1/11/2026 2:00,174
1/11/2026 3:00,184
1/11/2026 4:00,195
1/11/2026 5:00,195
1/11/2026 6:00,195
1/11/2026 7:00,206
1/11/2026 8:00,217
1/11/2026 9:00,205
1/11/2026 10:00,210
1/11/2026 11:00,180
1/11/2026 12:00,173
1/11/2026 13:00,170
1/11/2026 14:00,168
1/11/2026 15:00,158
1/11/2026 16:00,162
1/11/2026 17:00,158
1/11/2026 18:00,165
1/11/2026 19:00,158
1/11/2026 20:00,150
1/11/2026 21:00,157
1/11/2026 22:00,146
1/11/2026 23:00,165
1/12/2026 0:00,160
1/12/2026 1:00,167
1/12/2026 2:00,172
1/12/2026 3:00,187
1/12/2026 4:00,199
1/12/2026 5:00,205
1/12/2026 6:00,210
1/12/2026 7:00,208
1/12/2026 8:00,215
1/12/2026 9:00,190
1/12/2026 10:00,190
1/12/2026 11:00,180
1/12/2026 12:00,165
1/12/2026 13:00,165
1/12/2026 14:00,155
1/12/2026 15:00,146
1/12/2026 16:00,146
1/12/2026 17:00,144
1/12/2026 18:00,154
1/12/2026 19:00,150
1/12/2026 20:00,148
1/12/2026 21:00,145
1/12/2026 22:00,154
1/12/2026 23:00,150
1/13/2026 0:00,165
1/13/2026 1:00,178
1/13/2026 2:00,178
1/13/2026 3:00,185
1/13/2026 4:00,210
1/13/2026 5:00,215
1/13/2026 6:00,212
1/13/2026 7:00,210
1/13/2026 8:00,220
1/13/2026 9:00,210
1/13/2026 10:00,209
1/13/2026 11:00,207
1/13/2026 12:00,185
1/13/2026 13:00,172
1/13/2026 14:00,160
1/13/2026 15:00,150
1/13/2026 16:00,148
1/13/2026 17:00,140
1/13/2026 18:00,140
1/13/2026 19:00,140
1/13/2026 20:00,135
1/13/2026 21:00,143
1/13/2026 22:00,145
1/13/2026 23:00,153
1/14/2026 0:00,160
1/14/2026 1:00,170
1/14/2026 2:00,180
1/14/2026 3:00,190
1/14/2026 4:00,195
1/14/2026 5:00,200
1/14/2026 6:00,207
1/14/2026 7:00,215
1/14/2026 8:00,216
1/14/2026 9:00,210
1/14/2026 10:00,207
1/14/2026 11:00,195
1/14/2026 12:00,178
1/14/2026 13:00,170
1/14/2026 14:00,155
1/14/2026 15:00,143
1/14/2026 16:00,134
1/14/2026 17:00,132
1/14/2026 18:00,130
1/14/2026 19:00,130
1/14/2026 20:00,128
1/14/2026 21:00,127
1/14/2026 22:00,125
1/14/2026 23:00,123
1/15/2026 0:00,130
1/15/2026 1:00,142
1/15/2026 2:00,150
1/15/2026 3:00,173
1/15/2026 4:00,182
1/15/2026 5:00,188
1/15/2026 6:00,198
1/15/2026 7:00,213
1/15/2026 8:00,214
1/15/2026 9:00,220
1/15/2026 10:00,215
1/15/2026 11:00,190
1/15/2026 12:00,184
1/15/2026 13:00,174
1/15/2026 14:00,162
1/15/2026 15:00,141
1/15/2026 16:00,135
1/15/2026 17:00,133
1/15/2026 18:00,130
1/15/2026 19:00,130
1/15/2026 20:00,135
1/15/2026 21:00,125
1/15/2026 22:00,113
1/15/2026 23:00,144
1/16/2026 0:00,145
1/16/2026 1:00,148
1/16/2026 2:00,155
1/16/2026 3:00,165
1/16/2026 4:00,180
1/16/2026 5:00,198
1/16/2026 6:00,208
1/16/2026 7:00,219
1/16/2026 8:00,220
1/16/2026 9:00,225
1/16/2026 10:00,220
1/16/2026 11:00,210
1/16/2026 12:00,199
1/16/2026 13:00,185
1/16/2026 14:00,165
1/16/2026 15:00,149
1/16/2026 16:00,142
1/16/2026 17:00,132
1/16/2026 18:00,131
1/16/2026 19:00,131
1/16/2026 20:00,135
1/16/2026 21:00,140
1/16/2026 22:00,142
1/16/2026 23:00,150
1/17/2026 0:00,148
1/17/2026 1:00,162
1/17/2026 2:00,165
1/17/2026 3:00,183
1/17/2026 4:00,185
1/17/2026 5:00,195
1/17/2026 6:00,205
1/17/2026 7:00,220
1/17/2026 8:00,220
1/17/2026 9:00,230
1/17/2026 10:00,228
1/17/2026 11:00,228
1/17/2026 12:00,220
1/17/2026 13:00,213
1/17/2026 14:00,192
1/17/2026 15:00,180
1/17/2026 16:00,162
1/17/2026 17:00,142
1/17/2026 18:00,132
1/17/2026 19:00,130
1/17/2026 20:00,138
1/17/2026 21:00,160
1/17/2026 22:00,162
1/17/2026 23:00,150
1/18/2026 0:00,160
1/18/2026 1:00,166
1/18/2026 2:00,172
1/18/2026 3:00,178
1/18/2026 4:00,180
1/18/2026 5:00,180
1/18/2026 6:00,210
1/18/2026 7:00,220
1/18/2026 8:00,225
1/18/2026 9:00,225
1/18/2026 10:00,225
1/18/2026 11:00,218
1/18/2026 12:00,207
1/18/2026 13:00,194
1/18/2026 14:00,175
1/18/2026 15:00,175
1/18/2026 16:00,148
1/18/2026 17:00,140
1/18/2026 18:00,135
1/18/2026 19:00,137
1/18/2026 20:00,137
1/18/2026 21:00,140
1/18/2026 22:00,140
1/18/2026 23:00,145
1/19/2026 0:00,145
1/19/2026 1:00,158
1/19/2026 2:00,152
1/19/2026 3:00,167
1/19/2026 4:00,167
1/19/2026 5:00,178
1/19/2026 6:00,193
1/19/2026 7:00,210
1/19/2026 8:00,230
1/19/2026 9:00,232
1/19/2026 10:00,230
1/19/2026 11:00,228
1/19/2026 12:00,225
1/19/2026 13:00,212
1/19/2026 14:00,195
1/19/2026 15:00,184
1/19/2026 16:00,175
1/19/2026 17:00,150
1/19/2026 18:00,145
1/19/2026 19:00,140
1/19/2026 20:00,142
1/19/2026 21:00,140
1/19/2026 22:00,115
1/19/2026 23:00,155
1/20/2026 0:00,160
1/20/2026 1:00,167
1/20/2026 2:00,170
1/20/2026 3:00,165
1/20/2026 4:00,175
1/20/2026 5:00,190
1/20/2026 6:00,205
1/20/2026 7:00,204
1/20/2026 8:00,210
1/20/2026 9:00,227
1/20/2026 10:00,233
1/20/2026 11:00,230
1/20/2026 12:00,227
1/20/2026 13:00,215
1/20/2026 14:00,202
1/20/2026 15:00,184
1/20/2026 16:00,170
1/20/2026 17:00,150
1/20/2026 18:00,140
1/20/2026 19:00,132
1/20/2026 20:00,130
1/20/2026 21:00,135
1/20/2026 22:00,130
1/20/2026 23:00,132
1/21/2026 0:00,150
1/21/2026 1:00,154
1/21/2026 2:00,158
1/21/2026 3:00,155
1/21/2026 4:00,160
1/21/2026 5:00,167
1/21/2026 6:00,183
1/21/2026 7:00,185
1/21/2026 8:00,188
1/21/2026 9:00,208
1/21/2026 10:00,214
1/21/2026 11:00,215
1/21/2026 12:00,210
1/21/2026 13:00,206
1/21/2026 14:00,195
1/21/2026 15:00,195
1/21/2026 16:00,170
1/21/2026 17:00,167
1/21/2026 18:00,144
1/21/2026 19:00,134
1/21/2026 20:00,134
1/21/2026 21:00,140
1/21/2026 22:00,150
1/21/2026 23:00,154
1/22/2026 0:00,154
1/22/2026 1:00,150
1/22/2026 2:00,148
1/22/2026 3:00,150
1/22/2026 4:00,153
1/22/2026 5:00,158
1/22/2026 6:00,170
1/22/2026 7:00,185
1/22/2026 8:00,195
1/22/2026 9:00,204
1/22/2026 10:00,202
1/22/2026 11:00,218
1/22/2026 12:00,215
1/22/2026 13:00,218
1/22/2026 14:00,205
1/22/2026 15:00,200
1/22/2026 16:00,190
1/22/2026 17:00,174
1/22/2026 18:00,170
1/22/2026 19:00,160
1/22/2026 20:00,150
1/22/2026 21:00,153
1/22/2026 22:00,155
1/22/2026 23:00,170
1/23/2026 0:00,175
1/23/2026 1:00,175
1/23/2026 2:00,183
1/23/2026 3:00,175
1/23/2026 4:00,178
1/23/2026 5:00,184
1/23/2026 6:00,187
1/23/2026 7:00,192
1/23/2026 8:00,190
1/23/2026 9:00,216
1/23/2026 10:00,220
1/23/2026 11:00,215
1/23/2026 12:00,225
1/23/2026 13:00,223
1/23/2026 14:00,220
1/23/2026 15:00,198
1/23/2026 16:00,195
1/23/2026 17:00,180
1/23/2026 18:00,160
1/23/2026 19:00,154
1/23/2026 20:00,154
1/23/2026 21:00,155
1/23/2026 22:00,160
1/23/2026 23:00,170
1/24/2026 0:00,180
1/24/2026 1:00,193
1/24/2026 2:00,190
1/24/2026 3:00,185
1/24/2026 4:00,180
1/24/2026 5:00,183
1/24/2026 6:00,185
1/24/2026 7:00,190
1/24/2026 8:00,203
1/24/2026 9:00,203
1/24/2026 10:00,206
1/24/2026 11:00,200
1/24/2026 12:00,205
1/24/2026 13:00,194
1/24/2026 14:00,194
1/24/2026 15:00,185
1/24/2026 16:00,185
1/24/2026 17:00,176
1/24/2026 18:00,165
1/24/2026 19:00,155
1/24/2026 20:00,155
1/24/2026 21:00,152
1/24/2026 22:00,160
1/24/2026 23:00,170
1/25/2026 0:00,174
1/25/2026 1:00,185
1/25/2026 2:00,187
1/25/2026 3:00,195
1/25/2026 4:00,193
1/25/2026 5:00,190
1/25/2026 6:00,192
1/25/2026 7:00,197
1/25/2026 8:00,195
1/25/2026 9:00,195
1/25/2026 10:00,192
1/25/2026 11:00,194
1/25/2026 12:00,192
1/25/2026 13:00,190
1/25/2026 14:00,194
1/25/2026 15:00,180
1/25/2026 16:00,171
1/25/2026 17:00,169
1/25/2026 18:00,160
1/25/2026 19:00,155
1/25/2026 20:00,165
1/25/2026 21:00,165
1/25/2026 22:00,170
1/25/2026 23:00,175
1/26/2026 0:00,185
1/26/2026 1:00,183
1/26/2026 2:00,205
1/26/2026 3:00,210
1/26/2026 4:00,215
1/26/2026 5:00,213
1/26/2026 6:00,208
1/26/2026 7:00,204
1/26/2026 8:00,198
1/26/2026 9:00,203
1/26/2026 10:00,190
1/26/2026 11:00,188
1/26/2026 12:00,178
1/26/2026 13:00,170
1/26/2026 14:00,172
1/26/2026 15:00,170
1/26/2026 16:00,170
1/26/2026 17:00,160
1/26/2026 18:00,152
1/26/2026 19:00,140
1/26/2026 20:00,152
1/26/2026 21:00,162
1/26/2026 22:00,170
1/26/2026 23:00,175
1/27/2026 0:00,187
1/27/2026 1:00,193
1/27/2026 2:00,198
1/27/2026 3:00,220
1/27/2026 4:00,218
1/27/2026 5:00,225
1/27/2026 6:00,225
1/27/2026 7:00,225
1/27/2026 8:00,218
1/27/2026 9:00,215
1/27/2026 10:00,205
1/27/2026 11:00,190
1/27/2026 12:00,185
1/27/2026 13:00,175
1/27/2026 14:00,167
1/27/2026 15:00,160
1/27/2026 16:00,161
1/27/2026 17:00,155
1/27/2026 18:00,152
1/27/2026 19:00,158
1/27/2026 20:00,164
1/27/2026 21:00,165
1/27/2026 22:00,172
1/27/2026 23:00,180
1/28/2026 0:00,192
1/28/2026 1:00,190
1/28/2026 2:00,205
1/28/2026 3:00,212
1/28/2026 4:00,216
1/28/2026 5:00,225
1/28/2026 6:00,228
1/28/2026 7:00,233
1/28/2026 8:00,230
1/28/2026 9:00,220
1/28/2026 10:00,222
1/28/2026 11:00,205
1/28/2026 12:00,188
1/28/2026 13:00,177
1/28/2026 14:00,158
1/28/2026 15:00,158
1/28/2026 16:00,140
1/28/2026 17:00,138
1/28/2026 18:00,143
1/28/2026 19:00,151
1/28/2026 20:00,158
1/28/2026 21:00,165
1/28/2026 22:00,165
1/28/2026 23:00,173
1/29/2026 0:00,186
1/29/2026 1:00,190
1/29/2026 2:00,206
1/29/2026 3:00,215
1/29/2026 4:00,230
1/29/2026 5:00,240
1/29/2026 6:00,244
1/29/2026 7:00,245
1/29/2026 8:00,242
1/29/2026 9:00,243
1/29/2026 10:00,230
1/29/2026 11:00,219
1/29/2026 12:00,200
1/29/2026 13:00,185
1/29/2026 14:00,170
1/29/2026 15:00,158
1/29/2026 16:00,144
1/29/2026 17:00,144
1/29/2026 18:00,130
1/29/2026 19:00,137
1/29/2026 20:00,141
1/29/2026 21:00,145
1/29/2026 22:00,166
1/29/2026 23:00,170
1/30/2026 0:00,190
1/30/2026 1:00,200
1/30/2026 2:00,198
1/30/2026 3:00,195
1/30/2026 4:00,215
1/30/2026 5:00,223
1/30/2026 6:00,235
1/30/2026 7:00,238
1/30/2026 8:00,247
1/30/2026 9:00,250
1/30/2026 10:00,243
1/30/2026 11:00,228
1/30/2026 12:00,209
1/30/2026 13:00,190
1/30/2026 14:00,170
1/30/2026 15:00,150
1/30/2026 16:00,145
1/30/2026 17:00,132
1/30/2026 18:00,131
1/30/2026 19:00,130
1/30/2026 20:00,138
1/30/2026 21:00,145
1/30/2026 22:00,152
1/30/2026 23:00,164
1/31/2026 0:00,169
1/31/2026 1:00,168
1/31/2026 2:00,180
1/31/2026 3:00,197
1/31/2026 4:00,190
1/31/2026 5:00,197
1/31/2026 6:00,225
1/31/2026 7:00,238
1/31/2026 8:00,243
1/31/2026 9:00,248
1/31/2026 10:00,240
1/31/2026 11:00,231
1/31/2026 12:00,222
1/31/2026 13:00,200
1/31/2026 14:00,195
1/31/2026 15:00,163
1/31/2026 16:00,149
1/31/2026 17:00,135
1/31/2026 18:00,130
1/31/2026 19:00,127
1/31/2026 20:00,135
1/31/2026 21:00,135
1/31/2026 22:00,152
1/31/2026 23:00,153
2/1/2026 0:00,168
2/1/2026 1:00,176
2/1/2026 2:00,179
2/1/2026 3:00,176
2/1/2026 4:00,180
2/1/2026 5:00,175
2/1/2026 6:00,210
2/1/2026 7:00,220
2/1/2026 8:00,230
2/1/2026 9:00,243
2/1/2026 10:00,245
2/1/2026 11:00,230
2/1/2026 12:00,220
2/1/2026 13:00,210
2/1/2026 14:00,182
2/1/2026 15:00,162
2/1/2026 16:00,148
2/1/2026 17:00,140
2/1/2026 18:00,135
2/1/2026 19:00,130
2/1/2026 20:00,135
2/1/2026 21:00,140
2/1/2026 22:00,155
2/1/2026 23:00,157
2/2/2026 0:00,160
2/2/2026 1:00,160
2/2/2026 2:00,173
2/2/2026 3:00,180
2/2/2026 4:00,182
2/2/2026 5:00,190
2/2/2026 6:00,190
2/2/2026 7:00,210
2/2/2026 8:00,225
2/2/2026 9:00,240
2/2/2026 10:00,244
2/2/2026 11:00,238
2/2/2026 12:00,228
2/2/2026 13:00,221
2/2/2026 14:00,210
2/2/2026 15:00,188
2/2/2026 16:00,171
2/2/2026 17:00,155
2/2/2026 18:00,140
2/2/2026 19:00,140
2/2/2026 20:00,145
2/2/2026 21:00,150
2/2/2026 22:00,158
2/2/2026 23:00,168
2/3/2026 0:00,175
2/3/2026 1:00,176
2/3/2026 2:00,172
2/3/2026 3:00,175
2/3/2026 4:00,170
2/3/2026 5:00,175
2/3/2026 6:00,182
2/3/2026 7:00,190
2/3/2026 8:00,209
2/3/2026 9:00,217
2/3/2026 10:00,230
2/3/2026 11:00,234
2/3/2026 12:00,235
2/3/2026 13:00,235
2/3/2026 14:00,218
2/3/2026 15:00,189
2/3/2026 16:00,180
2/3/2026 17:00,155
2/3/2026 18:00,145
2/3/2026 19:00,150
2/3/2026 20:00,143
2/3/2026 21:00,147
2/3/2026 22:00,160
2/3/2026 23:00,168
2/4/2026 0:00,175
2/4/2026 1:00,170
2/4/2026 2:00,175
2/4/2026 3:00,175
2/4/2026 4:00,184
2/4/2026 5:00,177
2/4/2026 6:00,179
2/4/2026 7:00,183
2/4/2026 8:00,195
2/4/2026 9:00,200
2/4/2026 10:00,210
2/4/2026 11:00,220
2/4/2026 12:00,211
2/4/2026 13:00,208
2/4/2026 14:00,208
2/4/2026 15:00,188
2/4/2026 16:00,170
2/4/2026 17:00,160
2/4/2026 18:00,150
2/4/2026 19:00,142
2/4/2026 20:00,150
2/4/2026 21:00,154
2/4/2026 22:00,160
2/4/2026 23:00,175
2/5/2026 0:00,180
2/5/2026 1:00,183
2/5/2026 2:00,172
2/5/2026 3:00,175
2/5/2026 4:00,165
2/5/2026 5:00,162
2/5/2026 6:00,155
2/5/2026 7:00,163
2/5/2026 8:00,181
2/5/2026 9:00,190
2/5/2026 10:00,200
2/5/2026 11:00,212
2/5/2026 12:00,210
2/5/2026 13:00,209
2/5/2026 14:00,195
2/5/2026 15:00,175
2/5/2026 16:00,170
2/5/2026 17:00,155
2/5/2026 18:00,157
2/5/2026 19:00,150
2/5/2026 20:00,153
2/5/2026 21:00,160
2/5/2026 22:00,164
2/5/2026 23:00,165
2/6/2026 0:00,178
2/6/2026 1:00,188
2/6/2026 2:00,193
2/6/2026 3:00,185
2/6/2026 4:00,180
2/6/2026 5:00,175
2/6/2026 6:00,185
2/6/2026 7:00,186
2/6/2026 8:00,178
2/6/2026 9:00,185
2/6/2026 10:00,185
2/6/2026 11:00,190
2/6/2026 12:00,195
2/6/2026 13:00,190
2/6/2026 14:00,185
2/6/2026 15:00,180
2/6/2026 16:00,168
2/6/2026 17:00,165
2/6/2026 18:00,155
2/6/2026 19:00,152
2/6/2026 20:00,160
2/6/2026 21:00,153
2/6/2026 22:00,162
2/6/2026 23:00,179
2/7/2026 0:00,185
2/7/2026 1:00,187
2/7/2026 2:00,188
2/7/2026 3:00,184
2/7/2026 4:00,178
2/7/2026 5:00,182
2/7/2026 6:00,188
2/7/2026 7:00,183
2/7/2026 8:00,180
2/7/2026 9:00,182
2/7/2026 10:00,171
2/7/2026 11:00,173
2/7/2026 12:00,170
2/7/2026 13:00,164
2/7/2026 14:00,170
2/7/2026 15:00,162
2/7/2026 16:00,160
2/7/2026 17:00,150
2/7/2026 18:00,149
2/7/2026 19:00,148
2/7/2026 20:00,148
2/7/2026 21:00,160
2/7/2026 22:00,170
2/7/2026 23:00,178
2/8/2026 0:00,182
2/8/2026 1:00,194
2/8/2026 2:00,195
2/8/2026 3:00,192
2/8/2026 4:00,190
2/8/2026 5:00,192
2/8/2026 6:00,188
2/8/2026 7:00,173
2/8/2026 8:00,190
2/8/2026 9:00,188
2/8/2026 10:00,180
2/8/2026 11:00,170
2/8/2026 12:00,165
2/8/2026 13:00,164
2/8/2026 14:00,160
2/8/2026 15:00,152
2/8/2026 16:00,160
2/8/2026 17:00,158
2/8/2026 18:00,150
2/8/2026 19:00,152
2/8/2026 20:00,155
2/8/2026 21:00,163
2/8/2026 22:00,175
2/8/2026 23:00,180
2/9/2026 0:00,190
2/9/2026 1:00,200
2/9/2026 2:00,200
2/9/2026 3:00,203
2/9/2026 4:00,200
2/9/2026 5:00,207
2/9/2026 6:00,198
2/9/2026 7:00,205
2/9/2026 8:00,201
2/9/2026 9:00,205
2/9/2026 10:00,190
2/9/2026 11:00,186
2/9/2026 12:00,172
2/9/2026 13:00,165
2/9/2026 14:00,168
2/9/2026 15:00,163
2/9/2026 16:00,160
2/9/2026 17:00,157
2/9/2026 18:00,162
2/9/2026 19:00,160
2/9/2026 20:00,165
2/9/2026 21:00,180
2/9/2026 22:00,182
2/9/2026 23:00,191
2/10/2026 0:00,195
2/10/2026 1:00,198
2/10/2026 2:00,210
2/10/2026 3:00,206
2/10/2026 4:00,210
2/10/2026 5:00,209
2/10/2026 6:00,215
2/10/2026 7:00,210
2/10/2026 8:00,204
2/10/2026 9:00,200
2/10/2026 10:00,197
2/10/2026 11:00,185
2/10/2026 12:00,175
2/10/2026 13:00,162
2/10/2026 14:00,150
2/10/2026 15:00,144
2/10/2026 16:00,142
2/10/2026 17:00,140
2/10/2026 18:00,144
2/10/2026 19:00,145
2/10/2026 20:00,153
2/10/2026 21:00,168
2/10/2026 22:00,170
2/10/2026 23:00,178
2/11/2026 0:00,181
2/11/2026 1:00,187
2/11/2026 2:00,193
2/11/2026 3:00,196
2/11/2026 4:00,198
2/11/2026 5:00,195
2/11/2026 6:00,205
2/11/2026 7:00,210
2/11/2026 8:00,214
2/11/2026 9:00,212
2/11/2026 10:00,206
2/11/2026 11:00,193
2/11/2026 12:00,180
2/11/2026 13:00,165
2/11/2026 14:00,160
2/11/2026 15:00,152
2/11/2026 16:00,145
2/11/2026 17:00,138
2/11/2026 18:00,140
2/11/2026 19:00,150
2/11/2026 20:00,155
2/11/2026 21:00,165
2/11/2026 22:00,179
2/11/2026 23:00,176
2/12/2026 0:00,187
2/12/2026 1:00,190
2/12/2026 2:00,192
2/12/2026 3:00,198
2/12/2026 4:00,210
2/12/2026 5:00,215
2/12/2026 6:00,220
2/12/2026 7:00,225
2/12/2026 8:00,224
2/12/2026 9:00,218
2/12/2026 10:00,216
2/12/2026 11:00,200
2/12/2026 12:00,195
2/12/2026 13:00,173
2/12/2026 14:00,170
2/12/2026 15:00,150
2/12/2026 16:00,135
2/12/2026 17:00,140
2/12/2026 18:00,145
2/12/2026 19:00,148
2/12/2026 20:00,160
2/12/2026 21:00,167
2/12/2026 22:00,178
2/12/2026 23:00,198
2/13/2026 0:00,187
2/13/2026 1:00,191
2/13/2026 2:00,195
2/13/2026 3:00,197
2/13/2026 4:00,205
2/13/2026 5:00,210
2/13/2026 6:00,217
2/13/2026 7:00,220
2/13/2026 8:00,220
2/13/2026 9:00,218
2/13/2026 10:00,207
2/13/2026 11:00,195
2/13/2026 12:00,177
2/13/2026 13:00,170
2/13/2026 14:00,160
2/13/2026 15:00,147
2/13/2026 16:00,135
2/13/2026 17:00,130
2/13/2026 18:00,128
2/13/2026 19:00,128
2/13/2026 20:00,144
2/13/2026 21:00,148
2/13/2026 22:00,148
2/13/2026 23:00,160
2/14/2026 0:00,160
2/14/2026 1:00,165
2/14/2026 2:00,166
2/14/2026 3:00,170
2/14/2026 4:00,177
2/14/2026 5:00,190
2/14/2026 6:00,198
2/14/2026 7:00,210
2/14/2026 8:00,217
2/14/2026 9:00,217
2/14/2026 10:00,215
2/14/2026 11:00,210
2/14/2026 12:00,200
2/14/2026 13:00,190
2/14/2026 14:00,170
2/14/2026 15:00,164
2/14/2026 16:00,160
2/14/2026 17:00,146
2/14/2026 18:00,150
2/14/2026 19:00,162
2/14/2026 20:00,162
2/14/2026 21:00,169
2/14/2026 22:00,160
2/14/2026 23:00,175
2/15/2026 0:00,182
2/15/2026 1:00,180
2/15/2026 2:00,188
2/15/2026 3:00,195
2/15/2026 4:00,195
2/15/2026 5:00,198
2/15/2026 6:00,210
2/15/2026 7:00,230
2/15/2026 8:00,232
2/15/2026 9:00,230
2/15/2026 10:00,231
2/15/2026 11:00,222
2/15/2026 12:00,210
2/15/2026 13:00,195
2/15/2026 14:00,180
2/15/2026 15:00,165
2/15/2026 16:00,150
2/15/2026 17:00,140
2/15/2026 18:00,143
2/15/2026 19:00,135
2/15/2026 20:00,150
2/15/2026 21:00,153
2/15/2026 22:00,165
2/15/2026 23:00,170
2/16/2026 0:00,175
2/16/2026 1:00,182
2/16/2026 2:00,182
2/16/2026 3:00,188
2/16/2026 4:00,188
2/16/2026 5:00,195
2/16/2026 6:00,209
2/16/2026 7:00,215
2/16/2026 8:00,226
2/16/2026 9:00,230
2/16/2026 10:00,233
2/16/2026 11:00,224
2/16/2026 12:00,205
2/16/2026 13:00,195
2/16/2026 14:00,181
2/16/2026 15:00,170
2/16/2026 16:00,160
2/16/2026 17:00,148
2/16/2026 18:00,147
2/16/2026 19:00,145
2/16/2026 20:00,150
2/16/2026 21:00,158
2/16/2026 22:00,167
2/16/2026 23:00,165
2/17/2026 0:00,164
2/17/2026 1:00,172
2/17/2026 2:00,175
2/17/2026 3:00,178
2/17/2026 4:00,181
2/17/2026 5:00,180
2/17/2026 6:00,190
2/17/2026 7:00,203
2/17/2026 8:00,220
2/17/2026 9:00,235
2/17/2026 10:00,234
2/17/2026 11:00,231
2/17/2026 12:00,215
2/17/2026 13:00,205
2/17/2026 14:00,195
2/17/2026 15:00,187
2/17/2026 16:00,168
2/17/2026 17:00,160
2/17/2026 18:00,160
2/17/2026 19:00,152
2/17/2026 20:00,158
2/17/2026 21:00,170
2/17/2026 22:00,169
2/17/2026 23:00,170
2/18/2026 0:00,180
2/18/2026 1:00,183
2/18/2026 2:00,183
2/18/2026 3:00,186
2/18/2026 4:00,185
2/18/2026 5:00,192
2/18/2026 6:00,193
2/18/2026 7:00,203
2/18/2026 8:00,216
2/18/2026 9:00,219
2/18/2026 10:00,225
2/18/2026 11:00,227
2/18/2026 12:00,216
2/18/2026 13:00,210
2/18/2026 14:00,205
2/18/2026 15:00,185
2/18/2026 16:00,167
2/18/2026 17:00,159
2/18/2026 18:00,155
2/18/2026 19:00,155
2/18/2026 20:00,150
2/18/2026 21:00,147
2/18/2026 22:00,165
2/18/2026 23:00,160
2/19/2026 0:00,184
2/19/2026 1:00,180
2/19/2026 2:00,180
2/19/2026 3:00,185
2/19/2026 4:00,183
2/19/2026 5:00,180
2/19/2026 6:00,180
2/19/2026 7:00,206
2/19/2026 8:00,211
2/19/2026 9:00,206
2/19/2026 10:00,225
2/19/2026 11:00,222
2/19/2026 12:00,222
2/19/2026 13:00,203
2/19/2026 14:00,212
2/19/2026 15:00,193
2/19/2026 16:00,185
2/19/2026 17:00,180
2/19/2026 18:00,173
2/19/2026 19:00,165
2/19/2026 20:00,168
2/19/2026 21:00,170
2/19/2026 22:00,177
2/19/2026 23:00,190
2/20/2026 0:00,192
2/20/2026 1:00,193
2/20/2026 2:00,197
2/20/2026 3:00,195
2/20/2026 4:00,190
2/20/2026 5:00,192
2/20/2026 6:00,188
2/20/2026 7:00,187
2/20/2026 8:00,197
2/20/2026 9:00,207
2/20/2026 10:00,210
2/20/2026 11:00,217
2/20/2026 12:00,206
2/20/2026 13:00,198
2/20/2026 14:00,190
2/20/2026 15:00,185
2/20/2026 16:00,168
2/20/2026 17:00,168
2/20/2026 18:00,150
2/20/2026 19:00,156
2/20/2026 20:00,157
2/20/2026 21:00,168
2/20/2026 22:00,180
2/20/2026 23:00,185
2/21/2026 0:00,195
2/21/2026 1:00,193
2/21/2026 2:00,193
2/21/2026 3:00,190
2/21/2026 4:00,188
2/21/2026 5:00,184
2/21/2026 6:00,182
2/21/2026 7:00,183
2/21/2026 8:00,186
2/21/2026 9:00,185
2/21/2026 10:00,183
2/21/2026 11:00,192
2/21/2026 12:00,190
2/21/2026 13:00,182
2/21/2026 14:00,178
2/21/2026 15:00,169
2/21/2026 16:00,165
2/21/2026 17:00,155
2/21/2026 18:00,159
2/21/2026 19:00,155
2/21/2026 20:00,170
2/21/2026 21:00,170
2/21/2026 22:00,184
2/21/2026 23:00,195
2/22/2026 0:00,208
2/22/2026 1:00,217
2/22/2026 2:00,205
2/22/2026 3:00,196
2/22/2026 4:00,192
2/22/2026 5:00,186
2/22/2026 6:00,190
2/22/2026 7:00,193
2/22/2026 8:00,185
2/22/2026 9:00,138
2/22/2026 10:00,180
2/22/2026 11:00,182
2/22/2026 12:00,172
2/22/2026 13:00,172
2/22/2026 14:00,175
2/22/2026 15:00,168
2/22/2026 16:00,168
2/22/2026 17:00,163
2/22/2026 18:00,160
2/22/2026 19:00,165
2/22/2026 20:00,178
2/22/2026 21:00,183
2/22/2026 22:00,190
2/22/2026 23:00,212
2/23/2026 0:00,236
2/23/2026 1:00,210
2/23/2026 2:00,208
2/23/2026 3:00,202
2/23/2026 4:00,205
2/23/2026 5:00,197
2/23/2026 6:00,201
2/23/2026 7:00,197
2/23/2026 8:00,193
2/23/2026 9:00,190
2/23/2026 10:00,180
2/23/2026 11:00,165
2/23/2026 12:00,165
2/23/2026 13:00,160
2/23/2026 14:00,155
2/23/2026 15:00,154
2/23/2026 16:00,154
2/23/2026 17:00,140
2/23/2026 18:00,152
2/23/2026 19:00,158
2/23/2026 20:00,165
2/23/2026 21:00,175
2/23/2026 22:00,180
2/23/2026 23:00,188
2/24/2026 0:00,190
2/24/2026 1:00,203
2/24/2026 2:00,210
2/24/2026 3:00,213
2/24/2026 4:00,216
2/24/2026 5:00,210
2/24/2026 6:00,210
2/24/2026 7:00,203
2/24/2026 8:00,190
2/24/2026 9:00,175
2/24/2026 10:00,165
2/24/2026 11:00,157
2/24/2026 12:00,159
2/24/2026 13:00,155
2/24/2026 14:00,148
2/24/2026 15:00,145
2/24/2026 16:00,144
2/24/2026 17:00,143
2/24/2026 18:00,150
2/24/2026 19:00,153
2/24/2026 20:00,165
2/24/2026 21:00,175
2/24/2026 22:00,188
2/24/2026 23:00,197
2/25/2026 0:00,210
2/25/2026 1:00,213
2/25/2026 2:00,217
2/25/2026 3:00,220
2/25/2026 4:00,225
2/25/2026 5:00,225
2/25/2026 6:00,230
2/25/2026 7:00,228
2/25/2026 8:00,218
2/25/2026 9:00,210
2/25/2026 10:00,190
2/25/2026 11:00,182
2/25/2026 12:00,169
2/25/2026 13:00,155
2/25/2026 14:00,150
2/25/2026 15:00,147
2/25/2026 16:00,148
2/25/2026 17:00,145
2/25/2026 18:00,150
2/25/2026 19:00,156
2/25/2026 20:00,163
2/25/2026 21:00,164
2/25/2026 22:00,178
2/25/2026 23:00,185
2/26/2026 0:00,190
2/26/2026 1:00,195
2/26/2026 2:00,205
2/26/2026 3:00,218
2/26/2026 4:00,220
2/26/2026 5:00,225
2/26/2026 6:00,230
2/26/2026 7:00,228
2/26/2026 8:00,225
2/26/2026 9:00,200
2/26/2026 10:00,204
2/26/2026 11:00,204
2/26/2026 12:00,170
2/26/2026 13:00,155
2/26/2026 14:00,158
2/26/2026 15:00,135
2/26/2026 16:00,135
2/26/2026 17:00,135
2/26/2026 18:00,137
2/26/2026 19:00,143
2/26/2026 20:00,155
2/26/2026 21:00,165
2/26/2026 22:00,168
2/26/2026 23:00,175
2/27/2026 0:00,177
2/27/2026 1:00,180
2/27/2026 2:00,182
2/27/2026 3:00,185
2/27/2026 4:00,198
2/27/2026 5:00,210
2/27/2026 6:00,215
2/27/2026 7:00,223
2/27/2026 8:00,223
2/27/2026 9:00,204
2/27/2026 10:00,200
2/27/2026 11:00,190
2/27/2026 12:00,178
2/27/2026 13:00,150
2/27/2026 14:00,145
2/27/2026 15:00,132
2/27/2026 16:00,125
2/27/2026 17:00,128
2/27/2026 18:00,134
2/27/2026 19:00,144
2/27/2026 20:00,155
2/27/2026 21:00,160
2/27/2026 22:00,177
2/27/2026 23:00,170
2/28/2026 0:00,175
2/28/2026 1:00,184
2/28/2026 2:00,190
2/28/2026 3:00,193
2/28/2026 4:00,205
2/28/2026 5:00,212
2/28/2026 6:00,217
2/28/2026 7:00,234
2/28/2026 8:00,230
2/28/2026 9:00,233
2/28/2026 10:00,232
2/28/2026 11:00,210
2/28/2026 12:00,192
2/28/2026 13:00,178
2/28/2026 14:00,170
2/28/2026 15:00,150
2/28/2026 16:00,135
2/28/2026 17:00,125
2/28/2026 18:00,138
2/28/2026 19:00,130
2/28/2026 20:00,140
2/28/2026 21:00,148
2/28/2026 22:00,160
2/28/2026 23:00,175
3/1/2026 0:00,180
3/1/2026 1:00,184
3/1/2026 2:00,185
3/1/2026 3:00,180
3/1/2026 4:00,192
3/1/2026 5:00,202
3/1/2026 6:00,200
3/1/2026 7:00,222
3/1/2026 8:00,238
3/1/2026 9:00,240
3/1/2026 10:00,239
3/1/2026 11:00,223
3/1/2026 12:00,210
3/1/2026 13:00,196
3/1/2026 14:00,178
3/1/2026 15:00,165
3/1/2026 16:00,151
3/1/2026 17:00,143
3/1/2026 18:00,145
3/1/2026 19:00,148
3/1/2026 20:00,148
3/1/2026 21:00,160
3/1/2026 22:00,168
3/1/2026 23:00,177
3/2/2026 0:00,185
3/2/2026 1:00,180
3/2/2026 2:00,185
3/2/2026 3:00,190
3/2/2026 4:00,193
3/2/2026 5:00,195
3/2/2026 6:00,203
3/2/2026 7:00,214
3/2/2026 8:00,235
3/2/2026 9:00,232
3/2/2026 10:00,233
3/2/2026 11:00,235
3/2/2026 12:00,217
3/2/2026 13:00,200
3/2/2026 14:00,190
3/2/2026 15:00,173
3/2/2026 16:00,150
3/2/2026 17:00,151
3/2/2026 18:00,157
3/2/2026 19:00,151
3/2/2026 20:00,165
3/2/2026 21:00,175
3/2/2026 22:00,177
3/2/2026 23:00,184
3/3/2026 0:00,185
3/3/2026 1:00,185
3/3/2026 2:00,174
3/3/2026 3:00,179
3/3/2026 4:00,180
3/3/2026 5:00,183
3/3/2026 6:00,190
3/3/2026 7:00,206
3/3/2026 8:00,200
3/3/2026 9:00,210
3/3/2026 10:00,208
3/3/2026 11:00,205
3/3/2026 12:00,202
3/3/2026 13:00,200
3/3/2026 14:00,190
3/3/2026 15:00,182
3/3/2026 16:00,168
3/3/2026 17:00,155
3/3/2026 18:00,150
3/3/2026 19:00,150
3/3/2026 20:00,156
3/3/2026 21:00,168
3/3/2026 22:00,175
3/3/2026 23:00,172
3/4/2026 0:00,179
3/4/2026 1:00,173
3/4/2026 2:00,180
3/4/2026 3:00,178
3/4/2026 4:00,175
3/4/2026 5:00,182
3/4/2026 6:00,183
3/4/2026 7:00,188
3/4/2026 8:00,203
3/4/2026 9:00,204
3/4/2026 10:00,215
3/4/2026 11:00,204
3/4/2026 12:00,198
3/4/2026 13:00,198
3/4/2026 14:00,187
3/4/2026 15:00,175
3/4/2026 16:00,165
3/4/2026 17:00,158
3/4/2026 18:00,154
3/4/2026 19:00,150
3/4/2026 20:00,160
3/4/2026 21:00,175
3/4/2026 22:00,190
3/4/2026 23:00,175
3/5/2026 0:00,187
3/5/2026 1:00,180
3/5/2026 2:00,175
3/5/2026 3:00,165
3/5/2026 4:00,175
3/5/2026 5:00,178
3/5/2026 6:00,188
3/5/2026 7:00,189
3/5/2026 8:00,190
3/5/2026 9:00,191
3/5/2026 10:00,195
3/5/2026 11:00,194
3/5/2026 12:00,180
3/5/2026 13:00,178
3/5/2026 14:00,177
3/5/2026 15:00,165
3/5/2026 16:00,163
3/5/2026 17:00,163
3/5/2026 18:00,152
3/5/2026 19:00,150
3/5/2026 20:00,150
3/5/2026 21:00,177
3/5/2026 22:00,188
3/5/2026 23:00,185
3/6/2026 0:00,180
3/6/2026 1:00,178
3/6/2026 2:00,180
3/6/2026 3:00,170
3/6/2026 4:00,172
3/6/2026 5:00,168
3/6/2026 6:00,169
3/6/2026 7:00,165
3/6/2026 8:00,170
3/6/2026 9:00,165
3/6/2026 10:00,180
3/6/2026 11:00,182
3/6/2026 12:00,174
3/6/2026 13:00,175
3/6/2026 14:00,160
3/6/2026 15:00,155
3/6/2026 16:00,145
3/6/2026 17:00,140
3/6/2026 18:00,145
3/6/2026 19:00,150
3/6/2026 20:00,145
3/6/2026 21:00,150
3/6/2026 22:00,168
3/6/2026 23:00,183
3/7/2026 0:00,178
3/7/2026 1:00,173
3/7/2026 2:00,178
3/7/2026 3:00,172
3/7/2026 4:00,170
3/7/2026 5:00,170
3/7/2026 6:00,165
3/7/2026 7:00,167
3/7/2026 8:00,170
3/7/2026 9:00,168
3/7/2026 10:00,175
3/7/2026 11:00,177
3/7/2026 12:00,178
3/7/2026 13:00,157
3/7/2026 14:00,151
3/7/2026 15:00,145
3/7/2026 16:00,150
3/7/2026 17:00,150
3/7/2026 18:00,160
3/7/2026 19:00,188
3/7/2026 20:00,165
3/7/2026 21:00,195
3/7/2026 22:00,183
3/7/2026 23:00,192
3/8/2026 0:00,203
3/8/2026 1:00,206
3/8/2026 2:00,202
3/8/2026 3:00,193
3/8/2026 4:00,205
3/8/2026 5:00,193
3/8/2026 6:00,193
3/8/2026 7:00,188
3/8/2026 8:00,185
3/8/2026 9:00,175
3/8/2026 10:00,174
3/8/2026 11:00,178
3/8/2026 12:00,177
3/8/2026 13:00,175
3/8/2026 14:00,172
3/8/2026 15:00,165
3/8/2026 16:00,160
3/8/2026 17:00,157
3/8/2026 18:00,159
3/8/2026 19:00,165
3/8/2026 20:00,168
3/8/2026 21:00,168
3/8/2026 22:00,205
3/8/2026 23:00,205
3/9/2026 0:00,215
3/9/2026 1:00,210
3/9/2026 2:00,215
3/9/2026 3:00,209
3/9/2026 4:00,203
3/9/2026 5:00,200
3/9/2026 6:00,192
3/9/2026 7:00,191
3/9/2026 8:00,190
3/9/2026 9:00,178
3/9/2026 10:00,172
3/9/2026 11:00,175
3/9/2026 12:00,170
3/9/2026 13:00,160
3/9/2026 14:00,152
3/9/2026 15:00,155
3/9/2026 16:00,151
3/9/2026 17:00,158
3/9/2026 18:00,152
3/9/2026 19:00,167
3/9/2026 20:00,183
3/9/2026 21:00,185
3/9/2026 22:00,196
3/9/2026 23:00,210
3/10/2026 0:00,216
3/10/2026 1:00,214
3/10/2026 2:00,218
3/10/2026 3:00,215
3/10/2026 4:00,215
3/10/2026 5:00,205
3/10/2026 6:00,195
3/10/2026 7:00,198
3/10/2026 8:00,185
3/10/2026 9:00,175
3/10/2026 10:00,176
3/10/2026 11:00,175
3/10/2026 12:00,170
3/10/2026 13:00,165
3/10/2026 14:00,160
3/10/2026 15:00,154
3/10/2026 16:00,155
3/10/2026 17:00,160
3/10/2026 18:00,160
3/10/2026 19:00,170
3/10/2026 20:00,187
3/10/2026 21:00,195
3/10/2026 22:00,206
3/10/2026 23:00,214
3/11/2026 0:00,214
3/11/2026 1:00,222
3/11/2026 2:00,213
3/11/2026 3:00,207
3/11/2026 4:00,208
3/11/2026 5:00,203
3/11/2026 6:00,200
3/11/2026 7:00,194
3/11/2026 8:00,194
3/11/2026 9:00,184
3/11/2026 10:00,179
3/11/2026 11:00,169
3/11/2026 12:00,163
3/11/2026 13:00,157
3/11/2026 14:00,158
3/11/2026 15:00,152
3/11/2026 16:00,150
3/11/2026 17:00,150
3/11/2026 18:00,162
3/11/2026 19:00,165
3/11/2026 20:00,195
3/11/2026 21:00,200
3/11/2026 22:00,220
3/11/2026 23:00,220
3/12/2026 0:00,193
3/12/2026 1:00,205
3/12/2026 2:00,200
3/12/2026 3:00,201
3/12/2026 4:00,208
3/12/2026 5:00,214
3/12/2026 6:00,212
3/12/2026 7:00,205
3/12/2026 8:00,198
3/12/2026 9:00,195
3/12/2026 10:00,188
3/12/2026 11:00,178
3/12/2026 12:00,168
3/12/2026 13:00,195
3/12/2026 14:00,152
3/12/2026 15:00,150
3/12/2026 16:00,145
3/12/2026 17:00,142
3/12/2026 18:00,155
3/12/2026 19:00,170
3/12/2026 20:00,174
3/12/2026 21:00,175
3/12/2026 22:00,182
3/12/2026 23:00,188
3/13/2026 0:00,192
3/13/2026 1:00,200
3/13/2026 2:00,202
3/13/2026 3:00,200
3/13/2026 4:00,205
3/13/2026 5:00,207
3/13/2026 6:00,210
3/13/2026 7:00,208
3/13/2026 8:00,206
3/13/2026 9:00,205
3/13/2026 10:00,193
3/13/2026 11:00,185
3/13/2026 12:00,174
3/13/2026 13:00,165
3/13/2026 14:00,157
3/13/2026 15:00,150
3/13/2026 16:00,154
3/13/2026 17:00,158
3/13/2026 18:00,163
3/13/2026 19:00,165
3/13/2026 20:00,169
3/13/2026 21:00,180
3/13/2026 22:00,185
3/13/2026 23:00,188
3/14/2026 0:00,190
3/14/2026 1:00,193
3/14/2026 2:00,198
3/14/2026 3:00,197
3/14/2026 4:00,208
3/14/2026 5:00,213
3/14/2026 6:00,210
3/14/2026 7:00,217
3/14/2026 8:00,217
3/14/2026 9:00,212
3/14/2026 10:00,201
3/14/2026 11:00,191
3/14/2026 12:00,180
3/14/2026 13:00,196
3/14/2026 14:00,163
3/14/2026 15:00,150
3/14/2026 16:00,151
3/14/2026 17:00,150
3/14/2026 18:00,160
3/14/2026 19:00,165
3/14/2026 20:00,175
3/14/2026 21:00,180
3/14/2026 22:00,185
3/14/2026 23:00,190
3/15/2026 0:00,185
3/15/2026 1:00,189
3/15/2026 2:00,190
3/15/2026 3:00,187
3/15/2026 4:00,200
3/15/2026 5:00,213
3/15/2026 6:00,215
3/15/2026 7:00,225
3/15/2026 8:00,225
3/15/2026 9:00,214
3/15/2026 10:00,204
3/15/2026 11:00,202
3/15/2026 12:00,183
3/15/2026 13:00,173
3/15/2026 14:00,162
3/15/2026 15:00,152
3/15/2026 16:00,146
3/15/2026 17:00,142
3/15/2026 18:00,150
3/15/2026 19:00,163
3/15/2026 20:00,174
3/15/2026 21:00,178
3/15/2026 22:00,182
3/15/2026 23:00,184
3/16/2026 0:00,180
3/16/2026 1:00,178
3/16/2026 2:00,172
3/16/2026 3:00,183
3/16/2026 4:00,195
3/16/2026 5:00,200
3/16/2026 6:00,197
3/16/2026 7:00,214
3/16/2026 8:00,217
3/16/2026 9:00,205
3/16/2026 10:00,205
3/16/2026 11:00,198
3/16/2026 12:00,187
3/16/2026 13:00,175
3/16/2026 14:00,169
3/16/2026 15:00,159
3/16/2026 16:00,150
3/16/2026 17:00,148
3/16/2026 18:00,155
3/16/2026 19:00,160
3/16/2026 20:00,172
3/16/2026 21:00,181
3/16/2026 22:00,185
3/16/2026 23:00,182
3/17/2026 0:00,190
3/17/2026 1:00,184
3/17/2026 2:00,185
3/17/2026 3:00,190
3/17/2026 4:00,190
3/17/2026 5:00,198
3/17/2026 6:00,210
3/17/2026 7:00,212
3/17/2026 8:00,220
3/17/2026 9:00,218
3/17/2026 10:00,212
3/17/2026 11:00,207
3/17/2026 12:00,198
3/17/2026 13:00,188
3/17/2026 14:00,180
3/17/2026 15:00,170
3/17/2026 16:00,160
3/17/2026 17:00,155
3/17/2026 18:00,155
3/17/2026 19:00,162
3/17/2026 20:00,173
3/17/2026 21:00,178
3/17/2026 22:00,183
3/17/2026 23:00,185
3/18/2026 0:00,188
3/18/2026 1:00,188
3/18/2026 2:00,185
3/18/2026 3:00,186
3/18/2026 4:00,188
3/18/2026 5:00,178
3/18/2026 6:00,183
3/18/2026 7:00,215
3/18/2026 8:00,215
3/18/2026 9:00,210
3/18/2026 10:00,210
3/18/2026 11:00,205
3/18/2026 12:00,203
3/18/2026 13:00,180
3/18/2026 14:00,175
3/18/2026 15:00,170
3/18/2026 16:00,167
3/18/2026 17:00,160
3/18/2026 18:00,158
3/18/2026 19:00,170
3/18/2026 20:00,177
3/18/2026 21:00,186
3/18/2026 22:00,185
3/18/2026 23:00,188
3/19/2026 0:00,190
3/19/2026 1:00,187
3/19/2026 2:00,183
3/19/2026 3:00,184
3/19/2026 4:00,190
3/19/2026 5:00,192
3/19/2026 6:00,192
3/19/2026 7:00,195
3/19/2026 8:00,199
3/19/2026 9:00,210
3/19/2026 10:00,215
3/19/2026 11:00,214
3/19/2026 12:00,210
3/19/2026 13:00,191
3/19/2026 14:00,185
3/19/2026 15:00,175
3/19/2026 16:00,169
3/19/2026 17:00,164
3/19/2026 18:00,173
3/19/2026 19:00,176
3/19/2026 20:00,185
3/19/2026 21:00,200
3/19/2026 22:00,205
3/19/2026 23:00,210
3/20/2026 0:00,208
3/20/2026 1:00,205
3/20/2026 2:00,198
3/20/2026 3:00,194
3/20/2026 4:00,190
3/20/2026 5:00,180
3/20/2026 6:00,185
3/20/2026 7:00,193
3/20/2026 8:00,190
3/20/2026 9:00,187
3/20/2026 10:00,200
3/20/2026 11:00,195
3/20/2026 12:00,191
3/20/2026 13:00,185
3/20/2026 14:00,180
3/20/2026 15:00,180
3/20/2026 16:00,170
3/20/2026 17:00,170
3/20/2026 18:00,170
3/20/2026 19:00,177
3/20/2026 20:00,185
3/20/2026 21:00,195
3/20/2026 22:00,215
3/20/2026 23:00,215
3/21/2026 0:00,215
3/21/2026 1:00,209
3/21/2026 2:00,205
3/21/2026 3:00,198
3/21/2026 4:00,185
3/21/2026 5:00,188
3/21/2026 6:00,188
3/21/2026 7:00,180
3/21/2026 8:00,182
3/21/2026 9:00,180
3/21/2026 10:00,183
3/21/2026 11:00,188
3/21/2026 12:00,172
3/21/2026 13:00,178
3/21/2026 14:00,180
3/21/2026 15:00,168
3/21/2026 16:00,170
3/21/2026 17:00,175
3/21/2026 18:00,170
3/21/2026 19:00,180
3/21/2026 20:00,180
3/21/2026 21:00,200
3/21/2026 22:00,210
3/21/2026 23:00,222
3/22/2026 0:00,222
3/22/2026 1:00,220
3/22/2026 2:00,216
3/22/2026 3:00,208
3/22/2026 4:00,198
3/22/2026 5:00,187
3/22/2026 6:00,170
3/22/2026 7:00,172
3/22/2026 8:00,168
3/22/2026 9:00,168
3/22/2026 10:00,171
3/22/2026 11:00,170
3/22/2026 12:00,168
3/22/2026 13:00,164
3/22/2026 14:00,164
3/22/2026 15:00,164
3/22/2026 16:00,163
3/22/2026 17:00,168
3/22/2026 18:00,175
3/22/2026 19:00,180
3/22/2026 20:00,193
3/22/2026 21:00,199
3/22/2026 22:00,208
3/22/2026 23:00,216
3/23/2026 0:00,220
3/23/2026 1:00,218
3/23/2026 2:00,207
3/23/2026 3:00,216
3/23/2026 4:00,207
3/23/2026 5:00,190
3/23/2026 6:00,186
3/23/2026 7:00,177
3/23/2026 8:00,175
3/23/2026 9:00,160
3/23/2026 10:00,160
3/23/2026 11:00,163
3/23/2026 12:00,157
3/23/2026 13:00,165
3/23/2026 14:00,159
3/23/2026 15:00,155
3/23/2026 16:00,155
3/23/2026 17:00,160
3/23/2026 18:00,168
3/23/2026 19:00,175
3/23/2026 20:00,190
3/23/2026 21:00,208
3/23/2026 22:00,213
3/23/2026 23:00,227
3/24/2026 0:00,229
3/24/2026 1:00,235
3/24/2026 2:00,228
3/24/2026 3:00,225
3/24/2026 4:00,219
3/24/2026 5:00,215
3/24/2026 6:00,203
3/24/2026 7:00,192
3/24/2026 8:00,182
3/24/2026 9:00,168
3/24/2026 10:00,157
3/24/2026 11:00,150
3/24/2026 12:00,145
3/24/2026 13:00,147
3/24/2026 14:00,145
3/24/2026 15:00,144
3/24/2026 16:00,151
3/24/2026 17:00,155
3/24/2026 18:00,157
3/24/2026 19:00,165
3/24/2026 20:00,165
3/24/2026 21:00,187
3/24/2026 22:00,193
3/24/2026 23:00,205
3/25/2026 0:00,213
3/25/2026 1:00,221
3/25/2026 2:00,220
3/25/2026 3:00,221
3/25/2026 4:00,215
3/25/2026 5:00,215
3/25/2026 6:00,192
3/25/2026 7:00,197
3/25/2026 8:00,187
3/25/2026 9:00,178
3/25/2026 10:00,165
3/25/2026 11:00,153
3/25/2026 12:00,148
3/25/2026 13:00,143
3/25/2026 14:00,145
3/25/2026 15:00,148
3/25/2026 16:00,150
3/25/2026 17:00,155
3/25/2026 18:00,160
3/25/2026 19:00,170
3/25/2026 20:00,188
3/25/2026 21:00,178
3/25/2026 22:00,204
3/25/2026 23:00,199
3/26/2026 0:00,202
3/26/2026 1:00,230
3/26/2026 2:00,233
3/26/2026 3:00,225
3/26/2026 4:00,230
3/26/2026 5:00,232
3/26/2026 6:00,225
3/26/2026 7:00,223
3/26/2026 8:00,203
3/26/2026 9:00,195
3/26/2026 10:00,175
3/26/2026 11:00,170
3/26/2026 12:00,162
3/26/2026 13:00,165
3/26/2026 14:00,142
3/26/2026 15:00,143
3/26/2026 16:00,144
3/26/2026 17:00,152
3/26/2026 18:00,160
3/26/2026 19:00,165
3/26/2026 20:00,178
3/26/2026 21:00,178
3/26/2026 22:00,191
3/26/2026 23:00,193
3/27/2026 0:00,205
3/27/2026 1:00,213
3/27/2026 2:00,220
3/27/2026 3:00,216
3/27/2026 4:00,225
3/27/2026 5:00,215
3/27/2026 6:00,222
3/27/2026 7:00,215
3/27/2026 8:00,210
3/27/2026 9:00,208
3/27/2026 10:00,195
3/27/2026 11:00,182
3/27/2026 12:00,165
3/27/2026 13:00,155
3/27/2026 14:00,153
3/27/2026 15:00,142
3/27/2026 16:00,135
3/27/2026 17:00,142
3/27/2026 18:00,156
3/27/2026 19:00,167
3/27/2026 20:00,175
3/27/2026 21:00,182
3/27/2026 22:00,185
3/27/2026 23:00,183
3/28/2026 0:00,187
3/28/2026 1:00,193
3/28/2026 2:00,195
3/28/2026 3:00,203
3/28/2026 4:00,205
3/28/2026 5:00,210
3/28/2026 6:00,223
3/28/2026 7:00,217
3/28/2026 8:00,220
3/28/2026 9:00,216
3/28/2026 10:00,210
3/28/2026 11:00,186
3/28/2026 12:00,175
3/28/2026 13:00,160
3/28/2026 14:00,155
3/28/2026 15:00,150
3/28/2026 16:00,145
3/28/2026 17:00,145
3/28/2026 18:00,155
3/28/2026 19:00,169
3/28/2026 20:00,175
3/28/2026 21:00,182
3/28/2026 22:00,185
3/28/2026 23:00,190
3/29/2026 0:00,188
3/29/2026 1:00,180
3/29/2026 2:00,189
3/29/2026 3:00,193
3/29/2026 4:00,199
3/29/2026 5:00,200
3/29/2026 6:00,214
3/29/2026 7:00,224
3/29/2026 8:00,223
3/29/2026 9:00,215
3/29/2026 10:00,209
3/29/2026 11:00,200
3/29/2026 12:00,187
3/29/2026 13:00,175
3/29/2026 14:00,166
3/29/2026 15:00,163
3/29/2026 16:00,152
3/29/2026 17:00,158
3/29/2026 18:00,166
3/29/2026 19:00,172
3/29/2026 20:00,182
3/29/2026 21:00,190
3/29/2026 22:00,190
3/29/2026 23:00,191
3/30/2026 0:00,201
3/30/2026 1:00,182
3/30/2026 2:00,182
3/30/2026 3:00,188
3/30/2026 4:00,193
3/30/2026 5:00,206
3/30/2026 6:00,210
3/30/2026 7:00,218
3/30/2026 8:00,212
3/30/2026 9:00,220
3/30/2026 10:00,214
3/30/2026 11:00,205
3/30/2026 12:00,190
3/30/2026 13:00,185
3/30/2026 14:00,174
3/30/2026 15:00,172
3/30/2026 16:00,165
3/30/2026 17:00,167
3/30/2026 18:00,158
3/30/2026 19:00,172
3/30/2026 20:00,192
3/30/2026 21:00,195
3/30/2026 22:00,192
3/30/2026 23:00,200
3/31/2026 0:00,194
3/31/2026 1:00,183
3/31/2026 2:00,180
3/31/2026 3:00,185
3/31/2026 4:00,180
3/31/2026 5:00,193
3/31/2026 6:00,195
3/31/2026 7:00,198
3/31/2026 8:00,204
3/31/2026 9:00,204
3/31/2026 10:00,203
3/31/2026 11:00,194
3/31/2026 12:00,190
3/31/2026 13:00,186
3/31/2026 14:00,186
3/31/2026 15:00,169
3/31/2026 16:00,165
3/31/2026 17:00,166
3/31/2026 18:00,169
3/31/2026 19:00,180
3/31/2026 20:00,188
3/31/2026 21:00,194
3/31/2026 22:00,191
3/31/2026 23:00,195
4/1/2026 0:00,200
4/1/2026 1:00,196
4/1/2026 2:00,193
4/1/2026 3:00,185
4/1/2026 4:00,188
4/1/2026 5:00,185
4/1/2026 6:00,188
4/1/2026 7:00,188
4/1/2026 8:00,199
4/1/2026 9:00,196
4/1/2026 10:00,197
4/1/2026 11:00,197
4/1/2026 12:00,190
4/1/2026 13:00,183
4/1/2026 14:00,184
4/1/2026 15:00,175
4/1/2026 16:00,184
4/1/2026 17:00,183
4/1/2026 18:00,186
4/1/2026 19:00,198
4/1/2026 20:00,215
4/1/2026 21:00,217
4/1/2026 22:00,217
4/1/2026 23:00,211
4/2/2026 0:00,208
4/2/2026 1:00,206
4/2/2026 2:00,202
4/2/2026 3:00,205
4/2/2026 4:00,202
4/2/2026 5:00,203
4/2/2026 6:00,197
4/2/2026 7:00,188
4/2/2026 8:00,193
4/2/2026 9:00,195
4/2/2026 10:00,191
4/2/2026 11:00,186
4/2/2026 12:00,183
4/2/2026 13:00,180
4/2/2026 14:00,184
4/2/2026 15:00,185
4/2/2026 16:00,180
4/2/2026 17:00,183
4/2/2026 18:00,180
4/2/2026 19:00,198
4/2/2026 20:00,200
4/2/2026 21:00,210
4/2/2026 22:00,207
4/2/2026 23:00,209
4/3/2026 0:00,208
4/3/2026 1:00,206
4/3/2026 2:00,205
4/3/2026 3:00,195
4/3/2026 4:00,194
4/3/2026 5:00,190
4/3/2026 6:00,193
4/3/2026 7:00,173
4/3/2026 8:00,180
4/3/2026 9:00,170
4/3/2026 10:00,171
4/3/2026 11:00,170
4/3/2026 12:00,170
4/3/2026 13:00,170
4/3/2026 14:00,180
4/3/2026 15:00,178
4/3/2026 16:00,180
4/3/2026 17:00,190
4/3/2026 18:00,206
4/3/2026 19:00,195
4/3/2026 20:00,208
4/3/2026 21:00,218
4/3/2026 22:00,215
4/3/2026 23:00,225
4/4/2026 0:00,220
4/4/2026 1:00,220
4/4/2026 2:00,206
4/4/2026 3:00,214
4/4/2026 4:00,205
4/4/2026 5:00,194
4/4/2026 6:00,193
4/4/2026 7:00,187
4/4/2026 8:00,184
4/4/2026 9:00,175
4/4/2026 10:00,180
4/4/2026 11:00,180
4/4/2026 12:00,178
4/4/2026 13:00,187
4/4/2026 14:00,188
4/4/2026 15:00,193
4/4/2026 16:00,190
4/4/2026 17:00,195
4/4/2026 18:00,199
4/4/2026 19:00,204
4/4/2026 20:00,211
4/4/2026 21:00,214
4/4/2026 22:00,233
4/4/2026 23:00,230
4/5/2026 0:00,225
4/5/2026 1:00,215
4/5/2026 2:00,213
4/5/2026 3:00,215
4/5/2026 4:00,210
4/5/2026 5:00,195
4/5/2026 6:00,195
4/5/2026 7:00,184
4/5/2026 8:00,178
4/5/2026 9:00,168
4/5/2026 10:00,165
4/5/2026 11:00,167
4/5/2026 12:00,160
4/5/2026 13:00,150
4/5/2026 14:00,170
4/5/2026 15:00,172
4/5/2026 16:00,174
4/5/2026 17:00,183
4/5/2026 18:00,194
4/5/2026 19:00,200
4/5/2026 20:00,203
4/5/2026 21:00,210
4/5/2026 22:00,215
4/5/2026 23:00,222
4/6/2026 0:00,220
4/6/2026 1:00,220
4/6/2026 2:00,220
4/6/2026 3:00,214
4/6/2026 4:00,210
4/6/2026 5:00,212
4/6/2026 6:00,190
4/6/2026 7:00,187
4/6/2026 8:00,176
4/6/2026 9:00,171
4/6/2026 10:00,164
4/6/2026 11:00,162
4/6/2026 12:00,160
4/6/2026 13:00,160
4/6/2026 14:00,162
4/6/2026 15:00,169
4/6/2026 16:00,177
4/6/2026 17:00,183
4/6/2026 18:00,194
4/6/2026 19:00,204
4/6/2026 20:00,205
4/6/2026 21:00,205
4/6/2026 22:00,212
4/6/2026 23:00,209
4/7/2026 0:00,222
4/7/2026 1:00,215
4/7/2026 2:00,210
4/7/2026 3:00,205
4/7/2026 4:00,205
4/7/2026 5:00,198
4/7/2026 6:00,195
4/7/2026 7:00,188
4/7/2026 8:00,176
4/7/2026 9:00,160
4/7/2026 10:00,156
4/7/2026 11:00,150
4/7/2026 12:00,150
4/7/2026 13:00,150
4/7/2026 14:00,145
4/7/2026 15:00,155
4/7/2026 16:00,164
4/7/2026 17:00,175
4/7/2026 18:00,180
4/7/2026 19:00,190
4/7/2026 20:00,197
4/7/2026 21:00,205
4/7/2026 22:00,197
4/7/2026 23:00,208
4/8/2026 0:00,205
4/8/2026 1:00,202
4/8/2026 2:00,215
4/8/2026 3:00,218
4/8/2026 4:00,210
4/8/2026 5:00,205
4/8/2026 6:00,195
4/8/2026 7:00,194
4/8/2026 8:00,184
4/8/2026 9:00,170
4/8/2026 10:00,160
4/8/2026 11:00,153
4/8/2026 12:00,144
4/8/2026 13:00,140
4/8/2026 14:00,148
4/8/2026 15:00,149
4/8/2026 16:00,152
4/8/2026 17:00,170
4/8/2026 18:00,184
4/8/2026 19:00,193
4/8/2026 20:00,195
4/8/2026 21:00,196
4/8/2026 22:00,207
4/8/2026 23:00,200
4/9/2026 0:00,198
4/9/2026 1:00,203
4/9/2026 2:00,208
4/9/2026 3:00,200
4/9/2026 4:00,210
4/9/2026 5:00,205
4/9/2026 6:00,195
4/9/2026 7:00,190
4/9/2026 8:00,185
4/9/2026 9:00,175
4/9/2026 10:00,165
4/9/2026 11:00,155
4/9/2026 12:00,150
4/9/2026 13:00,143
4/9/2026 14:00,140
4/9/2026 15:00,138
4/9/2026 16:00,154
4/9/2026 17:00,154
4/9/2026 18:00,165
4/9/2026 19:00,175
4/9/2026 20:00,190
4/9/2026 21:00,195
4/9/2026 22:00,200
4/9/2026 23:00,203
4/10/2026 0:00,203
4/10/2026 1:00,201
4/10/2026 2:00,200
4/10/2026 3:00,207
4/10/2026 4:00,210
4/10/2026 5:00,202
4/10/2026 6:00,205
4/10/2026 7:00,200
4/10/2026 8:00,194
4/10/2026 9:00,179
4/10/2026 10:00,173
4/10/2026 11:00,163
4/10/2026 12:00,153
4/10/2026 13:00,148
4/10/2026 14:00,148
4/10/2026 15:00,146
4/10/2026 16:00,145
4/10/2026 17:00,162
4/10/2026 18:00,175
4/10/2026 19:00,180
4/10/2026 20:00,190
4/10/2026 21:00,206
4/10/2026 22:00,197
4/10/2026 23:00,195
4/11/2026 0:00,208
4/11/2026 1:00,196
4/11/2026 2:00,195
4/11/2026 3:00,196
4/11/2026 4:00,187
4/11/2026 5:00,195
4/11/2026 6:00,197
4/11/2026 7:00,202
4/11/2026 8:00,193
4/11/2026 9:00,185
4/11/2026 10:00,180
4/11/2026 11:00,160
4/11/2026 12:00,148
4/11/2026 13:00,140
4/11/2026 14:00,144
4/11/2026 15:00,140
4/11/2026 16:00,144
4/11/2026 17:00,158
4/11/2026 18:00,153
4/11/2026 19:00,168
4/11/2026 20:00,183
4/11/2026 21:00,183
4/11/2026 22:00,188
4/11/2026 23:00,190
4/12/2026 0:00,185
4/12/2026 1:00,188
4/12/2026 2:00,186
4/12/2026 3:00,182
4/12/2026 4:00,188
4/12/2026 5:00,192
4/12/2026 6:00,190
4/12/2026 7:00,198
4/12/2026 8:00,200
4/12/2026 9:00,200
4/12/2026 10:00,195
4/12/2026 11:00,168
4/12/2026 12:00,163
4/12/2026 13:00,165
4/12/2026 14:00,154
4/12/2026 15:00,150
4/12/2026 16:00,150
4/12/2026 17:00,154
4/12/2026 18:00,166
4/12/2026 19:00,180
4/12/2026 20:00,190
4/12/2026 21:00,190
4/12/2026 22:00,190
4/12/2026 23:00,192
4/13/2026 0:00,195
4/13/2026 1:00,187
4/13/2026 2:00,195
4/13/2026 3:00,196
4/13/2026 4:00,193
4/13/2026 5:00,197
4/13/2026 6:00,202
4/13/2026 7:00,207
4/13/2026 8:00,209
4/13/2026 9:00,200
4/13/2026 10:00,198
4/13/2026 11:00,183
4/13/2026 12:00,175
4/13/2026 13:00,165
4/13/2026 14:00,165
4/13/2026 15:00,155
4/13/2026 16:00,156
4/13/2026 17:00,160
4/13/2026 18:00,175
4/13/2026 19:00,184
4/13/2026 20:00,190
4/13/2026 21:00,195
4/13/2026 22:00,200
4/13/2026 23:00,204
4/14/2026 0:00,203
4/14/2026 1:00,195
4/14/2026 2:00,198
4/14/2026 3:00,198
4/14/2026 4:00,195
4/14/2026 5:00,205
4/14/2026 6:00,210
4/14/2026 7:00,211
4/14/2026 8:00,208
4/14/2026 9:00,210
4/14/2026 10:00,204
4/14/2026 11:00,193
4/14/2026 12:00,195
4/14/2026 13:00,189
4/14/2026 14:00,180
4/14/2026 15:00,175
4/14/2026 16:00,177
4/14/2026 17:00,180
4/14/2026 18:00,183
4/14/2026 19:00,195
4/14/2026 20:00,195
4/14/2026 21:00,220
4/14/2026 22:00,230
4/14/2026 23:00,220
4/15/2026 0:00,208
4/15/2026 1:00,193
4/15/2026 2:00,197
4/15/2026 3:00,195
4/15/2026 4:00,195
4/15/2026 5:00,197
4/15/2026 6:00,202
4/15/2026 7:00,203
4/15/2026 8:00,205
4/15/2026 9:00,200
4/15/2026 10:00,197
4/15/2026 11:00,191
4/15/2026 12:00,188
4/15/2026 13:00,185
4/15/2026 14:00,187
4/15/2026 15:00,184
4/15/2026 16:00,175
4/15/2026 17:00,174
4/15/2026 18:00,180
4/15/2026 19:00,198
4/15/2026 20:00,195
4/15/2026 21:00,210
4/15/2026 22:00,202
4/15/2026 23:00,199
4/16/2026 0:00,195
4/16/2026 1:00,192
4/16/2026 2:00,191
4/16/2026 3:00,197
4/16/2026 4:00,193
4/16/2026 5:00,193
4/16/2026 6:00,190
4/16/2026 7:00,195
4/16/2026 8:00,190
4/16/2026 9:00,189
4/16/2026 10:00,186
4/16/2026 11:00,180
4/16/2026 12:00,180
4/16/2026 13:00,182
4/16/2026 14:00,182
4/16/2026 15:00,186
4/16/2026 16:00,185
4/16/2026 17:00,180
4/16/2026 18:00,180
4/16/2026 19:00,199
4/16/2026 20:00,211
4/16/2026 21:00,220
4/16/2026 22:00,215
4/16/2026 23:00,215
4/17/2026 0:00,203
4/17/2026 1:00,207
4/17/2026 2:00,205
4/17/2026 3:00,207
4/17/2026 4:00,198
4/17/2026 5:00,190
4/17/2026 6:00,186
4/17/2026 7:00,182
4/17/2026 8:00,185
4/17/2026 9:00,184
4/17/2026 10:00,185
4/17/2026 11:00,180
4/17/2026 12:00,177
4/17/2026 13:00,189
4/17/2026 14:00,182
4/17/2026 15:00,187
4/17/2026 16:00,190
4/17/2026 17:00,192
4/17/2026 18:00,198
4/17/2026 19:00,207
4/17/2026 20:00,217
4/17/2026 21:00,228
4/17/2026 22:00,235
4/17/2026 23:00,230
4/18/2026 0:00,226
4/18/2026 1:00,222
4/18/2026 2:00,198
4/18/2026 3:00,204
4/18/2026 4:00,190
4/18/2026 5:00,187
4/18/2026 6:00,180
4/18/2026 7:00,170
4/18/2026 8:00,170
4/18/2026 9:00,175
4/18/2026 10:00,180
4/18/2026 11:00,180
4/18/2026 12:00,174
4/18/2026 13:00,180
4/18/2026 14:00,189
4/18/2026 15:00,188
4/18/2026 16:00,194
4/18/2026 17:00,205
4/18/2026 18:00,205
4/18/2026 19:00,215
4/18/2026 20:00,228
4/18/2026 21:00,232
4/18/2026 22:00,240
4/18/2026 23:00,245
4/19/2026 0:00,236
4/19/2026 1:00,232
4/19/2026 2:00,222
4/19/2026 3:00,220
4/19/2026 4:00,203
4/19/2026 5:00,200
4/19/2026 6:00,185
4/19/2026 7:00,185
4/19/2026 8:00,158
4/19/2026 9:00,155
4/19/2026 10:00,155
4/19/2026 11:00,164
4/19/2026 12:00,165
4/19/2026 13:00,165
4/19/2026 14:00,166
4/19/2026 15:00,178
4/19/2026 16:00,182
4/19/2026 17:00,190
4/19/2026 18:00,207
4/19/2026 19:00,208
4/19/2026 20:00,219
4/19/2026 21:00,225
4/19/2026 22:00,242
4/19/2026 23:00,235
4/20/2026 0:00,248
4/20/2026 1:00,232
4/20/2026 2:00,235
4/20/2026 3:00,220
4/20/2026 4:00,210
4/20/2026 5:00,202
4/20/2026 6:00,189
4/20/2026 7:00,173
4/20/2026 8:00,162
4/20/2026 9:00,150
4/20/2026 10:00,146
4/20/2026 11:00,150
4/20/2026 12:00,157
4/20/2026 13:00,163
4/20/2026 14:00,168
4/20/2026 15:00,170
4/20/2026 16:00,179
4/20/2026 17:00,188
4/20/2026 18:00,200
4/20/2026 19:00,207
4/20/2026 20:00,220
4/20/2026 21:00,230
4/20/2026 22:00,240
4/20/2026 23:00,245
4/21/2026 0:00,245
4/21/2026 1:00,248
4/21/2026 2:00,238
4/21/2026 3:00,230
4/21/2026 4:00,220
4/21/2026 5:00,203
4/21/2026 6:00,193
4/21/2026 7:00,182
4/21/2026 8:00,175
4/21/2026 9:00,165
4/21/2026 10:00,152
4/21/2026 11:00,153
4/21/2026 12:00,148
4/21/2026 13:00,154
4/21/2026 14:00,154
4/21/2026 15:00,164
4/21/2026 16:00,174
4/21/2026 17:00,180
4/21/2026 18:00,188
4/21/2026 19:00,201
4/21/2026 20:00,211
4/21/2026 21:00,223
4/21/2026 22:00,227
4/21/2026 23:00,242
4/22/2026 0:00,244
4/22/2026 1:00,250
4/22/2026 2:00,244
4/22/2026 3:00,240
4/22/2026 4:00,231
4/22/2026 5:00,224
4/22/2026 6:00,211
4/22/2026 7:00,202
4/22/2026 8:00,176
4/22/2026 9:00,160
4/22/2026 10:00,152
4/22/2026 11:00,146
4/22/2026 12:00,142
4/22/2026 13:00,142
4/22/2026 14:00,142
4/22/2026 15:00,148
4/22/2026 16:00,160
4/22/2026 17:00,173
4/22/2026 18:00,180
4/22/2026 19:00,190
4/22/2026 20:00,203
4/22/2026 21:00,213
4/22/2026 22:00,215
4/22/2026 23:00,223
4/23/2026 0:00,225
4/23/2026 1:00,220
4/23/2026 2:00,226
4/23/2026 3:00,225
4/23/2026 4:00,215
4/23/2026 5:00,221
4/23/2026 6:00,218
4/23/2026 7:00,200
4/23/2026 8:00,190
4/23/2026 9:00,180
4/23/2026 10:00,160
4/23/2026 11:00,140
4/23/2026 12:00,142
4/23/2026 13:00,140
4/23/2026 14:00,140
4/23/2026 15:00,142
4/23/2026 16:00,154
4/23/2026 17:00,163
4/23/2026 18:00,180
4/23/2026 19:00,185
4/23/2026 20:00,200
4/23/2026 21:00,203
4/23/2026 22:00,210
4/23/2026 23:00,208
4/24/2026 0:00,213
4/24/2026 1:00,215
4/24/2026 2:00,218
4/24/2026 3:00,222
4/24/2026 4:00,220
4/24/2026 5:00,224
4/24/2026 6:00,225
4/24/2026 7:00,218
4/24/2026 8:00,213
4/24/2026 9:00,206
4/24/2026 10:00,190
4/24/2026 11:00,174
4/24/2026 12:00,160
4/24/2026 13:00,157
4/24/2026 14:00,154
4/24/2026 15:00,154
4/24/2026 16:00,158
4/24/2026 17:00,177
4/24/2026 18:00,184
4/24/2026 19:00,192
4/24/2026 20:00,207
4/24/2026 21:00,210
4/24/2026 22:00,213
4/24/2026 23:00,213
4/25/2026 0:00,208
4/25/2026 1:00,214
4/25/2026 2:00,215
4/25/2026 3:00,216
4/25/2026 4:00,222
4/25/2026 5:00,230
4/25/2026 6:00,235
4/25/2026 7:00,222
4/25/2026 8:00,223
4/25/2026 9:00,212
4/25/2026 10:00,197
4/25/2026 11:00,190
4/25/2026 12:00,178
4/25/2026 13:00,170
4/25/2026 14:00,167
4/25/2026 15:00,168
4/25/2026 16:00,167
4/25/2026 17:00,180
4/25/2026 18:00,196
4/25/2026 19:00,195
4/25/2026 20:00,199
4/25/2026 21:00,207
4/25/2026 22:00,197
4/25/2026 23:00,210
4/26/2026 0:00,204
4/26/2026 1:00,200
4/26/2026 2:00,196
4/26/2026 3:00,215
4/26/2026 4:00,216
4/26/2026 5:00,209
4/26/2026 6:00,218
4/26/2026 7:00,223
4/26/2026 8:00,215
4/26/2026 9:00,207
4/26/2026 10:00,204
4/26/2026 11:00,190
4/26/2026 12:00,182
4/26/2026 13:00,172
4/26/2026 14:00,160
4/26/2026 15:00,162
4/26/2026 16:00,160
4/26/2026 17:00,168
4/26/2026 18:00,178
4/26/2026 19:00,188
4/26/2026 20:00,201
4/26/2026 21:00,205
4/26/2026 22:00,200
4/26/2026 23:00,202
4/27/2026 0:00,195
4/27/2026 1:00,190
4/27/2026 2:00,190
4/27/2026 3:00,192
4/27/2026 4:00,190
4/27/2026 5:00,193
4/27/2026 6:00,200
4/27/2026 7:00,198
4/27/2026 8:00,205
4/27/2026 9:00,199
4/27/2026 10:00,194
4/27/2026 11:00,188
4/27/2026 12:00,178
4/27/2026 13:00,175
4/27/2026 14:00,170
4/27/2026 15:00,168
4/27/2026 16:00,174
4/27/2026 17:00,184
4/27/2026 18:00,190
4/27/2026 19:00,194
4/27/2026 20:00,210
4/27/2026 21:00,208
4/27/2026 22:00,203
4/27/2026 23:00,207
4/28/2026 0:00,204
4/28/2026 1:00,190
4/28/2026 2:00,188
4/28/2026 3:00,185
4/28/2026 4:00,185
4/28/2026 5:00,185
4/28/2026 6:00,185
4/28/2026 7:00,193
4/28/2026 8:00,180
4/28/2026 9:00,185
4/28/2026 10:00,190
4/28/2026 11:00,181
4/28/2026 12:00,184
4/28/2026 13:00,178
4/28/2026 14:00,180
4/28/2026 15:00,180
4/28/2026 16:00,172
4/28/2026 17:00,185
4/28/2026 18:00,195
4/28/2026 19:00,200
4/28/2026 20:00,213
4/28/2026 21:00,215
4/28/2026 22:00,218
4/28/2026 23:00,225
4/29/2026 0:00,210
4/29/2026 1:00,204
4/29/2026 2:00,198
4/29/2026 3:00,190
4/29/2026 4:00,179
4/29/2026 5:00,180
4/29/2026 6:00,180
4/29/2026 7:00,182
4/29/2026 8:00,182
4/29/2026 9:00,180
4/29/2026 10:00,182
4/29/2026 11:00,180
4/29/2026 12:00,183
4/29/2026 13:00,180
4/29/2026 14:00,181
4/29/2026 15:00,180
4/29/2026 16:00,187
4/29/2026 17:00,190
4/29/2026 18:00,206
4/29/2026 19:00,213
4/29/2026 20:00,221
4/29/2026 21:00,230
4/29/2026 22:00,223
4/29/2026 23:00,222
4/30/2026 0:00,221
4/30/2026 1:00,210
4/30/2026 2:00,205
4/30/2026 3:00,197
4/30/2026 4:00,190
4/30/2026 5:00,180
4/30/2026 6:00,180
4/30/2026 7:00,182
4/30/2026 8:00,170
4/30/2026 9:00,170
4/30/2026 10:00,170
4/30/2026 11:00,179
4/30/2026 12:00,180
4/30/2026 13:00,181
4/30/2026 14:00,188
4/30/2026 15:00,190
4/30/2026 16:00,197
4/30/2026 17:00,200
4/30/2026 18:00,204
4/30/2026 19:00,215
4/30/2026 20:00,225
4/30/2026 21:00,228
4/30/2026 22:00,225
4/30/2026 23:00,225
5/1/2026 0:00,220
5/1/2026 1:00,208
5/1/2026 2:00,201
5/1/2026 3:00,190
5/1/2026 4:00,187
5/1/2026 5:00,175
5/1/2026 6:00,170
5/1/2026 7:00,153
5/1/2026 8:00,160
5/1/2026 9:00,155
5/1/2026 10:00,150
5/1/2026 11:00,160
5/1/2026 12:00,165
5/1/2026 13:00,175
5/1/2026 14:00,180
5/1/2026 15:00,180
5/1/2026 16:00,190
5/1/2026 17:00,195
5/1/2026 18:00,202
5/1/2026 19:00,208
5/1/2026 20:00,212
5/1/2026 21:00,220
5/1/2026 22:00,222
5/1/2026 23:00,213
5/2/2026 0:00,212
5/2/2026 1:00,209
5/2/2026 2:00,197
5/2/2026 3:00,195
5/2/2026 4:00,180
5/2/2026 5:00,174
5/2/2026 6:00,163
5/2/2026 7:00,154
5/2/2026 8:00,160
5/2/2026 9:00,167
5/2/2026 10:00,168
5/2/2026 11:00,172
5/2/2026 12:00,175
5/2/2026 13:00,180
5/2/2026 14:00,182
5/2/2026 15:00,190
5/2/2026 16:00,190
5/2/2026 17:00,198
5/2/2026 18:00,200
5/2/2026 19:00,211
5/2/2026 20:00,213
5/2/2026 21:00,228
5/2/2026 22:00,225
5/2/2026 23:00,222
5/3/2026 0:00,220
5/3/2026 1:00,222
5/3/2026 2:00,208
5/3/2026 3:00,200
5/3/2026 4:00,187
5/3/2026 5:00,180
5/3/2026 6:00,170
5/3/2026 7:00,160
5/3/2026 8:00,160
5/3/2026 9:00,159
5/3/2026 10:00,164
5/3/2026 11:00,163
5/3/2026 12:00,164
5/3/2026 13:00,175
5/3/2026 14:00,177
5/3/2026 15:00,188
5/3/2026 16:00,195
5/3/2026 17:00,207
5/3/2026 18:00,205
5/3/2026 19:00,223
5/3/2026 20:00,227
5/3/2026 21:00,226
5/3/2026 22:00,230
5/3/2026 23:00,237
5/4/2026 0:00,230
5/4/2026 1:00,226
5/4/2026 2:00,220
5/4/2026 3:00,210
5/4/2026 4:00,195
5/4/2026 5:00,187
5/4/2026 6:00,170
5/4/2026 7:00,177
5/4/2026 8:00,153
5/4/2026 9:00,153
5/4/2026 10:00,155
5/4/2026 11:00,155
5/4/2026 12:00,163
5/4/2026 13:00,160
5/4/2026 14:00,168
5/4/2026 15:00,183
5/4/2026 16:00,188
5/4/2026 17:00,200
5/4/2026 18:00,210
5/4/2026 19:00,215
5/4/2026 20:00,210
5/4/2026 21:00,223
5/4/2026 22:00,223
5/4/2026 23:00,226
5/5/2026 0:00,233
5/5/2026 1:00,233
5/5/2026 2:00,220
5/5/2026 3:00,214
5/5/2026 4:00,210
5/5/2026 5:00,196
5/5/2026 6:00,186
5/5/2026 7:00,175
5/5/2026 8:00,160
5/5/2026 9:00,160
5/5/2026 10:00,150
5/5/2026 11:00,155
5/5/2026 12:00,155
5/5/2026 13:00,150
5/5/2026 14:00,160
5/5/2026 15:00,170
5/5/2026 16:00,173
5/5/2026 17:00,187
5/5/2026 18:00,200
5/5/2026 19:00,208
5/5/2026 20:00,218
5/5/2026 21:00,220
5/5/2026 22:00,225
5/5/2026 23:00,223
5/6/2026 0:00,228
5/6/2026 1:00,230
5/6/2026 2:00,224
5/6/2026 3:00,220
5/6/2026 4:00,213
5/6/2026 5:00,213
5/6/2026 6:00,193
5/6/2026 7:00,182
5/6/2026 8:00,175
5/6/2026 9:00,165
5/6/2026 10:00,160
5/6/2026 11:00,165
5/6/2026 12:00,163
5/6/2026 13:00,163
5/6/2026 14:00,164
5/6/2026 15:00,175
5/6/2026 16:00,184
5/6/2026 17:00,194
5/6/2026 18:00,201
5/6/2026 19:00,212
5/6/2026 20:00,218
5/6/2026 21:00,223
5/6/2026 22:00,226
5/6/2026 23:00,234
5/7/2026 0:00,236
5/7/2026 1:00,226
5/7/2026 2:00,227
5/7/2026 3:00,226
5/7/2026 4:00,220
5/7/2026 5:00,215
5/7/2026 6:00,205
5/7/2026 7:00,195
5/7/2026 8:00,185
5/7/2026 9:00,177
5/7/2026 10:00,169
5/7/2026 11:00,166
5/7/2026 12:00,157
5/7/2026 13:00,155
5/7/2026 14:00,162
5/7/2026 15:00,165
5/7/2026 16:00,180
5/7/2026 17:00,190
5/7/2026 18:00,199
5/7/2026 19:00,209
5/7/2026 20:00,219
5/7/2026 21:00,222
5/7/2026 22:00,225
5/7/2026 23:00,225
5/8/2026 0:00,221
5/8/2026 1:00,217
5/8/2026 2:00,216
5/8/2026 3:00,213
5/8/2026 4:00,215
5/8/2026 5:00,212
5/8/2026 6:00,205
5/8/2026 7:00,202
5/8/2026 8:00,180
5/8/2026 9:00,183
5/8/2026 10:00,172
5/8/2026 11:00,173
5/8/2026 12:00,162
5/8/2026 13:00,164
5/8/2026 14:00,160
5/8/2026 15:00,163
5/8/2026 16:00,173
5/8/2026 17:00,180
5/8/2026 18:00,193
5/8/2026 19:00,204
5/8/2026 20:00,210
5/8/2026 21:00,215
5/8/2026 22:00,220
5/8/2026 23:00,218
5/9/2026 0:00,215
5/9/2026 1:00,219
5/9/2026 2:00,218
5/9/2026 3:00,215
5/9/2026 4:00,222
5/9/2026 5:00,220
5/9/2026 6:00,217
5/9/2026 7:00,210
5/9/2026 8:00,205
5/9/2026 9:00,195
5/9/2026 10:00,182
5/9/2026 11:00,179
5/9/2026 12:00,170
5/9/2026 13:00,164
5/9/2026 14:00,164
5/9/2026 15:00,167
5/9/2026 16:00,169
5/9/2026 17:00,184
5/9/2026 18:00,193
5/9/2026 19:00,195
5/9/2026 20:00,194
5/9/2026 21:00,200
5/9/2026 22:00,205
5/9/2026 23:00,200
5/10/2026 0:00,206
5/10/2026 1:00,210
5/10/2026 2:00,202
5/10/2026 3:00,207
5/10/2026 4:00,208
5/10/2026 5:00,208
5/10/2026 6:00,208
5/10/2026 7:00,206
5/10/2026 8:00,200
5/10/2026 9:00,193
5/10/2026 10:00,190
5/10/2026 11:00,175
5/10/2026 12:00,170
5/10/2026 13:00,163
5/10/2026 14:00,162
5/10/2026 15:00,162
5/10/2026 16:00,173
5/10/2026 17:00,190
5/10/2026 18:00,193
5/10/2026 19:00,204
5/10/2026 20:00,215
5/10/2026 21:00,220
5/10/2026 22:00,215
5/10/2026 23:00,215
5/11/2026 0:00,212
5/11/2026 1:00,213
5/11/2026 2:00,215
5/11/2026 3:00,215
5/11/2026 4:00,216
5/11/2026 5:00,213
5/11/2026 6:00,222
5/11/2026 7:00,215
5/11/2026 8:00,208
5/11/2026 9:00,203
5/11/2026 10:00,202
5/11/2026 11:00,192
5/11/2026 12:00,184
5/11/2026 13:00,174
5/11/2026 14:00,175
5/11/2026 15:00,177
5/11/2026 16:00,182
5/11/2026 17:00,180
5/11/2026 18:00,204
5/11/2026 19:00,209
5/11/2026 20:00,223
5/11/2026 21:00,218
5/11/2026 22:00,210
5/11/2026 23:00,211
5/12/2026 0:00,208
5/12/2026 1:00,210
5/12/2026 2:00,206
5/12/2026 3:00,208
5/12/2026 4:00,200
5/12/2026 5:00,210
5/12/2026 6:00,202
5/12/2026 7:00,210
5/12/2026 8:00,202
5/12/2026 9:00,207
5/12/2026 10:00,209
5/12/2026 11:00,190
5/12/2026 12:00,185
5/12/2026 13:00,185
5/12/2026 14:00,185
5/12/2026 15:00,185
5/12/2026 16:00,189
5/12/2026 17:00,193
5/12/2026 18:00,200
5/12/2026 19:00,215
5/12/2026 20:00,214
5/12/2026 21:00,216
5/12/2026 22:00,216
5/12/2026 23:00,216
5/13/2026 0:00,210
5/13/2026 1:00,207
5/13/2026 2:00,201
5/13/2026 3:00,196
5/13/2026 4:00,194
5/13/2026 5:00,196
5/13/2026 6:00,198
5/13/2026 7:00,199
5/13/2026 8:00,202
5/13/2026 9:00,192
5/13/2026 10:00,195
5/13/2026 11:00,195
5/13/2026 12:00,190
5/13/2026 13:00,188
5/13/2026 14:00,185
5/13/2026 15:00,185
5/13/2026 16:00,190
5/13/2026 17:00,199
5/13/2026 18:00,207
5/13/2026 19:00,219
5/13/2026 20:00,225
5/13/2026 21:00,227
5/13/2026 22:00,220
5/13/2026 23:00,215
5/14/2026 0:00,212
5/14/2026 1:00,208
5/14/2026 2:00,205
5/14/2026 3:00,193
5/14/2026 4:00,190
5/14/2026 5:00,183
5/14/2026 6:00,183
5/14/2026 7:00,189
5/14/2026 8:00,180
5/14/2026 9:00,187
5/14/2026 10:00,180
5/14/2026 11:00,183
5/14/2026 12:00,184
5/14/2026 13:00,180
5/14/2026 14:00,187
5/14/2026 15:00,175
5/14/2026 16:00,185
5/14/2026 17:00,190
5/14/2026 18:00,204
5/14/2026 19:00,230
5/14/2026 20:00,228
5/14/2026 21:00,235
5/14/2026 22:00,233
5/14/2026 23:00,225
5/15/2026 0:00,228
5/15/2026 1:00,210
5/15/2026 2:00,206
5/15/2026 3:00,193
5/15/2026 4:00,185
5/15/2026 5:00,178
5/15/2026 6:00,165
5/15/2026 7:00,172
5/15/2026 8:00,185
5/15/2026 9:00,180
5/15/2026 10:00,170
5/15/2026 11:00,180
5/15/2026 12:00,177
5/15/2026 13:00,183
5/15/2026 14:00,187
5/15/2026 15:00,198
5/15/2026 16:00,197
5/15/2026 17:00,215
5/15/2026 18:00,225
5/15/2026 19:00,235
5/15/2026 20:00,240
5/15/2026 21:00,241
5/15/2026 22:00,244
5/15/2026 23:00,242
5/16/2026 0:00,225
5/16/2026 1:00,222
5/16/2026 2:00,209
5/16/2026 3:00,190
5/16/2026 4:00,181
5/16/2026 5:00,164
5/16/2026 6:00,164
5/16/2026 7:00,153
5/16/2026 8:00,165
5/16/2026 9:00,154
5/16/2026 10:00,160
5/16/2026 11:00,165
5/16/2026 12:00,169
5/16/2026 13:00,170
5/16/2026 14:00,170
5/16/2026 15:00,190
5/16/2026 16:00,190
5/16/2026 17:00,204
5/16/2026 18:00,215
5/16/2026 19:00,225
5/16/2026 20:00,248
5/16/2026 21:00,244
5/16/2026 22:00,243
5/16/2026 23:00,240
5/17/2026 0:00,235
5/17/2026 1:00,227
5/17/2026 2:00,215
5/17/2026 3:00,198
5/17/2026 4:00,186
5/17/2026 5:00,168
5/17/2026 6:00,165
5/17/2026 7:00,162
5/17/2026 8:00,142
5/17/2026 9:00,145
5/17/2026 10:00,144
5/17/2026 11:00,146
5/17/2026 12:00,150
5/17/2026 13:00,160
5/17/2026 14:00,167
5/17/2026 15:00,180
5/17/2026 16:00,188
5/17/2026 17:00,198
5/17/2026 18:00,205
5/17/2026 19:00,215
5/17/2026 20:00,230
5/17/2026 21:00,237
5/17/2026 22:00,243
5/17/2026 23:00,238
5/18/2026 0:00,230
5/18/2026 1:00,224
5/18/2026 2:00,206
5/18/2026 3:00,189
5/18/2026 4:00,170
5/18/2026 5:00,160
5/18/2026 6:00,145
5/18/2026 7:00,135
5/18/2026 8:00,137
5/18/2026 9:00,138
5/18/2026 10:00,145
5/18/2026 11:00,145
5/18/2026 12:00,150
5/18/2026 13:00,154
5/18/2026 14:00,158
5/18/2026 15:00,165
5/18/2026 16:00,178
5/18/2026 17:00,190
5/18/2026 18:00,210
5/18/2026 19:00,225
5/18/2026 20:00,235
5/18/2026 21:00,249
5/18/2026 22:00,260
5/18/2026 23:00,258
5/19/2026 0:00,255
5/19/2026 1:00,250
5/19/2026 2:00,239
5/19/2026 3:00,220
5/19/2026 4:00,205
5/19/2026 5:00,190
5/19/2026 6:00,160
5/19/2026 7:00,155
5/19/2026 8:00,150
5/19/2026 9:00,153
5/19/2026 10:00,140
5/19/2026 11:00,138
5/19/2026 12:00,138
5/19/2026 13:00,153
5/19/2026 14:00,159
5/19/2026 15:00,170
5/19/2026 16:00,182
5/19/2026 17:00,193
5/19/2026 18:00,200
5/19/2026 19:00,215
5/19/2026 20:00,220
5/19/2026 21:00,232
5/19/2026 22:00,238
5/19/2026 23:00,245
5/20/2026 0:00,250
5/20/2026 1:00,248
5/20/2026 2:00,238
5/20/2026 3:00,225
5/20/2026 4:00,225
5/20/2026 5:00,195
5/20/2026 6:00,185
5/20/2026 7:00,170
5/20/2026 8:00,150
5/20/2026 9:00,142
5/20/2026 10:00,140
5/20/2026 11:00,130
5/20/2026 12:00,134
5/20/2026 13:00,135
5/20/2026 14:00,145
5/20/2026 15:00,160
5/20/2026 16:00,164
5/20/2026 17:00,173
5/20/2026 18:00,187
5/20/2026 19:00,197
5/20/2026 20:00,212
5/20/2026 21:00,225
5/20/2026 22:00,228
5/20/2026 23:00,235
5/21/2026 0:00,236
5/21/2026 1:00,240
5/21/2026 2:00,242
5/21/2026 3:00,234
5/21/2026 4:00,220
5/21/2026 5:00,215
5/21/2026 6:00,198
5/21/2026 7:00,182
5/21/2026 8:00,170
5/21/2026 9:00,157
5/21/2026 10:00,150
5/21/2026 11:00,147
5/21/2026 12:00,150
5/21/2026 13:00,150
5/21/2026 14:00,154
5/21/2026 15:00,164
5/21/2026 16:00,175
5/21/2026 17:00,182
5/21/2026 18:00,197
5/21/2026 19:00,205
5/21/2026 20:00,215
5/21/2026 21:00,224
5/21/2026 22:00,224
5/21/2026 23:00,225
5/22/2026 0:00,236
5/22/2026 1:00,237
5/22/2026 2:00,225
5/22/2026 3:00,226
5/22/2026 4:00,221
5/22/2026 5:00,220
5/22/2026 6:00,205
5/22/2026 7:00,205
5/22/2026 8:00,205
5/22/2026 9:00,185
5/22/2026 10:00,170
5/22/2026 11:00,158
5/22/2026 12:00,155
5/22/2026 13:00,150
5/22/2026 14:00,150
5/22/2026 15:00,155
5/22/2026 16:00,165
5/22/2026 17:00,175
5/22/2026 18:00,185
5/22/2026 19:00,196
5/22/2026 20:00,205
5/22/2026 21:00,210
5/22/2026 22:00,213
5/22/2026 23:00,209
5/23/2026 0:00,209
5/23/2026 1:00,222
5/23/2026 2:00,215
5/23/2026 3:00,215
5/23/2026 4:00,219
5/23/2026 5:00,215
5/23/2026 6:00,214
5/23/2026 7:00,205
5/23/2026 8:00,192
5/23/2026 9:00,180
5/23/2026 10:00,175
5/23/2026 11:00,171
5/23/2026 12:00,173
5/23/2026 13:00,152
5/23/2026 14:00,158
5/23/2026 15:00,163
5/23/2026 16:00,168
5/23/2026 17:00,179
5/23/2026 18:00,188
5/23/2026 19:00,195
5/23/2026 20:00,208
5/23/2026 21:00,205
5/23/2026 22:00,208
5/23/2026 23:00,203
5/24/2026 0:00,206
5/24/2026 1:00,204
5/24/2026 2:00,202
5/24/2026 3:00,204
5/24/2026 4:00,205
5/24/2026 5:00,210
5/24/2026 6:00,207
5/24/2026 7:00,208
5/24/2026 8:00,205
5/24/2026 9:00,194
5/24/2026 10:00,180
5/24/2026 11:00,180
5/24/2026 12:00,171
5/24/2026 13:00,170
5/24/2026 14:00,166
5/24/2026 15:00,170
5/24/2026 16:00,165
5/24/2026 17:00,180
5/24/2026 18:00,193
5/24/2026 19:00,200
5/24/2026 20:00,200
5/24/2026 21:00,210
5/24/2026 22:00,202
5/24/2026 23:00,209
5/25/2026 0:00,200
5/25/2026 1:00,198
5/25/2026 2:00,190
5/25/2026 3:00,189
5/25/2026 4:00,188
5/25/2026 5:00,190
5/25/2026 6:00,190
5/25/2026 7:00,195
5/25/2026 8:00,190
5/25/2026 9:00,192
5/25/2026 10:00,186
5/25/2026 11:00,178
5/25/2026 12:00,175
5/25/2026 13:00,167
5/25/2026 14:00,169
5/25/2026 15:00,170
5/25/2026 16:00,175
5/25/2026 17:00,178
5/25/2026 18:00,185
5/25/2026 19:00,200
5/25/2026 20:00,212
5/25/2026 21:00,210
5/25/2026 22:00,214
5/25/2026 23:00,210
5/26/2026 0:00,198
5/26/2026 1:00,190
5/26/2026 2:00,185
5/26/2026 3:00,175
5/26/2026 4:00,175
5/26/2026 5:00,182
5/26/2026 6:00,178
5/26/2026 7:00,175
5/26/2026 8:00,175
5/26/2026 9:00,170
5/26/2026 10:00,172
5/26/2026 11:00,168
5/26/2026 12:00,172
5/26/2026 13:00,170
5/26/2026 14:00,175
5/26/2026 15:00,180
5/26/2026 16:00,190
5/26/2026 17:00,198
5/26/2026 18:00,198
5/26/2026 19:00,203
5/26/2026 20:00,208
5/26/2026 21:00,218
5/26/2026 22:00,216
5/26/2026 23:00,217
5/27/2026 0:00,203
5/27/2026 1:00,205
5/27/2026 2:00,188
5/27/2026 3:00,183
5/27/2026 4:00,174
5/27/2026 5:00,180
5/27/2026 6:00,170
5/27/2026 7:00,171
5/27/2026 8:00,179
5/27/2026 9:00,173
5/27/2026 10:00,181
5/27/2026 11:00,180
5/27/2026 12:00,184
5/27/2026 13:00,185
5/27/2026 14:00,188
5/27/2026 15:00,194
5/27/2026 16:00,204
5/27/2026 17:00,218
5/27/2026 18:00,230
5/27/2026 19:00,230
5/27/2026 20:00,235
5/27/2026 21:00,225
5/27/2026 22:00,235
5/27/2026 23:00,224
5/28/2026 0:00,217
5/28/2026 1:00,210
5/28/2026 2:00,195
5/28/2026 3:00,180
5/28/2026 4:00,169
5/28/2026 5:00,163
5/28/2026 6:00,160
5/28/2026 7:00,160
5/28/2026 8:00,181
5/28/2026 9:00,163
5/28/2026 10:00,164
5/28/2026 11:00,166
5/28/2026 12:00,172
5/28/2026 13:00,183
5/28/2026 14:00,190
5/28/2026 15:00,195
5/28/2026 16:00,207
5/28/2026 17:00,212
5/28/2026 18:00,218
5/28/2026 19:00,228
5/28/2026 20:00,229
5/28/2026 21:00,230
5/28/2026 22:00,220
5/28/2026 23:00,222
5/29/2026 0:00,231
5/29/2026 1:00,203
5/29/2026 2:00,193
5/29/2026 3:00,180
5/29/2026 4:00,165
5/29/2026 5:00,164
5/29/2026 6:00,152
5/29/2026 7:00,155
5/29/2026 8:00,160
5/29/2026 9:00,161
5/29/2026 10:00,165
5/29/2026 11:00,170
5/29/2026 12:00,177
5/29/2026 13:00,180
5/29/2026 14:00,193
5/29/2026 15:00,198
5/29/2026 16:00,203
5/29/2026 17:00,210
5/29/2026 18:00,220
5/29/2026 19:00,224
5/29/2026 20:00,228
5/29/2026 21:00,230
5/29/2026 22:00,233
5/29/2026 23:00,223
5/30/2026 0:00,212
5/30/2026 1:00,202
5/30/2026 2:00,192
5/30/2026 3:00,187
5/30/2026 4:00,180
5/30/2026 5:00,170
5/30/2026 6:00,170
5/30/2026 7:00,153
5/30/2026 8:00,158
5/30/2026 9:00,158
5/30/2026 10:00,158
5/30/2026 11:00,160
5/30/2026 12:00,175
5/30/2026 13:00,180
5/30/2026 14:00,190
5/30/2026 15:00,200
5/30/2026 16:00,210
5/30/2026 17:00,221
5/30/2026 18:00,223
5/30/2026 19:00,230
5/30/2026 20:00,230
5/30/2026 21:00,250
5/30/2026 22:00,235
5/30/2026 23:00,235
5/31/2026 0:00,235
5/31/2026 1:00,220
5/31/2026 2:00,210
5/31/2026 3:00,199
5/31/2026 4:00,185
5/31/2026 5:00,175
5/31/2026 6:00,163
5/31/2026 7:00,153
5/31/2026 8:00,159
5/31/2026 9:00,155
5/31/2026 10:00,155
5/31/2026 11:00,165
5/31/2026 12:00,174
5/31/2026 13:00,186
5/31/2026 14:00,189
5/31/2026 15:00,202
5/31/2026 16:00,204
5/31/2026 17:00,215
5/31/2026 18:00,224
5/31/2026 19:00,230
5/31/2026 20:00,235
5/31/2026 21:00,240
5/31/2026 22:00,239
5/31/2026 23:00,232
6/1/2026 0:00,228
6/1/2026 1:00,218
6/1/2026 2:00,216
6/1/2026 3:00,209
6/1/2026 4:00,195
6/1/2026 5:00,185
6/1/2026 6:00,169
6/1/2026 7:00,158
6/1/2026 8:00,155
6/1/2026 9:00,154
6/1/2026 10:00,160
6/1/2026 11:00,154
6/1/2026 12:00,162
6/1/2026 13:00,170
6/1/2026 14:00,182
6/1/2026 15:00,186
6/1/2026 16:00,203
6/1/2026 17:00,210
6/1/2026 18:00,214
6/1/2026 19:00,230
6/1/2026 20:00,235
6/1/2026 21:00,245
6/1/2026 22:00,242
6/1/2026 23:00,243
6/2/2026 0:00,230
6/2/2026 1:00,225
6/2/2026 2:00,212
6/2/2026 3:00,210
6/2/2026 4:00,198
6/2/2026 5:00,180
6/2/2026 6:00,150
6/2/2026 7:00,160
6/2/2026 8:00,163
6/2/2026 9:00,158
6/2/2026 10:00,154
6/2/2026 11:00,160
6/2/2026 12:00,160
6/2/2026 13:00,170
6/2/2026 14:00,185
6/2/2026 15:00,190
6/2/2026 16:00,190
6/2/2026 17:00,210
6/2/2026 18:00,219
6/2/2026 19:00,225
6/2/2026 20:00,230
6/2/2026 21:00,236
6/2/2026 22:00,239
6/2/2026 23:00,237
6/3/2026 0:00,225
6/3/2026 1:00,224
6/3/2026 2:00,219
6/3/2026 3:00,205
6/3/2026 4:00,200
6/3/2026 5:00,196
6/3/2026 6:00,179
6/3/2026 7:00,170
6/3/2026 8:00,165
6/3/2026 9:00,160
6/3/2026 10:00,155
6/3/2026 11:00,160
6/3/2026 12:00,160
6/3/2026 13:00,172
6/3/2026 14:00,174
6/3/2026 15:00,174
6/3/2026 16:00,195
6/3/2026 17:00,204
6/3/2026 18:00,208
6/3/2026 19:00,215
6/3/2026 20:00,221
6/3/2026 21:00,230
6/3/2026 22:00,240
6/3/2026 23:00,235
6/4/2026 0:00,231
6/4/2026 1:00,221
6/4/2026 2:00,217
6/4/2026 3:00,215
6/4/2026 4:00,208
6/4/2026 5:00,203
6/4/2026 6:00,187
6/4/2026 7:00,180
6/4/2026 8:00,163
6/4/2026 9:00,160
6/4/2026 10:00,162
6/4/2026 11:00,157
6/4/2026 12:00,163
6/4/2026 13:00,170
6/4/2026 14:00,174
6/4/2026 15:00,188
6/4/2026 16:00,190
6/4/2026 17:00,194
6/4/2026 18:00,198
6/4/2026 19:00,213
6/4/2026 20:00,220
6/4/2026 21:00,222
6/4/2026 22:00,228
6/4/2026 23:00,229
6/5/2026 0:00,227
6/5/2026 1:00,222
6/5/2026 2:00,220
6/5/2026 3:00,208
6/5/2026 4:00,207
6/5/2026 5:00,197
6/5/2026 6:00,201
6/5/2026 7:00,184
6/5/2026 8:00,182
6/5/2026 9:00,175
6/5/2026 10:00,175
6/5/2026 11:00,169
6/5/2026 12:00,170
6/5/2026 13:00,170
6/5/2026 14:00,176
6/5/2026 15:00,184
6/5/2026 16:00,200
6/5/2026 17:00,210
6/5/2026 18:00,219
6/5/2026 19:00,227
6/5/2026 20:00,235
6/5/2026 21:00,237
6/5/2026 22:00,240
6/5/2026 23:00,241
6/6/2026 0:00,242
6/6/2026 1:00,240
6/6/2026 2:00,231
6/6/2026 3:00,227
6/6/2026 4:00,225
6/6/2026 5:00,225
6/6/2026 6:00,218
6/6/2026 7:00,210
6/6/2026 8:00,210
6/6/2026 9:00,197
6/6/2026 10:00,192
6/6/2026 11:00,196
6/6/2026 12:00,182
6/6/2026 13:00,180
6/6/2026 14:00,182
6/6/2026 15:00,178
6/6/2026 16:00,198
6/6/2026 17:00,212
6/6/2026 18:00,223
6/6/2026 19:00,223
6/6/2026 20:00,235
6/6/2026 21:00,235
6/6/2026 22:00,235
6/6/2026 23:00,233
6/7/2026 0:00,228
6/7/2026 1:00,225
6/7/2026 2:00,220
6/7/2026 3:00,220
6/7/2026 4:00,220
6/7/2026 5:00,215
6/7/2026 6:00,205
6/7/2026 7:00,230
6/7/2026 8:00,204
6/7/2026 9:00,195
6/7/2026 10:00,185
6/7/2026 11:00,180
6/7/2026 12:00,173
6/7/2026 13:00,175
6/7/2026 14:00,168
6/7/2026 15:00,175
6/7/2026 16:00,186
6/7/2026 17:00,194
6/7/2026 18:00,210
6/7/2026 19:00,215
6/7/2026 20:00,218
6/7/2026 21:00,223
6/7/2026 22:00,220
6/7/2026 23:00,221
6/8/2026 0:00,215
6/8/2026 1:00,220
6/8/2026 2:00,210
6/8/2026 3:00,208
6/8/2026 4:00,202
6/8/2026 5:00,197
6/8/2026 6:00,200
6/8/2026 7:00,202
6/8/2026 8:00,195
6/8/2026 9:00,192
6/8/2026 10:00,190
6/8/2026 11:00,170
6/8/2026 12:00,180
6/8/2026 13:00,178
6/8/2026 14:00,181
6/8/2026 15:00,185
6/8/2026 16:00,191
6/8/2026 17:00,204
6/8/2026 18:00,210
6/8/2026 19:00,215
6/8/2026 20:00,215
6/8/2026 21:00,215
6/8/2026 22:00,205
6/8/2026 23:00,210
6/9/2026 0:00,203
6/9/2026 1:00,204
6/9/2026 2:00,203
6/9/2026 3:00,198
6/9/2026 4:00,194
6/9/2026 5:00,198
6/9/2026 6:00,198
6/9/2026 7:00,193
6/9/2026 8:00,195
6/9/2026 9:00,182
6/9/2026 10:00,180
6/9/2026 11:00,178
6/9/2026 12:00,175
6/9/2026 13:00,170
6/9/2026 14:00,170
6/9/2026 15:00,175
6/9/2026 16:00,178
6/9/2026 17:00,180
6/9/2026 18:00,197
6/9/2026 19:00,207
6/9/2026 20:00,214
6/9/2026 21:00,222
6/9/2026 22:00,217
6/9/2026 23:00,212
6/10/2026 0:00,207
6/10/2026 1:00,200
6/10/2026 2:00,200
6/10/2026 3:00,190
6/10/2026 4:00,188
6/10/2026 5:00,184
6/10/2026 6:00,185
6/10/2026 7:00,185
6/10/2026 8:00,183
6/10/2026 9:00,188
6/10/2026 10:00,185
6/10/2026 11:00,182
6/10/2026 12:00,184
6/10/2026 13:00,173
6/10/2026 14:00,180
6/10/2026 15:00,185
6/10/2026 16:00,197
6/10/2026 17:00,202
6/10/2026 18:00,210
6/10/2026 19:00,212
6/10/2026 20:00,220
6/10/2026 21:00,218
6/10/2026 22:00,223
6/10/2026 23:00,215
6/11/2026 0:00,205
6/11/2026 1:00,195
6/11/2026 2:00,185
6/11/2026 3:00,173
6/11/2026 4:00,170
6/11/2026 5:00,160
6/11/2026 6:00,167
6/11/2026 7:00,166
6/11/2026 8:00,177
6/11/2026 9:00,179
6/11/2026 10:00,181
6/11/2026 11:00,186
6/11/2026 12:00,186
6/11/2026 13:00,183
6/11/2026 14:00,187
6/11/2026 15:00,190
6/11/2026 16:00,205
6/11/2026 17:00,212
6/11/2026 18:00,220
6/11/2026 19:00,235
6/11/2026 20:00,233
6/11/2026 21:00,230
6/11/2026 22:00,224
6/11/2026 23:00,224
6/12/2026 0:00,218
6/12/2026 1:00,200
6/12/2026 2:00,194
6/12/2026 3:00,180
6/12/2026 4:00,167
6/12/2026 5:00,160
6/12/2026 6:00,161
6/12/2026 7:00,160
6/12/2026 8:00,165
6/12/2026 9:00,167
6/12/2026 10:00,173
6/12/2026 11:00,182
6/12/2026 12:00,180
6/12/2026 13:00,185
6/12/2026 14:00,195
6/12/2026 15:00,195
6/12/2026 16:00,210
6/12/2026 17:00,220
6/12/2026 18:00,233
6/12/2026 19:00,245
6/12/2026 20:00,243
6/12/2026 21:00,241
6/12/2026 22:00,235
6/12/2026 23:00,230
6/13/2026 0:00,218
6/13/2026 1:00,202
6/13/2026 2:00,194
6/13/2026 3:00,175
6/13/2026 4:00,155
6/13/2026 5:00,150
6/13/2026 6:00,145
6/13/2026 7:00,140
6/13/2026 8:00,140
6/13/2026 9:00,147
6/13/2026 10:00,150
6/13/2026 11:00,170
6/13/2026 12:00,173
6/13/2026 13:00,177
6/13/2026 14:00,192
6/13/2026 15:00,206
6/13/2026 16:00,215
6/13/2026 17:00,220
6/13/2026 18:00,233
6/13/2026 19:00,248
6/13/2026 20:00,252
6/13/2026 21:00,262
6/13/2026 22:00,248
6/13/2026 23:00,254
6/14/2026 0:00,244
6/14/2026 1:00,225
6/14/2026 2:00,210
6/14/2026 3:00,190
6/14/2026 4:00,175
6/14/2026 5:00,153
6/14/2026 6:00,150
6/14/2026 7:00,138
6/14/2026 8:00,139
6/14/2026 9:00,141
6/14/2026 10:00,154
6/14/2026 11:00,169
6/14/2026 12:00,180
6/14/2026 13:00,185
6/14/2026 14:00,200
6/14/2026 15:00,205
6/14/2026 16:00,210
6/14/2026 17:00,220
6/14/2026 18:00,230
6/14/2026 19:00,245
6/14/2026 20:00,262
6/14/2026 21:00,264
6/14/2026 22:00,259
6/14/2026 23:00,258
6/15/2026 0:00,246
6/15/2026 1:00,230
6/15/2026 2:00,220
6/15/2026 3:00,200
6/15/2026 4:00,180
6/15/2026 5:00,155
6/15/2026 6:00,148
6/15/2026 7:00,140
6/15/2026 8:00,139
6/15/2026 9:00,140
6/15/2026 10:00,146
6/15/2026 11:00,158
6/15/2026 12:00,175
6/15/2026 13:00,180
6/15/2026 14:00,183
6/15/2026 15:00,187
6/15/2026 16:00,199
6/15/2026 17:00,213
6/15/2026 18:00,220
6/15/2026 19:00,236
6/15/2026 20:00,240
6/15/2026 21:00,265
6/15/2026 22:00,263
6/15/2026 23:00,258
6/16/2026 0:00,248
6/16/2026 1:00,245
6/16/2026 2:00,223
6/16/2026 3:00,210
6/16/2026 4:00,190
6/16/2026 5:00,175
6/16/2026 6:00,153
6/16/2026 7:00,140
6/16/2026 8:00,132
6/16/2026 9:00,130
6/16/2026 10:00,138
6/16/2026 11:00,145
6/16/2026 12:00,157
6/16/2026 13:00,163
6/16/2026 14:00,175
6/16/2026 15:00,185
6/16/2026 16:00,192
6/16/2026 17:00,200
6/16/2026 18:00,210
6/16/2026 19:00,220
6/16/2026 20:00,233
6/16/2026 21:00,244
6/16/2026 22:00,250
6/16/2026 23:00,248
6/17/2026 0:00,244
6/17/2026 1:00,240
6/17/2026 2:00,227
6/17/2026 3:00,210
6/17/2026 4:00,195
6/17/2026 5:00,180
6/17/2026 6:00,162
6/17/2026 7:00,150
6/17/2026 8:00,150
6/17/2026 9:00,142
6/17/2026 10:00,145
6/17/2026 11:00,148
6/17/2026 12:00,151
6/17/2026 13:00,162
6/17/2026 14:00,170
6/17/2026 15:00,175
6/17/2026 16:00,188
6/17/2026 17:00,192
6/17/2026 18:00,200
6/17/2026 19:00,210
6/17/2026 20:00,221
6/17/2026 21:00,235
6/17/2026 22:00,250
6/17/2026 23:00,245
6/18/2026 0:00,249
6/18/2026 1:00,240
6/18/2026 2:00,240
6/18/2026 3:00,238
6/18/2026 4:00,224
6/18/2026 5:00,210
6/18/2026 6:00,194
6/18/2026 7:00,179
6/18/2026 8:00,165
6/18/2026 9:00,144
6/18/2026 10:00,140
6/18/2026 11:00,145
6/18/2026 12:00,148
6/18/2026 13:00,155
6/18/2026 14:00,157
6/18/2026 15:00,175
6/18/2026 16:00,180
6/18/2026 17:00,187
6/18/2026 18:00,192
6/18/2026 19:00,197
6/18/2026 20:00,207
6/18/2026 21:00,222
6/18/2026 22:00,225
6/18/2026 23:00,231
6/19/2026 0:00,235
6/19/2026 1:00,235
6/19/2026 2:00,227
6/19/2026 3:00,222
6/19/2026 4:00,210
6/19/2026 5:00,204
6/19/2026 6:00,193
6/19/2026 7:00,185
6/19/2026 8:00,167
6/19/2026 9:00,152
6/19/2026 10:00,140
6/19/2026 11:00,132
6/19/2026 12:00,145
6/19/2026 13:00,160
6/19/2026 14:00,154
6/19/2026 15:00,172
6/19/2026 16:00,180
6/19/2026 17:00,190
6/19/2026 18:00,198
6/19/2026 19:00,204
6/19/2026 20:00,208
6/19/2026 21:00,214
6/19/2026 22:00,215
6/19/2026 23:00,220
6/20/2026 0:00,223
6/20/2026 1:00,218
6/20/2026 2:00,213
6/20/2026 3:00,208
6/20/2026 4:00,205
6/20/2026 5:00,200
6/20/2026 6:00,197
6/20/2026 7:00,193
6/20/2026 8:00,188
6/20/2026 9:00,179
6/20/2026 10:00,170
6/20/2026 11:00,171
6/20/2026 12:00,170
6/20/2026 13:00,172
6/20/2026 14:00,174
6/20/2026 15:00,182
6/20/2026 16:00,194
6/20/2026 17:00,200
6/20/2026 18:00,206
6/20/2026 19:00,207
6/20/2026 20:00,210
6/20/2026 21:00,206
6/20/2026 22:00,213
6/20/2026 23:00,208
6/21/2026 0:00,210
6/21/2026 1:00,212
6/21/2026 2:00,210
6/21/2026 3:00,207
6/21/2026 4:00,204
6/21/2026 5:00,204
6/21/2026 6:00,204
6/21/2026 7:00,195
6/21/2026 8:00,190
6/21/2026 9:00,184
6/21/2026 10:00,175
6/21/2026 11:00,170
6/21/2026 12:00,169
6/21/2026 13:00,175
6/21/2026 14:00,180
6/21/2026 15:00,177
6/21/2026 16:00,191
6/21/2026 17:00,191
6/21/2026 18:00,205
6/21/2026 19:00,215
6/21/2026 20:00,214
6/21/2026 21:00,215
6/21/2026 22:00,215
6/21/2026 23:00,206
6/22/2026 0:00,198
6/22/2026 1:00,198
6/22/2026 2:00,195
6/22/2026 3:00,195
6/22/2026 4:00,185
6/22/2026 5:00,185
6/22/2026 6:00,186
6/22/2026 7:00,185
6/22/2026 8:00,180
6/22/2026 9:00,183
6/22/2026 10:00,178
6/22/2026 11:00,178
6/22/2026 12:00,180
6/22/2026 13:00,177
6/22/2026 14:00,184
6/22/2026 15:00,187
6/22/2026 16:00,190
6/22/2026 17:00,196
6/22/2026 18:00,215
6/22/2026 19:00,220
6/22/2026 20:00,220
6/22/2026 21:00,218
6/22/2026 22:00,215
6/22/2026 23:00,209
6/23/2026 0:00,205
6/23/2026 1:00,196
6/23/2026 2:00,182
6/23/2026 3:00,184
6/23/2026 4:00,176
6/23/2026 5:00,168
6/23/2026 6:00,170
6/23/2026 7:00,168
6/23/2026 8:00,180
6/23/2026 9:00,178
6/23/2026 10:00,180
6/23/2026 11:00,180
6/23/2026 12:00,183
6/23/2026 13:00,183
6/23/2026 14:00,186
6/23/2026 15:00,195
6/23/2026 16:00,210
6/23/2026 17:00,208
6/23/2026 18:00,218
6/23/2026 19:00,225
6/23/2026 20:00,225
6/23/2026 21:00,226
6/23/2026 22:00,228
6/23/2026 23:00,215
6/24/2026 0:00,205
6/24/2026 1:00,188
6/24/2026 2:00,185
6/24/2026 3:00,170
6/24/2026 4:00,165
6/24/2026 5:00,161
6/24/2026 6:00,155
6/24/2026 7:00,170
6/24/2026 8:00,180
6/24/2026 9:00,180
6/24/2026 10:00,187
6/24/2026 11:00,193
6/24/2026 12:00,190
6/24/2026 13:00,194
6/24/2026 14:00,200
6/24/2026 15:00,204
6/24/2026 16:00,210
6/24/2026 17:00,216
6/24/2026 18:00,230
6/24/2026 19:00,227
6/24/2026 20:00,236
6/24/2026 21:00,235
6/24/2026 22:00,231
6/24/2026 23:00,225
6/25/2026 0:00,205
6/25/2026 1:00,206
6/25/2026 2:00,194
6/25/2026 3:00,182
6/25/2026 4:00,175
6/25/2026 5:00,167
6/25/2026 6:00,163
6/25/2026 7:00,167
6/25/2026 8:00,172
6/25/2026 9:00,173
6/25/2026 10:00,182
6/25/2026 11:00,186
6/25/2026 12:00,186
6/25/2026 13:00,186
6/25/2026 14:00,188
6/25/2026 15:00,195
6/25/2026 16:00,204
6/25/2026 17:00,212
6/25/2026 18:00,220
6/25/2026 19:00,223
6/25/2026 20:00,224
6/25/2026 21:00,225
6/25/2026 22:00,220
6/25/2026 23:00,213
6/26/2026 0:00,205
6/26/2026 1:00,200
6/26/2026 2:00,185
6/26/2026 3:00,172
6/26/2026 4:00,158
6/26/2026 5:00,154
6/26/2026 6:00,150
6/26/2026 7:00,144
6/26/2026 8:00,150
6/26/2026 9:00,164
6/26/2026 10:00,171
6/26/2026 11:00,180
6/26/2026 12:00,191
6/26/2026 13:00,189
6/26/2026 14:00,197
6/26/2026 15:00,205
6/26/2026 16:00,201
6/26/2026 17:00,214
6/26/2026 18:00,225
6/26/2026 19:00,225
6/26/2026 20:00,238
6/26/2026 21:00,235
6/26/2026 22:00,235
6/26/2026 23:00,226
6/27/2026 0:00,220
6/27/2026 1:00,217
6/27/2026 2:00,200
6/27/2026 3:00,188
6/27/2026 4:00,180
6/27/2026 5:00,168
6/27/2026 6:00,155
6/27/2026 7:00,160
6/27/2026 8:00,162
6/27/2026 9:00,163
6/27/2026 10:00,165
6/27/2026 11:00,175
6/27/2026 12:00,180
6/27/2026 13:00,188
6/27/2026 14:00,196
6/27/2026 15:00,198
6/27/2026 16:00,207
6/27/2026 17:00,218
6/27/2026 18:00,227
6/27/2026 19:00,233
6/27/2026 20:00,235
6/27/2026 21:00,237
6/27/2026 22:00,241
6/27/2026 23:00,227
6/28/2026 0:00,221
6/28/2026 1:00,215
6/28/2026 2:00,203
6/28/2026 3:00,187
6/28/2026 4:00,171
6/28/2026 5:00,165
6/28/2026 6:00,155
6/28/2026 7:00,155
6/28/2026 8:00,155
6/28/2026 9:00,157
6/28/2026 10:00,160
6/28/2026 11:00,177
6/28/2026 12:00,185
6/28/2026 13:00,191
6/28/2026 14:00,191
6/28/2026 15:00,208
6/28/2026 16:00,210
6/28/2026 17:00,213
6/28/2026 18:00,227
6/28/2026 19:00,235
6/28/2026 20:00,237
6/28/2026 21:00,238
6/28/2026 22:00,235
6/28/2026 23:00,224
6/29/2026 0:00,220
6/29/2026 1:00,210
6/29/2026 2:00,195
6/29/2026 3:00,190
6/29/2026 4:00,180
6/29/2026 5:00,167
6/29/2026 6:00,159
6/29/2026 7:00,145
6/29/2026 8:00,151
6/29/2026 9:00,150
6/29/2026 10:00,152
6/29/2026 11:00,160
6/29/2026 12:00,174
6/29/2026 13:00,180
6/29/2026 14:00,187
6/29/2026 15:00,194
6/29/2026 16:00,195
6/29/2026 17:00,209
6/29/2026 18:00,210
6/29/2026 19:00,220
6/29/2026 20:00,226
6/29/2026 21:00,232
6/29/2026 22:00,228
6/29/2026 23:00,222
6/30/2026 0:00,216
6/30/2026 1:00,210
6/30/2026 2:00,196
6/30/2026 3:00,189
6/30/2026 4:00,180
6/30/2026 5:00,168
6/30/2026 6:00,170
6/30/2026 7:00,153
6/30/2026 8:00,150
6/30/2026 9:00,148
6/30/2026 10:00,149
6/30/2026 11:00,158
6/30/2026 12:00,165
6/30/2026 13:00,175
6/30/2026 14:00,183
6/30/2026 15:00,187
6/30/2026 16:00,192
6/30/2026 17:00,198
6/30/2026 18:00,210
6/30/2026 19:00,215
6/30/2026 20:00,222
6/30/2026 21:00,225
6/30/2026 22:00,221
6/30/2026 23:00,218
7/1/2026 0:00,213
7/1/2026 1:00,208
7/1/2026 2:00,197
7/1/2026 3:00,190
7/1/2026 4:00,180
7/1/2026 5:00,160
7/1/2026 6:00,150
7/1/2026 7:00,147
7/1/2026 8:00,145
7/1/2026 9:00,145
7/1/2026 10:00,150
7/1/2026 11:00,140
7/1/2026 12:00,142
7/1/2026 13:00,157
7/1/2026 14:00,160
7/1/2026 15:00,170
7/1/2026 16:00,183
7/1/2026 17:00,185
7/1/2026 18:00,193
7/1/2026 19:00,205
7/1/2026 20:00,215
7/1/2026 21:00,217
7/1/2026 22:00,220
7/1/2026 23:00,222
7/2/2026 0:00,210
7/2/2026 1:00,205
7/2/2026 2:00,195
7/2/2026 3:00,192
7/2/2026 4:00,183
7/2/2026 5:00,175
7/2/2026 6:00,162
7/2/2026 7:00,150
7/2/2026 8:00,155
7/2/2026 9:00,148
7/2/2026 10:00,150
7/2/2026 11:00,155
7/2/2026 12:00,163
7/2/2026 13:00,165
7/2/2026 14:00,178
7/2/2026 15:00,181
7/2/2026 16:00,190
7/2/2026 17:00,196
7/2/2026 18:00,205
7/2/2026 19:00,210
7/2/2026 20:00,218
7/2/2026 21:00,227
7/2/2026 22:00,226
7/2/2026 23:00,225
7/3/2026 0:00,223
7/3/2026 1:00,212
7/3/2026 2:00,210
7/3/2026 3:00,203
7/3/2026 4:00,194
7/3/2026 5:00,186
7/3/2026 6:00,175
7/3/2026 7:00,160
7/3/2026 8:00,158
7/3/2026 9:00,148
7/3/2026 10:00,155
7/3/2026 11:00,158
7/3/2026 12:00,152
7/3/2026 13:00,163
7/3/2026 14:00,173
7/3/2026 15:00,180
7/3/2026 16:00,186
7/3/2026 17:00,190
7/3/2026 18:00,197
7/3/2026 19:00,204
7/3/2026 20:00,210
7/3/2026 21:00,215
7/3/2026 22:00,217
7/3/2026 23:00,223
7/4/2026 0:00,215
7/4/2026 1:00,205
7/4/2026 2:00,195
7/4/2026 3:00,193
7/4/2026 4:00,195
7/4/2026 5:00,184
7/4/2026 6:00,182
7/4/2026 7:00,174
7/4/2026 8:00,168
7/4/2026 9:00,164
7/4/2026 10:00,164
7/4/2026 11:00,165
7/4/2026 12:00,168
7/4/2026 13:00,172
7/4/2026 14:00,174
7/4/2026 15:00,180
7/4/2026 16:00,174
7/4/2026 17:00,196
7/4/2026 18:00,205
7/4/2026 19:00,207
7/4/2026 20:00,212
7/4/2026 21:00,214
7/4/2026 22:00,218
7/4/2026 23:00,224
7/5/2026 0:00,220
7/5/2026 1:00,215
7/5/2026 2:00,205
7/5/2026 3:00,200
7/5/2026 4:00,195
7/5/2026 5:00,196
7/5/2026 6:00,191
7/5/2026 7:00,190
7/5/2026 8:00,185
7/5/2026 9:00,177
7/5/2026 10:00,174
7/5/2026 11:00,171
7/5/2026 12:00,175
7/5/2026 13:00,180
7/5/2026 14:00,175
7/5/2026 15:00,187
7/5/2026 16:00,190
7/5/2026 17:00,199
7/5/2026 18:00,204
7/5/2026 19:00,211
7/5/2026 20:00,210
7/5/2026 21:00,214
7/5/2026 22:00,218
7/5/2026 23:00,218
7/6/2026 0:00,218
7/6/2026 1:00,219
7/6/2026 2:00,210
7/6/2026 3:00,204
7/6/2026 4:00,204
7/6/2026 5:00,196
7/6/2026 6:00,192
7/6/2026 7:00,186
7/6/2026 8:00,183
7/6/2026 9:00,172
7/6/2026 10:00,174
7/6/2026 11:00,179
7/6/2026 12:00,182
7/6/2026 13:00,172
7/6/2026 14:00,190
7/6/2026 15:00,186
7/6/2026 16:00,197
7/6/2026 17:00,215
7/6/2026 18:00,208
7/6/2026 19:00,208
7/6/2026 20:00,213
7/6/2026 21:00,208
7/6/2026 22:00,212
7/6/2026 23:00,208
7/7/2026 0:00,206
7/7/2026 1:00,198
7/7/2026 2:00,190
7/7/2026 3:00,185
7/7/2026 4:00,182
7/7/2026 5:00,175
7/7/2026 6:00,180
7/7/2026 7:00,178
7/7/2026 8:00,175
7/7/2026 9:00,170
7/7/2026 10:00,166
7/7/2026 11:00,170
7/7/2026 12:00,172
7/7/2026 13:00,178
7/7/2026 14:00,182
7/7/2026 15:00,185
7/7/2026 16:00,192
7/7/2026 17:00,200
7/7/2026 18:00,210
7/7/2026 19:00,212
7/7/2026 20:00,217
7/7/2026 21:00,210
7/7/2026 22:00,208
7/7/2026 23:00,215
7/8/2026 0:00,190
7/8/2026 1:00,185
7/8/2026 2:00,180
7/8/2026 3:00,177
7/8/2026 4:00,171
7/8/2026 5:00,165
7/8/2026 6:00,160
7/8/2026 7:00,167
7/8/2026 8:00,173
7/8/2026 9:00,175
7/8/2026 10:00,177
7/8/2026 11:00,180
7/8/2026 12:00,180
7/8/2026 13:00,189
7/8/2026 14:00,190
7/8/2026 15:00,198
7/8/2026 16:00,200
7/8/2026 17:00,210
7/8/2026 18:00,214
7/8/2026 19:00,220
7/8/2026 20:00,222
7/8/2026 21:00,227
7/8/2026 22:00,210
7/8/2026 23:00,204
7/9/2026 0:00,191
7/9/2026 1:00,181
7/9/2026 2:00,175
7/9/2026 3:00,171
7/9/2026 4:00,160
7/9/2026 5:00,158
7/9/2026 6:00,169
7/9/2026 7:00,168
7/9/2026 8:00,170
7/9/2026 9:00,174
7/9/2026 10:00,171
7/9/2026 11:00,171
7/9/2026 12:00,180
7/9/2026 13:00,178
7/9/2026 14:00,192
7/9/2026 15:00,198
7/9/2026 16:00,202
7/9/2026 17:00,222
7/9/2026 18:00,217
7/9/2026 19:00,223
7/9/2026 20:00,222
7/9/2026 21:00,218
7/9/2026 22:00,209
7/9/2026 23:00,205
7/10/2026 0:00,190
7/10/2026 1:00,180
7/10/2026 2:00,165
7/10/2026 3:00,155
7/10/2026 4:00,145
7/10/2026 5:00,150
7/10/2026 6:00,150
7/10/2026 7:00,145
7/10/2026 8:00,165
7/10/2026 9:00,172
7/10/2026 10:00,171
7/10/2026 11:00,174
7/10/2026 12:00,180
7/10/2026 13:00,183
7/10/2026 14:00,192
7/10/2026 15:00,204
7/10/2026 16:00,210
7/10/2026 17:00,220
7/10/2026 18:00,228
7/10/2026 19:00,235
7/10/2026 20:00,237
7/10/2026 21:00,232
7/10/2026 22:00,225
7/10/2026 23:00,227
7/11/2026 0:00,205
7/11/2026 1:00,182
7/11/2026 2:00,178
7/11/2026 3:00,155
7/11/2026 4:00,142
7/11/2026 5:00,140
7/11/2026 6:00,138
7/11/2026 7:00,153
7/11/2026 8:00,163
7/11/2026 9:00,168
7/11/2026 10:00,173
7/11/2026 11:00,182
7/11/2026 12:00,185
7/11/2026 13:00,187
7/11/2026 14:00,190
7/11/2026 15:00,200
7/11/2026 16:00,210
7/11/2026 17:00,224
7/11/2026 18:00,235
7/11/2026 19:00,242
7/11/2026 20:00,248
7/11/2026 21:00,248
7/11/2026 22:00,233
7/11/2026 23:00,227
7/12/2026 0:00,210
7/12/2026 1:00,192
7/12/2026 2:00,175
7/12/2026 3:00,158
7/12/2026 4:00,140
7/12/2026 5:00,132
7/12/2026 6:00,130
7/12/2026 7:00,135
7/12/2026 8:00,145
7/12/2026 9:00,150
7/12/2026 10:00,163
7/12/2026 11:00,173
7/12/2026 12:00,183
7/12/2026 13:00,188
7/12/2026 14:00,186
7/12/2026 15:00,191
7/12/2026 16:00,198
7/12/2026 17:00,215
7/12/2026 18:00,218
7/12/2026 19:00,235
7/12/2026 20:00,237
7/12/2026 21:00,240
7/12/2026 22:00,235
7/12/2026 23:00,228
7/13/2026 0:00,218
7/13/2026 1:00,203
7/13/2026 2:00,201
7/13/2026 3:00,169
7/13/2026 4:00,150
7/13/2026 5:00,140
7/13/2026 6:00,129
7/13/2026 7:00,125
7/13/2026 8:00,140
7/13/2026 9:00,142
7/13/2026 10:00,151
7/13/2026 11:00,165
7/13/2026 12:00,168
7/13/2026 13:00,175
7/13/2026 14:00,187
7/13/2026 15:00,188
7/13/2026 16:00,192
7/13/2026 17:00,207
7/13/2026 18:00,217
7/13/2026 19:00,235
7/13/2026 20:00,240
7/13/2026 21:00,248
7/13/2026 22:00,244
7/13/2026 23:00,240
7/14/2026 0:00,232
7/14/2026 1:00,220
7/14/2026 2:00,207
7/14/2026 3:00,193
7/14/2026 4:00,170
7/14/2026 5:00,160
7/14/2026 6:00,140
7/14/2026 7:00,138
7/14/2026 8:00,145
7/14/2026 9:00,150
7/14/2026 10:00,156
7/14/2026 11:00,165
7/14/2026 12:00,180
7/14/2026 13:00,183
7/14/2026 14:00,190
7/14/2026 15:00,195
7/14/2026 16:00,197
7/14/2026 17:00,205
7/14/2026 18:00,218
7/14/2026 19:00,231
7/14/2026 20:00,245
7/14/2026 21:00,254
7/14/2026 22:00,255
7/14/2026 23:00,253
7/15/2026 0:00,244
7/15/2026 1:00,239
7/15/2026 2:00,225
7/15/2026 3:00,213
7/15/2026 4:00,191
7/15/2026 5:00,171
7/15/2026 6:00,157
7/15/2026 7:00,146
7/15/2026 8:00,140
7/15/2026 9:00,145
7/15/2026 10:00,150
7/15/2026 11:00,152
7/15/2026 12:00,164
7/15/2026 13:00,175
7/15/2026 14:00,185
7/15/2026 15:00,187
7/15/2026 16:00,187
7/15/2026 17:00,192
7/15/2026 18:00,207
7/15/2026 19:00,215
7/15/2026 20:00,227
7/15/2026 21:00,242
7/15/2026 22:00,247
7/15/2026 23:00,247
7/16/2026 0:00,247
7/16/2026 1:00,237
7/16/2026 2:00,225
7/16/2026 3:00,218
7/16/2026 4:00,205
7/16/2026 5:00,188
7/16/2026 6:00,165
7/16/2026 7:00,155
7/16/2026 8:00,150
7/16/2026 9:00,144
7/16/2026 10:00,150
7/16/2026 11:00,154
7/16/2026 12:00,164
7/16/2026 13:00,177
7/16/2026 14:00,182
7/16/2026 15:00,188
7/16/2026 16:00,190
7/16/2026 17:00,195
7/16/2026 18:00,195
7/16/2026 19:00,210
7/16/2026 20:00,218
7/16/2026 21:00,220
7/16/2026 22:00,228
7/16/2026 23:00,233
7/17/2026 0:00,233
7/17/2026 1:00,226
7/17/2026 2:00,220
7/17/2026 3:00,217
7/17/2026 4:00,200
7/17/2026 5:00,190
7/17/2026 6:00,177
7/17/2026 7:00,168
7/17/2026 8:00,160
7/17/2026 9:00,156
7/17/2026 10:00,160
7/17/2026 11:00,165
7/17/2026 12:00,170
7/17/2026 13:00,174
7/17/2026 14:00,182
7/17/2026 15:00,190
7/17/2026 16:00,196
7/17/2026 17:00,190
7/17/2026 18:00,195
7/17/2026 19:00,198
7/17/2026 20:00,205
7/17/2026 21:00,217
7/17/2026 22:00,224
7/17/2026 23:00,225
7/18/2026 0:00,225
7/18/2026 1:00,220
7/18/2026 2:00,223
7/18/2026 3:00,206
7/18/2026 4:00,200
7/18/2026 5:00,198
7/18/2026 6:00,190
7/18/2026 7:00,178
7/18/2026 8:00,174
7/18/2026 9:00,163
7/18/2026 10:00,168
7/18/2026 11:00,174
7/18/2026 12:00,178
7/18/2026 13:00,173
7/18/2026 14:00,184
7/18/2026 15:00,188
7/18/2026 16:00,192
7/18/2026 17:00,197
7/18/2026 18:00,197
7/18/2026 19:00,205
7/18/2026 20:00,210
7/18/2026 21:00,212
7/18/2026 22:00,213
7/18/2026 23:00,216
7/19/2026 0:00,217
7/19/2026 1:00,208
7/19/2026 2:00,203
7/19/2026 3:00,198
7/19/2026 4:00,195
7/19/2026 5:00,193
7/19/2026 6:00,187
7/19/2026 7:00,184
7/19/2026 8:00,176
7/19/2026 9:00,170
7/19/2026 10:00,168
7/19/2026 11:00,170
7/19/2026 12:00,178
7/19/2026 13:00,182
7/19/2026 14:00,178
7/19/2026 15:00,188
7/19/2026 16:00,195
7/19/2026 17:00,198
7/19/2026 18:00,200
7/19/2026 19:00,204
7/19/2026 20:00,210
7/19/2026 21:00,200
7/19/2026 22:00,204
7/19/2026 23:00,196
7/20/2026 0:00,193
7/20/2026 1:00,190
7/20/2026 2:00,180
7/20/2026 3:00,183
7/20/2026 4:00,172
7/20/2026 5:00,180
7/20/2026 6:00,173
7/20/2026 7:00,173
7/20/2026 8:00,175
7/20/2026 9:00,176
7/20/2026 10:00,177
7/20/2026 11:00,183
7/20/2026 12:00,182
7/20/2026 13:00,190
7/20/2026 14:00,195
7/20/2026 15:00,200
7/20/2026 16:00,201
7/20/2026 17:00,212
7/20/2026 18:00,216
7/20/2026 19:00,217
7/20/2026 20:00,218
7/20/2026 21:00,218
7/20/2026 22:00,210
7/20/2026 23:00,203
7/21/2026 0:00,197
7/21/2026 1:00,190
7/21/2026 2:00,186
7/21/2026 3:00,175
7/21/2026 4:00,170
7/21/2026 5:00,168
7/21/2026 6:00,170
7/21/2026 7:00,175
7/21/2026 8:00,178
7/21/2026 9:00,179
7/21/2026 10:00,183
7/21/2026 11:00,177
7/21/2026 12:00,184
7/21/2026 13:00,193
7/21/2026 14:00,194
7/21/2026 15:00,198
7/21/2026 16:00,210
7/21/2026 17:00,214
7/21/2026 18:00,219
7/21/2026 19:00,225
7/21/2026 20:00,223
7/21/2026 21:00,223
7/21/2026 22:00,227
7/21/2026 23:00,200
7/22/2026 0:00,185
7/22/2026 1:00,173
7/22/2026 2:00,165
7/22/2026 3:00,155
7/22/2026 4:00,150
7/22/2026 5:00,155
7/22/2026 6:00,155
7/22/2026 7:00,155
7/22/2026 8:00,165
7/22/2026 9:00,168
7/22/2026 10:00,170
7/22/2026 11:00,171
7/22/2026 12:00,180
7/22/2026 13:00,182
7/22/2026 14:00,198
7/22/2026 15:00,200
7/22/2026 16:00,210
7/22/2026 17:00,213
7/22/2026 18:00,215
7/22/2026 19:00,220
7/22/2026 20:00,220
7/22/2026 21:00,225
7/22/2026 22:00,217
7/22/2026 23:00,198
7/23/2026 0:00,186
7/23/2026 1:00,172
7/23/2026 2:00,162
7/23/2026 3:00,160
7/23/2026 4:00,143
7/23/2026 5:00,142
7/23/2026 6:00,143
7/23/2026 7:00,152
7/23/2026 8:00,167
7/23/2026 9:00,170
7/23/2026 10:00,174
7/23/2026 11:00,180
7/23/2026 12:00,185
7/23/2026 13:00,186
7/23/2026 14:00,190
7/23/2026 15:00,199
7/23/2026 16:00,201
7/23/2026 17:00,213
7/23/2026 18:00,220
7/23/2026 19:00,222
7/23/2026 20:00,228
7/23/2026 21:00,230
7/23/2026 22:00,221
7/23/2026 23:00,210
7/24/2026 0:00,196
7/24/2026 1:00,175
7/24/2026 2:00,163
7/24/2026 3:00,154
7/24/2026 4:00,154
7/24/2026 5:00,135
7/24/2026 6:00,135
7/24/2026 7:00,150
7/24/2026 8:00,155
7/24/2026 9:00,168
7/24/2026 10:00,177
7/24/2026 11:00,184
7/24/2026 12:00,182
7/24/2026 13:00,186
7/24/2026 14:00,190
7/24/2026 15:00,198
7/24/2026 16:00,204
7/24/2026 17:00,203
7/24/2026 18:00,218
7/24/2026 19:00,219
7/24/2026 20:00,225
7/24/2026 21:00,225
7/24/2026 22:00,225
7/24/2026 23:00,222
7/25/2026 0:00,222
7/25/2026 1:00,185
7/25/2026 2:00,174
7/25/2026 3:00,164
7/25/2026 4:00,145
7/25/2026 5:00,142
7/25/2026 6:00,142
7/25/2026 7:00,150
7/25/2026 8:00,158
7/25/2026 9:00,161
7/25/2026 10:00,174
7/25/2026 11:00,179
7/25/2026 12:00,185
7/25/2026 13:00,186
7/25/2026 14:00,183
7/25/2026 15:00,190
7/25/2026 16:00,195
7/25/2026 17:00,207
7/25/2026 18:00,212
7/25/2026 19:00,220
7/25/2026 20:00,226
7/25/2026 21:00,230
7/25/2026 22:00,220
7/25/2026 23:00,210
7/26/2026 0:00,195
7/26/2026 1:00,192
7/26/2026 2:00,176
7/26/2026 3:00,170
7/26/2026 4:00,145
7/26/2026 5:00,135
7/26/2026 6:00,130
7/26/2026 7:00,132
7/26/2026 8:00,138
7/26/2026 9:00,148
7/26/2026 10:00,158
7/26/2026 11:00,160
7/26/2026 12:00,172
7/26/2026 13:00,180
7/26/2026 14:00,181
7/26/2026 15:00,186
7/26/2026 16:00,194
7/26/2026 17:00,200
7/26/2026 18:00,212
7/26/2026 19:00,220
7/26/2026 20:00,226
7/26/2026 21:00,224
7/26/2026 22:00,220
7/26/2026 23:00,218
7/27/2026 0:00,210
7/27/2026 1:00,200
7/27/2026 2:00,190
7/27/2026 3:00,170
7/27/2026 4:00,158
7/27/2026 5:00,158
7/27/2026 6:00,142
7/27/2026 7:00,135
7/27/2026 8:00,135
7/27/2026 9:00,148
7/27/2026 10:00,153
7/27/2026 11:00,175
7/27/2026 12:00,175
7/27/2026 13:00,179
7/27/2026 14:00,184
7/27/2026 15:00,194
7/27/2026 16:00,197
7/27/2026 17:00,206
7/27/2026 18:00,215
7/27/2026 19:00,227
7/27/2026 20:00,230
7/27/2026 21:00,232
7/27/2026 22:00,228
7/27/2026 23:00,223
7/28/2026 0:00,213
7/28/2026 1:00,202
7/28/2026 2:00,193
7/28/2026 3:00,185
7/28/2026 4:00,167
7/28/2026 5:00,158
7/28/2026 6:00,145
7/28/2026 7:00,145
7/28/2026 8:00,142
7/28/2026 9:00,143
7/28/2026 10:00,150
7/28/2026 11:00,162
7/28/2026 12:00,170
7/28/2026 13:00,178
7/28/2026 14:00,180
7/28/2026 15:00,182
7/28/2026 16:00,188
7/28/2026 17:00,198
7/28/2026 18:00,208
7/28/2026 19:00,218
7/28/2026 20:00,230
7/28/2026 21:00,222
7/28/2026 22:00,223
7/28/2026 23:00,218
7/29/2026 0:00,210
7/29/2026 1:00,203
7/29/2026 2:00,193
7/29/2026 3:00,190
7/29/2026 4:00,170
7/29/2026 5:00,165
7/29/2026 6:00,150
7/29/2026 7:00,150
7/29/2026 8:00,153
7/29/2026 9:00,153
7/29/2026 10:00,156
7/29/2026 11:00,160
7/29/2026 12:00,160
7/29/2026 13:00,175
7/29/2026 14:00,180
7/29/2026 15:00,185
7/29/2026 16:00,190
7/29/2026 17:00,200
7/29/2026 18:00,210
7/29/2026 19:00,218
7/29/2026 20:00,225
7/29/2026 21:00,221
7/29/2026 22:00,225
7/29/2026 23:00,218
7/30/2026 0:00,218
7/30/2026 1:00,208
7/30/2026 2:00,200
7/30/2026 3:00,190
7/30/2026 4:00,175
7/30/2026 5:00,170
7/30/2026 6:00,160
7/30/2026 7:00,165
7/30/2026 8:00,150
7/30/2026 9:00,154
7/30/2026 10:00,158
7/30/2026 11:00,165
7/30/2026 12:00,166
7/30/2026 13:00,170
7/30/2026 14:00,175
7/30/2026 15:00,185
7/30/2026 16:00,190
7/30/2026 17:00,193
7/30/2026 18:00,207
7/30/2026 19:00,210
7/30/2026 20:00,218
7/30/2026 21:00,227
7/30/2026 22:00,225
7/30/2026 23:00,225
7/31/2026 0:00,216
7/31/2026 1:00,207
7/31/2026 2:00,205
7/31/2026 3:00,199
7/31/2026 4:00,185
7/31/2026 5:00,173
7/31/2026 6:00,173
7/31/2026 7:00,162
7/31/2026 8:00,150
7/31/2026 9:00,160
7/31/2026 10:00,163
7/31/2026 11:00,168
7/31/2026 12:00,162
2026-07-31 13:00:00,174.0
2026-07-31 14:00:00,178.0
2026-07-31 15:00:00,182.0
2026-07-31 16:00:00,188.0
2026-07-31 17:00:00,190.0
2026-07-31 18:00:00,198.0
2026-07-31 19:00:00,205.0
2026-07-31 20:00:00,217.0
2026-07-31 21:00:00,214.0
2026-07-31 22:00:00,230.0
2026-07-31 23:00:00,225.0
2026-08-01 00:00:00,220.0
2026-08-01 01:00:00,208.0
2026-08-01 02:00:00,200.0
2026-08-01 03:00:00,197.0
2026-08-01 04:00:00,190.0
2026-08-01 05:00:00,184.0
2026-08-01 06:00:00,176.0
2026-08-01 07:00:00,168.0
2026-08-01 08:00:00,174.0
2026-08-01 09:00:00,170.0
2026-08-01 10:00:00,175.0
2026-08-01 11:00:00,175.0
2026-08-01 12:00:00,180.0
2026-08-01 13:00:00,180.0
2026-08-01 14:00:00,180.0
2026-08-01 15:00:00,183.0
2026-08-01 16:00:00,185.0
2026-08-01 17:00:00,194.0
2026-08-01 18:00:00,198.0
2026-08-01 20:00:00,208.0
2026-08-01 21:00:00,215.0
2026-08-01 23:00:00,220.0
2026-08-02 00:00:00,215.0
2026-08-02 01:00:00,204.0
2026-08-02 02:00:00,200.0
2026-08-02 03:00:00,195.0
2026-08-02 04:00:00,192.0
2026-08-02 05:00:00,190.0
2026-08-02 06:00:00,185.0
2026-08-02 07:00:00,180.0
2026-08-02 08:00:00,172.0
2026-08-02 09:00:00,170.0
2026-08-02 10:00:00,174.0
2026-08-02 11:00:00,175.0
2026-08-02 12:00:00,178.0
2026-08-02 14:00:00,183.0
2026-08-02 15:00:00,189.0
2026-08-02 16:00:00,194.0
2026-08-02 17:00:00,202.0
2026-08-02 18:00:00,205.0
2026-08-02 19:00:00,213.0
2026-08-02 20:00:00,214.0
2026-08-02 21:00:00,213.0
2026-08-02 22:00:00,217.0
2026-08-02 23:00:00,218.0
2026-08-03 01:00:00,208.0
2026-08-03 02:00:00,193.0
2026-08-03 03:00:00,193.0
2026-08-03 04:00:00,190.0
2026-08-03 05:00:00,185.0
2026-08-03 06:00:00,184.0
2026-08-03 07:00:00,184.0
2026-08-03 08:00:00,179.0
2026-08-03 09:00:00,170.0
2026-08-03 10:00:00,177.0
2026-08-03 11:00:00,184.0
2026-08-03 12:00:00,175.0
2026-08-03 13:00:00,190.0
2026-08-03 14:00:00,192.0
2026-08-03 15:00:00,194.0
2026-08-03 16:00:00,200.0
2026-08-03 18:00:00,204.0
2026-08-03 19:00:00,198.0
2026-08-03 20:00:00,213.0
2026-08-03 21:00:00,203.0
2026-08-03 22:00:00,215.0
2026-08-03 23:00:00,209.0
2026-08-04 00:00:00,200.0
2026-08-04 01:00:00,197.0
2026-08-04 02:00:00,185.0
2026-08-04 03:00:00,172.0
2026-08-04 05:00:00,177.0
2026-08-04 06:00:00,176.0
2026-08-04 08:00:00,177.0
2026-08-04 09:00:00,173.0
2026-08-04 10:00:00,178.0
2026-08-04 11:00:00,184.0
2026-08-04 12:00:00,188.0
2026-08-04 13:00:00,187.0
2026-08-04 14:00:00,188.0
2026-08-04 15:00:00,195.0
2026-08-04 16:00:00,200.0
2026-08-04 17:00:00,204.0
2026-08-04 18:00:00,210.0
2026-08-04 19:00:00,207.0
2026-08-04 20:00:00,206.0
2026-08-04 21:00:00,200.0
2026-08-04 22:00:00,200.0
2026-08-04 23:00:00,190.0
2026-08-05 00:00:00,190.0
2026-08-05 01:00:00,182.0
2026-08-05 02:00:00,172.0
2026-08-05 03:00:00,165.0
2026-08-05 04:00:00,163.0
2026-08-05 05:00:00,163.0
2026-08-05 06:00:00,163.0
2026-08-05 07:00:00,169.0
2026-08-05 08:00:00,172.0
2026-08-05 09:00:00,178.0
2026-08-05 10:00:00,175.0
2026-08-05 11:00:00,183.0
2026-08-05 12:00:00,190.0
2026-08-05 13:00:00,195.0
2026-08-05 14:00:00,197.0
2026-08-05 15:00:00,208.0
2026-08-05 16:00:00,210.0
2026-08-05 17:00:00,219.0
2026-08-05 18:00:00,215.0
2026-08-05 19:00:00,225.0
2026-08-05 20:00:00,222.0
2026-08-05 21:00:00,215.0
2026-08-05 22:00:00,205.0
2026-08-05 23:00:00,190.0
2026-08-06 00:00:00,182.0
2026-08-06 01:00:00,172.0
2026-08-06 02:00:00,165.0
2026-08-06 03:00:00,158.0
2026-08-06 04:00:00,153.0
2026-08-06 05:00:00,155.0
2026-08-06 06:00:00,170.0
2026-08-06 07:00:00,164.0
2026-08-06 08:00:00,167.0
2026-08-06 09:00:00,170.0
2026-08-06 10:00:00,174.0
2026-08-06 11:00:00,178.0
2026-08-06 12:00:00,182.0
2026-08-06 13:00:00,195.0
2026-08-06 14:00:00,204.0
2026-08-06 15:00:00,210.0
2026-08-06 16:00:00,213.0
2026-08-06 17:00:00,218.0
2026-08-06 18:00:00,223.0
2026-08-06 19:00:00,230.0
2026-08-06 20:00:00,228.0
2026-08-06 21:00:00,225.0
2026-08-06 22:00:00,210.0
2026-08-07 05:00:00,138.0
2026-08-07 06:00:00,140.0
2026-08-07 07:00:00,156.0
2026-08-07 08:00:00,174.0
2026-08-07 09:00:00,175.0
2026-08-07 10:00:00,180.0
2026-08-07 11:00:00,185.0
2026-08-07 12:00:00,189.0
2026-08-07 13:00:00,194.0
2026-08-07 14:00:00,208.0
2026-08-07 15:00:00,214.0
2026-08-07 16:00:00,220.0
2026-08-07 17:00:00,226.0
2026-08-07 18:00:00,230.0
2026-08-07 19:00:00,232.0
2026-08-07 20:00:00,237.0
2026-08-07 21:00:00,231.0
2026-08-07 22:00:00,222.0
2026-08-07 23:00:00,205.0
2026-08-08 00:00:00,182.0
2026-08-08 01:00:00,165.0
2026-08-08 02:00:00,149.0
2026-08-08 03:00:00,137.0
2026-08-08 05:00:00,130.0
2026-08-08 06:00:00,140.0
2026-08-08 07:00:00,150.0
2026-08-08 08:00:00,165.0
2026-08-08 09:00:00,170.0
2026-08-08 10:00:00,182.0
2026-08-08 11:00:00,184.0
2026-08-08 12:00:00,185.0
2026-08-08 13:00:00,186.0
2026-08-08 14:00:00,196.0
2026-08-08 15:00:00,208.0
2026-08-08 16:00:00,214.0
2026-08-08 17:00:00,217.0
2026-08-08 18:00:00,221.0
2026-08-08 19:00:00,232.0
2026-08-08 20:00:00,232.0
2026-08-08 21:00:00,230.0
2026-08-08 22:00:00,230.0
2026-08-08 23:00:00,210.0
2026-08-09 00:00:00,202.0
2026-08-09 01:00:00,167.0
2026-08-09 02:00:00,150.0
2026-08-09 03:00:00,135.0
2026-08-09 04:00:00,126.0
2026-08-09 05:00:00,123.0
2026-08-09 06:00:00,127.0
2026-08-09 07:00:00,128.0
2026-08-09 08:00:00,140.0
2026-08-09 10:00:00,164.0
2026-08-09 11:00:00,177.0
2026-08-09 13:00:00,190.0
2026-08-09 14:00:00,188.0
2026-08-09 15:00:00,198.0
2026-08-09 16:00:00,203.0
2026-08-09 17:00:00,212.0
2026-08-09 18:00:00,220.0
2026-08-09 19:00:00,228.0
2026-08-09 20:00:00,233.0
2026-08-09 21:00:00,234.0
2026-08-09 22:00:00,228.0
2026-08-09 23:00:00,212.0
2026-08-10 00:00:00,205.0
2026-08-10 01:00:00,182.0
2026-08-10 02:00:00,165.0
2026-08-10 03:00:00,142.0
2026-08-10 04:00:00,134.0
2026-08-10 05:00:00,130.0
2026-08-10 06:00:00,125.0
2026-08-10 07:00:00,128.0
2026-08-10 08:00:00,142.0
2026-08-10 09:00:00,155.0
2026-08-10 10:00:00,165.0
2026-08-10 11:00:00,180.0
2026-08-10 12:00:00,186.0
2026-08-10 13:00:00,188.0
2026-08-10 14:00:00,188.0
2026-08-10 15:00:00,190.0
2026-08-10 16:00:00,200.0
2026-08-10 17:00:00,210.0
2026-08-10 18:00:00,220.0
2026-08-10 19:00:00,228.0
2026-08-10 20:00:00,238.0
2026-08-10 21:00:00,235.0
2026-08-10 22:00:00,230.0
2026-08-10 23:00:00,220.0
2026-08-11 00:00:00,208.0
2026-08-11 01:00:00,194.0
2026-08-11 02:00:00,175.0
2026-08-11 03:00:00,158.0
2026-08-11 04:00:00,140.0
2026-08-11 05:00:00,130.0
2026-08-11 06:00:00,124.0
2026-08-11 07:00:00,130.0
2026-08-11 08:00:00,135.0
2026-08-11 09:00:00,149.0
2026-08-11 10:00:00,155.0
2026-08-11 11:00:00,163.0
2026-08-11 12:00:00,175.0
2026-08-11 13:00:00,179.0
2026-08-11 14:00:00,187.0
2026-08-11 15:00:00,184.0
2026-08-11 16:00:00,190.0
2026-08-11 17:00:00,198.0
2026-08-11 18:00:00,214.0
2026-08-11 19:00:00,221.0
2026-08-11 20:00:00,234.0
2026-08-11 21:00:00,242.0
2026-08-11 22:00:00,240.0
2026-08-11 23:00:00,235.0
2026-08-12 00:00:00,233.0
2026-08-12 01:00:00,210.0
2026-08-12 02:00:00,192.0
2026-08-12 03:00:00,170.0
2026-08-12 04:00:00,155.0
2026-08-12 05:00:00,145.0
2026-08-12 06:00:00,132.0
2026-08-12 07:00:00,132.0
2026-08-12 08:00:00,140.0
2026-08-12 09:00:00,146.0
2026-08-12 10:00:00,157.0
2026-08-12 11:00:00,160.0
2026-08-12 12:00:00,178.0
2026-08-12 13:00:00,180.0
2026-08-12 14:00:00,183.0
2026-08-12 15:00:00,185.0
2026-08-12 16:00:00,188.0
2026-08-12 17:00:00,186.0
